1502369296029	0.0	0.0	0.0	0.0
1502369301368	0.0	-0.25	0.0	0.0
1502369301398	0.0	-0.25	0.0	0.0
1502369301433	0.0	-0.25	0.0	0.0
1502369301466	0.0	-0.25	0.0	0.0
1502369301497	0.0	-0.25	0.0	0.0
1502369301530	0.0	-0.25	0.0	0.0
1502369301562	0.0	-0.25	0.0	0.0
1502369301593	0.0	-0.25	0.0	0.0
1502369301626	0.0	-0.25	0.0	0.0
1502369301657	0.0	-0.25	0.0	0.0
1502369301688	0.0	-0.25	0.0	0.0
1502369301723	0.0	-0.25	0.0	0.0
1502369301756	0.0	-0.25	0.0	0.0
1502369301786	0.0	-0.25	0.0	0.0
1502369301817	0.0	-0.25	0.0	0.0
1502369301849	0.0	-0.25	0.0	0.0
1502369301883	0.0	-0.25	0.0	0.0
1502369301889	0.0	-0.25	0.0	0.0
1502369301923	0.0	-0.25	0.0	0.0
1502369301958	0.0	-0.25	0.0	0.0
1502369301971	0.0	-0.25	0.0	0.0
1502369302001	0.0	-0.25	0.0	0.0
1502369302032	0.0	-0.25	0.0	0.0
1502369302051	0.0	-0.25	0.0	0.0
1502369302082	0.0	-0.25	0.0	0.0
1502369302113	0.0	-0.25	0.0	0.0
1502369302132	0.0	-0.25	0.0	0.0
1502369302166	0.0	-0.25	0.0	0.0
1502369302199	0.0	-0.25	0.0	0.0
1502369302219	0.0	-0.25	0.0	0.0
1502369302250	0.0	-0.25	0.0	0.0
1502369302283	0.0	-0.25	0.0	0.0
1502369302309	0.0	-0.25	0.0	0.0
1502369302340	0.0	-0.25	0.0	0.0
1502369302373	0.0	-0.25	0.0	0.0
1502369302395	0.0	-0.25	0.0	0.0
1502369302427	0.0	-0.25	0.0	0.0
1502369302458	0.0	-0.25	0.0	0.0
1502369302488	0.0	-0.25	0.0	0.0
1502369302491	0.0	-0.25	0.0	0.0
1502369302523	0.0	-0.25	0.0	0.0
1502369302556	0.0	-0.25	0.0	0.0
1502369302575	0.0	-0.25	0.0	0.0
1502369302607	0.0	-0.25	0.0	0.0
1502369302638	0.0	-0.25	0.0	0.0
1502369302660	0.0	-0.25	0.0	0.0
1502369302693	0.0	-0.25	0.0	0.0
1502369302724	0.0	-0.25	0.0	0.0
1502369302756	0.0	-0.25	0.0	0.0
1502369302787	0.0	-0.25	0.0	0.0
1502369302822	0.0	-0.25	0.0	0.0
1502369302843	0.0	-0.25	0.0	0.0
1502369302875	0.0	-0.25	0.0	0.0
1502369302906	0.0	-0.25	0.0	0.0
1502369302923	0.0	-0.25	0.0	0.0
1502369302958	0.0	-0.25	0.0	0.0
1502369302972	0.0	0.0	0.0	0.0
1502369306661	0.0	0.0	0.0	0.25
1502369306692	0.0	0.0	0.0	0.25
1502369306723	0.0	0.0	0.0	0.25
1502369306756	0.0	0.0	0.0	0.25
1502369306787	0.0	0.0	0.0	0.25
1502369306817	0.0	0.0	0.0	0.25
1502369306850	0.0	0.0	0.0	0.25
1502369306882	0.0	0.0	0.0	0.25
1502369306916	0.0	0.0	0.0	0.25
1502369306950	0.0	0.0	0.0	0.25
1502369306983	0.0	0.0	0.0	0.25
1502369307017	0.0	0.0	0.0	0.25
1502369307048	0.0	0.0	0.0	0.25
1502369307082	0.0	0.0	0.0	0.25
1502369307116	0.0	0.0	0.0	0.25
1502369307150	0.0	0.0	0.0	0.25
1502369307177	0.0	0.0	0.0	0.25
1502369307209	0.0	0.0	0.0	0.25
1502369307240	0.0	0.0	0.0	0.25
1502369307264	0.0	0.0	0.0	0.25
1502369307294	0.0	0.0	0.0	0.25
1502369307325	0.0	0.0	0.0	0.25
1502369307353	0.0	0.0	0.0	0.25
1502369307384	0.0	0.0	0.0	0.25
1502369307416	0.0	0.0	0.0	0.25
1502369307446	0.0	0.0	0.0	0.25
1502369307477	0.0	0.0	0.0	0.25
1502369307508	0.0	0.0	0.0	0.25
1502369307538	0.0	0.0	0.0	0.25
1502369307541	0.0	0.0	0.0	0.25
1502369307573	0.0	0.0	0.0	0.25
1502369307606	0.0	0.0	0.0	0.25
1502369307630	0.0	0.0	0.0	0.25
1502369307660	0.0	0.0	0.0	0.25
1502369307693	0.0	0.0	0.0	0.25
1502369307716	0.0	0.0	0.0	0.25
1502369307748	0.0	0.0	0.0	0.25
1502369307779	0.0	0.0	0.0	0.25
1502369307810	0.0	0.0	0.0	0.25
1502369307820	0.0	0.0	0.0	0.25
1502369307850	0.0	0.0	0.0	0.25
1502369307883	0.0	0.0	0.0	0.25
1502369307917	0.0	0.0	0.0	0.25
1502369307918	0.0	0.0	0.0	0.25
1502369307950	0.0	0.0	0.0	0.25
1502369307983	0.0	0.0	0.0	0.25
1502369308013	0.0	0.0	0.0	0.25
1502369308014	0.0	0.0	0.0	0.25
1502369308044	0.0	0.0	0.0	0.25
1502369308075	0.0	0.0	0.0	0.25
1502369308108	0.0	0.0	0.0	0.25
1502369308113	0.0	0.0	0.0	0.25
1502369308145	0.0	0.0	0.0	0.25
1502369308179	0.0	0.0	0.0	0.25
1502369308199	0.0	0.0	0.0	0.25
1502369308233	0.0	0.0	0.0	0.25
1502369308249	0.0	0.0	0.0	0.25
1502369308283	0.0	0.0	0.0	0.25
1502369308293	0.0	0.0	0.0	0.25
1502369308323	0.0	0.0	0.0	0.25
1502369308342	0.0	0.0	0.0	0.25
1502369308377	0.0	0.0	0.0	0.25
1502369308407	0.0	0.0	0.0	0.25
1502369308423	0.0	0.0	0.0	0.25
1502369308457	0.0	0.0	0.0	0.25
1502369308489	0.0	0.0	0.0	0.25
1502369308506	0.0	0.0	0.0	0.25
1502369308537	0.0	0.0	0.0	0.25
1502369308567	0.0	0.0	0.0	0.25
1502369308595	0.0	0.0	0.0	0.25
1502369308626	0.0	0.0	0.0	0.25
1502369308659	0.0	0.0	0.0	0.25
1502369308677	0.0	0.0	0.0	0.25
1502369308707	0.0	0.0	0.0	0.25
1502369308738	0.0	0.0	0.0	0.25
1502369308758	0.0	0.0	0.0	0.25
1502369308789	0.0	0.0	0.0	0.25
1502369308823	0.0	0.0	0.0	0.25
1502369308844	0.0	0.0	0.0	0.25
1502369308875	0.0	0.0	0.0	0.25
1502369308907	0.0	0.0	0.0	0.25
1502369308927	0.0	0.0	0.0	0.25
1502369308958	0.0	0.0	0.0	0.25
1502369308988	0.0	0.0	0.0	0.25
1502369309010	0.0	0.0	0.0	0.25
1502369309041	0.0	0.0	0.0	0.25
1502369309073	0.0	0.0	0.0	0.25
1502369309097	0.0	0.0	0.0	0.25
1502369309127	0.0	0.0	0.0	0.25
1502369309158	0.0	0.0	0.0	0.25
1502369309180	0.0	0.0	0.0	0.25
1502369309212	0.0	0.0	0.0	0.25
1502369309243	0.0	0.0	0.0	0.25
1502369309265	0.0	0.0	0.0	0.25
1502369309300	0.0	0.0	0.0	0.25
1502369309323	0.0	0.0	0.0	0.0
1502369309595	0.0	0.0	0.0	0.25
1502369309625	0.0	0.0	0.0	0.25
1502369309659	0.0	0.0	0.0	0.25
1502369309688	0.0	0.0	0.0	0.25
1502369309723	0.0	0.0	0.0	0.25
1502369309758	0.0	0.0	0.0	0.25
1502369309787	0.0	0.0	0.0	0.25
1502369309818	0.0	0.0	0.0	0.25
1502369309850	0.0	0.0	0.0	0.25
1502369309883	0.0	0.0	0.0	0.25
1502369309916	0.0	0.0	0.0	0.25
1502369309951	0.0	0.0	0.0	0.25
1502369309983	0.0	0.0	0.0	0.25
1502369310017	0.0	0.0	0.0	0.25
1502369310049	0.0	0.0	0.0	0.25
1502369310083	0.0	0.0	0.0	0.25
1502369310104	0.0	0.0	0.0	0.25
1502369310133	0.0	0.0	0.0	0.25
1502369310164	0.0	0.0	0.0	0.25
1502369310184	0.0	0.0	0.0	0.0
1502369310338	0.0	0.0	0.0	0.0
1502369311660	-0.25	0.0	0.0	0.0
1502369311690	-0.25	0.0	0.0	0.0
1502369311721	-0.25	0.0	0.0	0.0
1502369311752	-0.25	0.0	0.0	0.0
1502369311783	-0.25	0.0	0.0	0.0
1502369311817	-0.25	0.0	0.0	0.0
1502369311850	-0.25	0.0	0.0	0.0
1502369311883	-0.25	0.0	0.0	0.0
1502369311916	-0.25	0.0	0.0	0.0
1502369311949	-0.25	0.0	0.0	0.0
1502369311983	-0.25	0.0	0.0	0.0
1502369312016	-0.25	0.0	0.0	0.0
1502369312050	-0.25	0.0	0.0	0.0
1502369312083	-0.25	0.0	0.0	0.0
1502369312117	-0.25	0.0	0.0	0.0
1502369312149	-0.25	0.0	0.0	0.0
1502369312183	-0.25	0.0	0.0	0.0
1502369312190	-0.25	0.0	0.0	0.0
1502369312220	-0.25	0.0	0.0	0.0
1502369312251	-0.25	0.0	0.0	0.0
1502369312276	-0.25	0.0	0.0	0.0
1502369312307	-0.25	0.0	0.0	0.0
1502369312336	-0.25	0.0	0.0	0.0
1502369312367	-0.25	0.0	0.0	0.0
1502369312400	-0.25	0.0	0.0	0.0
1502369312433	-0.25	0.0	0.0	0.0
1502369312460	-0.25	0.0	0.0	0.0
1502369312491	-0.25	0.0	0.0	0.0
1502369312523	-0.25	0.0	0.0	0.0
1502369312555	-0.25	0.0	0.0	0.0
1502369312586	-0.25	0.0	0.0	0.0
1502369312617	-0.25	0.0	0.0	0.0
1502369312647	-0.25	0.0	0.0	0.0
1502369312678	-0.25	0.0	0.0	0.0
1502369312709	-0.25	0.0	0.0	0.0
1502369312740	-0.25	0.0	0.0	0.0
1502369312747	-0.25	0.0	0.0	0.0
1502369312782	-0.25	0.0	0.0	0.0
1502369312817	-0.25	0.0	0.0	0.0
1502369312831	-0.25	0.0	0.0	0.0
1502369312863	-0.25	0.0	0.0	0.0
1502369312893	-0.25	0.0	0.0	0.0
1502369312924	-0.25	0.0	0.0	0.0
1502369312944	-0.25	0.0	0.0	0.0
1502369312974	-0.25	0.0	0.0	0.0
1502369313011	-0.25	0.0	0.0	0.0
1502369313036	-0.25	0.0	0.0	0.0
1502369313036	-0.25	0.0	0.0	0.0
1502369313066	-0.25	0.0	0.0	0.0
1502369313079	-0.25	0.0	0.0	0.0
1502369313110	-0.25	0.0	0.0	0.0
1502369313124	-0.25	0.0	0.0	0.0
1502369313157	-0.25	0.0	0.0	0.0
1502369313174	-0.25	0.0	0.0	0.0
1502369313207	-0.25	0.0	0.0	0.0
1502369313240	-0.25	0.0	0.0	0.0
1502369313273	-0.25	0.0	0.0	0.0
1502369313306	-0.25	0.0	0.0	0.0
1502369313323	-0.25	0.0	0.0	0.0
1502369313357	-0.25	0.0	0.0	0.0
1502369313391	-0.25	0.0	0.0	0.0
1502369313415	-0.25	0.0	0.0	0.0
1502369313450	-0.25	0.0	0.0	0.0
1502369313484	-0.25	0.0	0.0	0.0
1502369313495	-0.25	0.0	0.0	0.0
1502369313527	-0.25	0.0	0.0	0.0
1502369313558	-0.25	0.0	0.0	0.0
1502369313573	-0.25	0.0	0.0	0.0
1502369313607	-0.25	0.0	0.0	0.0
1502369313638	-0.25	0.0	0.0	0.0
1502369313658	-0.25	0.0	0.0	0.0
1502369313689	-0.25	0.0	0.0	0.0
1502369313723	-0.25	0.0	0.0	0.0
1502369313741	-0.25	0.0	0.0	0.0
1502369313773	-0.25	0.0	0.0	0.0
1502369313806	-0.25	0.0	0.0	0.0
1502369313825	-0.25	0.0	0.0	0.0
1502369313857	-0.25	0.0	0.0	0.0
1502369313870	0.0	0.0	0.0	0.0
1502369315039	0.25	0.0	0.0	0.0
1502369315073	0.25	0.0	0.0	0.0
1502369315106	0.25	0.0	0.0	0.0
1502369315136	0.25	0.0	0.0	0.0
1502369315167	0.25	0.0	0.0	0.0
1502369315199	0.25	0.0	0.0	0.0
1502369315233	0.25	0.0	0.0	0.0
1502369315267	0.25	0.0	0.0	0.0
1502369315300	0.25	0.0	0.0	0.0
1502369315333	0.25	0.0	0.0	0.0
1502369315366	0.25	0.0	0.0	0.0
1502369315400	0.25	0.0	0.0	0.0
1502369315433	0.25	0.0	0.0	0.0
1502369315467	0.25	0.0	0.0	0.0
1502369315500	0.25	0.0	0.0	0.0
1502369315532	0.25	0.0	0.0	0.0
1502369315538	0.25	0.0	0.0	0.0
1502369315573	0.25	0.0	0.0	0.0
1502369315607	0.25	0.0	0.0	0.0
1502369315637	0.25	0.0	0.0	0.0
1502369315671	0.25	0.0	0.0	0.0
1502369315707	0.25	0.0	0.0	0.0
1502369315717	0.25	0.0	0.0	0.0
1502369315750	0.25	0.0	0.0	0.0
1502369315791	0.25	0.0	0.0	0.0
1502369315825	0.25	0.0	0.0	0.0
1502369315848	0.25	0.0	0.0	0.0
1502369315883	0.25	0.0	0.0	0.0
1502369315916	0.25	0.0	0.0	0.0
1502369315921	0.25	0.0	0.0	0.0
1502369315953	0.25	0.0	0.0	0.0
1502369315988	0.25	0.0	0.0	0.0
1502369316007	0.25	0.0	0.0	0.0
1502369316037	0.25	0.0	0.0	0.0
1502369316071	0.25	0.0	0.0	0.0
1502369316078	0.25	0.0	0.0	0.0
1502369316110	0.25	0.0	0.0	0.0
1502369316140	0.25	0.0	0.0	0.0
1502369316144	0.25	0.0	0.0	0.0
1502369316175	0.25	0.0	0.0	0.0
1502369316207	0.25	0.0	0.0	0.0
1502369316225	0.25	0.0	0.0	0.0
1502369316257	0.25	0.0	0.0	0.0
1502369316291	0.25	0.0	0.0	0.0
1502369316307	0.25	0.0	0.0	0.0
1502369316339	0.25	0.0	0.0	0.0
1502369316373	0.25	0.0	0.0	0.0
1502369316396	0.25	0.0	0.0	0.0
1502369316426	0.25	0.0	0.0	0.0
1502369316457	0.25	0.0	0.0	0.0
1502369316475	0.25	0.0	0.0	0.0
1502369316507	0.25	0.0	0.0	0.0
1502369316536	0.25	0.0	0.0	0.0
1502369316561	0.25	0.0	0.0	0.0
1502369316592	0.25	0.0	0.0	0.0
1502369316623	0.25	0.0	0.0	0.0
1502369316641	0.25	0.0	0.0	0.0
1502369316674	0.25	0.0	0.0	0.0
1502369316708	0.25	0.0	0.0	0.0
1502369316722	0.25	0.0	0.0	0.0
1502369316757	0.25	0.0	0.0	0.0
1502369316786	0.25	0.0	0.0	0.0
1502369316815	0.25	0.0	0.0	0.0
1502369316845	0.25	0.0	0.0	0.0
1502369316877	0.25	0.0	0.0	0.0
1502369316908	0.25	0.0	0.0	0.0
1502369316908	0.25	0.0	0.0	0.0
1502369316941	0.25	0.0	0.0	0.0
1502369316973	0.25	0.0	0.0	0.0
1502369316982	0.25	0.0	0.0	0.0
1502369317016	0.25	0.0	0.0	0.0
1502369317049	0.25	0.0	0.0	0.0
1502369317072	0.25	0.0	0.0	0.0
1502369317107	0.25	0.0	0.0	0.0
1502369317136	0.25	0.0	0.0	0.0
1502369317160	0.25	0.0	0.0	0.0
1502369317191	0.25	0.0	0.0	0.0
1502369317223	0.25	0.0	0.0	0.0
1502369317235	0.25	0.0	0.0	0.0
1502369317267	0.25	0.0	0.0	0.0
1502369317299	0.25	0.0	0.0	0.0
1502369317323	0.0	0.0	0.0	0.0
1502369321406	-0.25	0.0	0.0	0.0
1502369321437	-0.25	0.0	0.0	0.0
1502369321470	-0.25	0.0	0.0	0.0
1502369321501	-0.25	0.0	0.0	0.0
1502369321534	-0.25	0.0	0.0	0.0
1502369321566	-0.25	0.0	0.0	0.0
1502369321600	-0.25	0.0	0.0	0.0
1502369321634	-0.25	0.0	0.0	0.0
1502369321666	-0.25	0.0	0.0	0.0
1502369321700	-0.25	0.0	0.0	0.0
1502369321733	-0.25	0.0	0.0	0.0
1502369321766	-0.25	0.0	0.0	0.0
1502369321800	-0.25	0.0	0.0	0.0
1502369321833	-0.25	0.0	0.0	0.0
1502369321866	-0.25	0.0	0.0	0.0
1502369321900	-0.25	0.0	0.0	0.0
1502369321924	-0.25	0.0	0.0	0.0
1502369321957	-0.25	0.0	0.0	0.0
1502369321987	-0.25	0.0	0.0	0.0
1502369322010	-0.25	0.0	0.0	0.0
1502369322041	-0.25	0.0	0.0	0.0
1502369322075	-0.25	0.0	0.0	0.0
1502369322100	-0.25	0.0	0.0	0.0
1502369322133	-0.25	0.0	0.0	0.0
1502369322167	-0.25	0.0	0.0	0.0
1502369322188	-0.25	0.0	0.0	0.0
1502369322223	-0.25	0.0	0.0	0.0
1502369322255	-0.25	0.0	0.0	0.0
1502369322285	-0.25	0.0	0.0	0.0
1502369322316	-0.25	0.0	0.0	0.0
1502369322347	-0.25	0.0	0.0	0.0
1502369322376	-0.25	0.0	0.0	0.0
1502369322409	-0.25	0.0	0.0	0.0
1502369322442	-0.25	0.0	0.0	0.0
1502369322465	-0.25	0.0	0.0	0.0
1502369322500	-0.25	0.0	0.0	0.0
1502369322534	-0.25	0.0	0.0	0.0
1502369322562	-0.25	0.0	0.0	0.0
1502369322594	-0.25	0.0	0.0	0.0
1502369322625	-0.25	0.0	0.0	0.0
1502369322641	-0.25	0.0	0.0	0.0
1502369322673	-0.25	0.0	0.0	0.0
1502369322713	-0.25	0.0	0.0	0.0
1502369322725	-0.25	0.0	0.0	0.0
1502369322758	-0.25	0.0	0.0	0.0
1502369322771	-0.25	0.0	0.0	0.0
1502369322801	-0.25	0.0	0.0	0.0
1502369322816	-0.25	0.0	0.0	0.0
1502369322850	-0.25	0.0	0.0	0.0
1502369322882	-0.25	0.0	0.0	0.0
1502369322913	-0.25	0.0	0.0	0.0
1502369322946	-0.25	0.0	0.0	0.0
1502369322974	-0.25	0.0	0.0	0.0
1502369323008	-0.25	0.0	0.0	0.0
1502369323038	-0.25	0.0	0.0	0.0
1502369323057	-0.25	0.0	0.0	0.0
1502369323089	-0.25	0.0	0.0	0.0
1502369323123	-0.25	0.0	0.0	0.0
1502369323140	-0.25	0.0	0.0	0.0
1502369323174	-0.25	0.0	0.0	0.0
1502369323208	-0.25	0.0	0.0	0.0
1502369323226	-0.25	0.0	0.0	0.0
1502369323258	-0.25	0.0	0.0	0.0
1502369323291	-0.25	0.0	0.0	0.0
1502369323308	-0.25	0.0	0.0	0.0
1502369323339	-0.25	0.0	0.0	0.0
1502369323373	-0.25	0.0	0.0	0.0
1502369323398	-0.25	0.0	0.0	0.0
1502369323430	-0.25	0.0	0.0	0.0
1502369323463	-0.25	0.0	0.0	0.0
1502369323475	-0.25	0.0	0.0	0.0
1502369323508	-0.25	0.0	0.0	0.0
1502369323541	-0.25	0.0	0.0	0.0
1502369323568	-0.25	0.0	0.0	0.0
1502369323600	-0.25	0.0	0.0	0.0
1502369323634	-0.25	0.0	0.0	0.0
1502369323645	-0.25	0.0	0.0	0.0
1502369323675	-0.25	0.0	0.0	0.0
1502369323708	-0.25	0.0	0.0	0.0
1502369323730	-0.25	0.0	0.0	0.0
1502369323760	-0.25	0.0	0.0	0.0
1502369323791	-0.25	0.0	0.0	0.0
1502369323794	0.0	0.0	0.0	0.0
1502369325282	0.25	0.0	0.0	0.0
1502369325312	0.25	0.0	0.0	0.0
1502369325346	0.25	0.0	0.0	0.0
1502369325377	0.25	0.0	0.0	0.0
1502369325408	0.25	0.0	0.0	0.0
1502369325440	0.25	0.0	0.0	0.0
1502369325472	0.25	0.0	0.0	0.0
1502369325507	0.25	0.0	0.0	0.0
1502369325541	0.25	0.0	0.0	0.0
1502369325573	0.25	0.0	0.0	0.0
1502369325607	0.25	0.0	0.0	0.0
1502369325639	0.25	0.0	0.0	0.0
1502369325673	0.25	0.0	0.0	0.0
1502369325707	0.25	0.0	0.0	0.0
1502369325737	0.25	0.0	0.0	0.0
1502369325768	0.25	0.0	0.0	0.0
1502369325792	0.25	0.0	0.0	0.0
1502369325821	0.25	0.0	0.0	0.0
1502369325851	0.25	0.0	0.0	0.0
1502369325879	0.25	0.0	0.0	0.0
1502369325910	0.25	0.0	0.0	0.0
1502369325943	0.25	0.0	0.0	0.0
1502369325970	0.25	0.0	0.0	0.0
1502369326001	0.25	0.0	0.0	0.0
1502369326033	0.25	0.0	0.0	0.0
1502369326066	0.25	0.0	0.0	0.0
1502369326070	0.25	0.0	0.0	0.0
1502369326101	0.25	0.0	0.0	0.0
1502369326131	0.25	0.0	0.0	0.0
1502369326160	0.25	0.0	0.0	0.0
1502369326192	0.25	0.0	0.0	0.0
1502369326222	0.25	0.0	0.0	0.0
1502369326245	0.25	0.0	0.0	0.0
1502369326276	0.25	0.0	0.0	0.0
1502369326306	0.25	0.0	0.0	0.0
1502369326336	0.25	0.0	0.0	0.0
1502369326356	0.25	0.0	0.0	0.0
1502369326387	0.25	0.0	0.0	0.0
1502369326418	0.25	0.0	0.0	0.0
1502369326442	0.25	0.0	0.0	0.0
1502369326473	0.25	0.0	0.0	0.0
1502369326505	0.25	0.0	0.0	0.0
1502369326526	0.25	0.0	0.0	0.0
1502369326557	0.25	0.0	0.0	0.0
1502369326587	0.25	0.0	0.0	0.0
1502369326609	0.25	0.0	0.0	0.0
1502369326641	0.25	0.0	0.0	0.0
1502369326673	0.25	0.0	0.0	0.0
1502369326693	0.25	0.0	0.0	0.0
1502369326723	0.25	0.0	0.0	0.0
1502369326757	0.25	0.0	0.0	0.0
1502369326770	0.25	0.0	0.0	0.0
1502369326801	0.25	0.0	0.0	0.0
1502369326834	0.25	0.0	0.0	0.0
1502369326861	0.25	0.0	0.0	0.0
1502369326890	0.25	0.0	0.0	0.0
1502369326924	0.25	0.0	0.0	0.0
1502369326948	0.25	0.0	0.0	0.0
1502369326980	0.25	0.0	0.0	0.0
1502369327010	0.25	0.0	0.0	0.0
1502369327041	0.25	0.0	0.0	0.0
1502369327054	0.25	0.0	0.0	0.0
1502369327084	0.25	0.0	0.0	0.0
1502369327116	0.25	0.0	0.0	0.0
1502369327150	0.25	0.0	0.0	0.0
1502369327161	0.25	0.0	0.0	0.0
1502369327191	0.25	0.0	0.0	0.0
1502369327222	0.25	0.0	0.0	0.0
1502369327248	0.25	0.0	0.0	0.0
1502369327278	0.25	0.0	0.0	0.0
1502369327309	0.25	0.0	0.0	0.0
1502369327338	0.25	0.0	0.0	0.0
1502369327354	0.25	0.0	0.0	0.0
1502369327384	0.25	0.0	0.0	0.0
1502369327417	0.25	0.0	0.0	0.0
1502369327428	0.25	0.0	0.0	0.0
1502369327461	0.25	0.0	0.0	0.0
1502369327491	0.25	0.0	0.0	0.0
1502369327523	0.25	0.0	0.0	0.0
1502369327554	0.25	0.0	0.0	0.0
1502369327590	0.25	0.0	0.0	0.0
1502369327600	0.25	0.0	0.0	0.0
1502369327633	0.25	0.0	0.0	0.0
1502369327645	0.25	0.0	0.0	0.0
1502369327675	0.25	0.0	0.0	0.0
1502369327682	0.25	0.0	0.0	0.0
1502369327713	0.25	0.0	0.0	0.0
1502369327729	0.25	0.0	0.0	0.0
1502369327762	0.25	0.0	0.0	0.0
1502369327763	0.0	0.0	0.0	0.0
1502369328335	0.0	0.0	0.25	0.0
1502369328368	0.0	0.0	0.25	0.0
1502369328401	0.0	0.0	0.25	0.0
1502369328433	0.0	0.0	0.25	0.0
1502369328466	0.0	0.0	0.25	0.0
1502369328501	0.0	0.0	0.25	0.0
1502369328533	0.0	0.0	0.25	0.0
1502369328567	0.0	0.0	0.25	0.0
1502369328600	0.0	0.0	0.25	0.0
1502369328629	0.0	0.0	0.25	0.0
1502369328660	0.0	0.0	0.25	0.0
1502369328691	0.0	0.0	0.25	0.0
1502369328725	0.0	0.0	0.25	0.0
1502369328758	0.0	0.0	0.25	0.0
1502369328788	0.0	0.0	0.25	0.0
1502369328819	0.0	0.0	0.25	0.0
1502369328831	0.0	0.0	0.25	0.0
1502369328861	0.0	0.0	0.25	0.0
1502369328892	0.0	0.0	0.25	0.0
1502369328908	0.0	0.0	0.25	0.0
1502369328943	0.0	0.0	0.25	0.0
1502369328973	0.0	0.0	0.25	0.0
1502369328989	0.0	0.0	0.25	0.0
1502369329023	0.0	0.0	0.25	0.0
1502369329055	0.0	0.0	0.25	0.0
1502369329084	0.0	0.0	0.25	0.0
1502369329114	0.0	0.0	0.25	0.0
1502369329145	0.0	0.0	0.25	0.0
1502369329176	0.0	0.0	0.25	0.0
1502369329189	0.0	0.0	0.25	0.0
1502369329220	0.0	0.0	0.25	0.0
1502369329250	0.0	0.0	0.25	0.0
1502369329261	0.0	0.0	0.25	0.0
1502369329291	0.0	0.0	0.25	0.0
1502369329323	0.0	0.0	0.25	0.0
1502369329331	0.0	0.0	0.25	0.0
1502369329362	0.0	0.0	0.25	0.0
1502369329393	0.0	0.0	0.25	0.0
1502369329413	0.0	0.0	0.25	0.0
1502369329443	0.0	0.0	0.25	0.0
1502369329473	0.0	0.0	0.25	0.0
1502369329507	0.0	0.0	0.25	0.0
1502369329507	0.0	0.0	0.25	0.0
1502369329542	0.0	0.0	0.25	0.0
1502369329573	0.0	0.0	0.25	0.0
1502369329585	0.0	0.0	0.25	0.0
1502369329617	0.0	0.0	0.25	0.0
1502369329650	0.0	0.0	0.25	0.0
1502369329669	0.0	0.0	0.25	0.0
1502369329700	0.0	0.0	0.25	0.0
1502369329734	0.0	0.0	0.25	0.0
1502369329760	0.0	0.0	0.25	0.0
1502369329791	0.0	0.0	0.25	0.0
1502369329823	0.0	0.0	0.25	0.0
1502369329846	0.0	0.0	0.25	0.0
1502369329876	0.0	0.0	0.25	0.0
1502369329907	0.0	0.0	0.25	0.0
1502369329924	0.0	0.0	0.25	0.0
1502369329957	0.0	0.0	0.25	0.0
1502369329962	0.0	0.0	0.0	0.0
1502369330073	0.0	0.0	0.0	0.0
1502369331791	0.0	0.0	0.0	-0.25
1502369331823	0.0	0.0	0.0	-0.25
1502369331857	0.0	0.0	0.0	-0.25
1502369331889	0.0	0.0	0.0	-0.25
1502369331923	0.0	0.0	0.0	-0.25
1502369331957	0.0	0.0	0.0	-0.25
1502369331988	0.0	0.0	0.0	-0.25
1502369332019	0.0	0.0	0.0	-0.25
1502369332050	0.0	0.0	0.0	-0.25
1502369332083	0.0	0.0	0.0	-0.25
1502369332117	0.0	0.0	0.0	-0.25
1502369332148	0.0	0.0	0.0	-0.25
1502369332179	0.0	0.0	0.0	-0.25
1502369332209	0.0	0.0	0.0	-0.25
1502369332240	0.0	0.0	0.0	-0.25
1502369332273	0.0	0.0	0.0	-0.25
1502369332307	0.0	0.0	0.0	-0.25
1502369332326	0.0	0.0	0.0	-0.25
1502369332357	0.0	0.0	0.0	-0.25
1502369332388	0.0	0.0	0.0	-0.25
1502369332421	0.0	0.0	0.0	-0.25
1502369332424	0.0	0.0	0.0	-0.25
1502369332457	0.0	0.0	0.0	-0.25
1502369332488	0.0	0.0	0.0	-0.25
1502369332499	0.0	0.0	0.0	-0.25
1502369332529	0.0	0.0	0.0	-0.25
1502369332545	0.0	0.0	0.0	-0.25
1502369332578	0.0	0.0	0.0	-0.25
1502369332594	0.0	0.0	0.0	-0.25
1502369332626	0.0	0.0	0.0	-0.25
1502369332661	0.0	0.0	0.0	-0.25
1502369332666	0.0	0.0	0.0	-0.25
1502369332700	0.0	0.0	0.0	-0.25
1502369332730	0.0	0.0	0.0	-0.25
1502369332749	0.0	0.0	0.0	-0.25
1502369332784	0.0	0.0	0.0	-0.25
1502369332817	0.0	0.0	0.0	-0.25
1502369332831	0.0	0.0	0.0	-0.25
1502369332862	0.0	0.0	0.0	-0.25
1502369332893	0.0	0.0	0.0	-0.25
1502369332924	0.0	0.0	0.0	-0.25
1502369332927	0.0	0.0	0.0	-0.25
1502369332959	0.0	0.0	0.0	-0.25
1502369332990	0.0	0.0	0.0	-0.25
1502369333009	0.0	0.0	0.0	-0.25
1502369333041	0.0	0.0	0.0	-0.25
1502369333074	0.0	0.0	0.0	-0.25
1502369333092	0.0	0.0	0.0	-0.25
1502369333122	0.0	0.0	0.0	-0.25
1502369333152	0.0	0.0	0.0	-0.25
1502369333178	0.0	0.0	0.0	-0.25
1502369333208	0.0	0.0	0.0	-0.25
1502369333238	0.0	0.0	0.0	-0.25
1502369333257	0.0	0.0	0.0	-0.25
1502369333287	0.0	0.0	0.0	-0.25
1502369333318	0.0	0.0	0.0	-0.25
1502369333343	0.0	0.0	0.0	-0.25
1502369333377	0.0	0.0	0.0	-0.25
1502369333408	0.0	0.0	0.0	-0.25
1502369333428	0.0	0.0	0.0	-0.25
1502369333458	0.0	0.0	0.0	-0.25
1502369333488	0.0	0.0	0.0	-0.25
1502369333507	0.0	0.0	0.0	-0.25
1502369333541	0.0	0.0	0.0	-0.25
1502369333575	0.0	0.0	0.0	-0.25
1502369333598	0.0	0.0	0.0	-0.25
1502369333630	0.0	0.0	0.0	-0.25
1502369333661	0.0	0.0	0.0	-0.25
1502369333675	0.0	0.0	0.0	-0.25
1502369333708	0.0	0.0	0.0	-0.25
1502369333743	0.0	0.0	0.0	-0.25
1502369333759	0.0	0.0	0.0	-0.25
1502369333790	0.0	0.0	0.0	-0.25
1502369333823	0.0	0.0	0.0	-0.25
1502369333844	0.0	0.0	0.0	-0.25
1502369333873	0.0	0.0	0.0	-0.25
1502369333907	0.0	0.0	0.0	-0.25
1502369333926	0.0	0.0	0.0	-0.25
1502369333957	0.0	0.0	0.0	-0.25
1502369333988	0.0	0.0	0.0	-0.25
1502369334013	0.0	0.0	0.0	-0.25
1502369334045	0.0	0.0	0.0	-0.25
1502369334075	0.0	0.0	0.0	-0.25
1502369334090	0.0	0.0	0.0	-0.25
1502369334123	0.0	0.0	0.0	-0.25
1502369334157	0.0	0.0	0.0	-0.25
1502369334176	0.0	0.0	0.0	-0.25
1502369334208	0.0	0.0	0.0	-0.25
1502369334238	0.0	0.0	0.0	-0.25
1502369334264	0.0	0.0	0.0	-0.25
1502369334295	0.0	0.0	0.0	-0.25
1502369334325	0.0	0.0	0.0	-0.25
1502369334348	0.0	0.0	0.0	-0.25
1502369334379	0.0	0.0	0.0	-0.25
1502369334412	0.0	0.0	0.0	-0.25
1502369334436	0.0	0.0	0.0	-0.25
1502369334467	0.0	0.0	0.0	-0.25
1502369334498	0.0	0.0	0.0	-0.25
1502369334517	0.0	0.0	0.0	-0.25
1502369334550	0.0	0.0	0.0	-0.25
1502369334583	0.0	0.0	0.0	-0.25
1502369334598	0.0	0.0	0.0	-0.25
1502369334629	0.0	0.0	0.0	-0.25
1502369334660	0.0	0.0	0.0	-0.25
1502369334686	0.0	0.0	0.0	-0.25
1502369334717	0.0	0.0	0.0	-0.25
1502369334748	0.0	0.0	0.0	-0.25
1502369334770	0.0	0.0	0.0	-0.25
1502369334801	0.0	0.0	0.0	-0.25
1502369334833	0.0	0.0	0.0	-0.25
1502369334855	0.0	0.0	0.0	-0.25
1502369334885	0.0	0.0	0.0	-0.25
1502369334917	0.0	0.0	0.0	-0.25
1502369334946	0.0	0.0	0.0	-0.25
1502369334977	0.0	0.0	0.0	-0.25
1502369335009	0.0	0.0	0.0	-0.25
1502369335021	0.0	0.0	0.0	-0.25
1502369335052	0.0	0.0	0.0	-0.25
1502369335084	0.0	0.0	0.0	-0.25
1502369335114	0.0	0.0	0.0	-0.25
1502369335143	0.0	0.0	0.0	-0.25
1502369335174	0.0	0.0	0.0	-0.25
1502369335194	0.0	0.0	0.0	-0.25
1502369335227	0.0	0.0	0.0	-0.25
1502369335258	0.0	0.0	0.0	-0.25
1502369335289	0.0	0.0	0.0	-0.25
1502369335324	0.0	0.0	0.0	-0.25
1502369335357	0.0	0.0	0.0	-0.25
1502369335373	0.0	0.0	0.0	-0.25
1502369335407	0.0	0.0	0.0	-0.25
1502369335438	0.0	0.0	0.0	-0.25
1502369335460	0.0	0.0	0.0	-0.25
1502369335490	0.0	0.0	0.0	-0.25
1502369335523	0.0	0.0	0.0	-0.25
1502369335545	0.0	0.0	0.0	-0.25
1502369335575	0.0	0.0	0.0	-0.25
1502369335607	0.0	0.0	0.0	-0.25
1502369335631	0.0	0.0	0.0	-0.25
1502369335663	0.0	0.0	0.0	-0.25
1502369335694	0.0	0.0	0.0	-0.25
1502369335721	0.0	0.0	0.0	-0.25
1502369335752	0.0	0.0	0.0	-0.25
1502369335783	0.0	0.0	0.0	-0.25
1502369335808	0.0	0.0	0.0	-0.25
1502369335839	0.0	0.0	0.0	-0.25
1502369335873	0.0	0.0	0.0	-0.25
1502369335892	0.0	0.0	0.0	-0.25
1502369335925	0.0	0.0	0.0	-0.25
1502369335957	0.0	0.0	0.0	-0.25
1502369335983	0.0	0.0	0.0	-0.25
1502369336017	0.0	0.0	0.0	-0.25
1502369336050	0.0	0.0	0.0	-0.25
1502369336054	0.0	0.0	0.0	-0.25
1502369336085	0.0	0.0	0.0	-0.25
1502369336116	0.0	0.0	0.0	-0.25
1502369336146	0.0	0.0	0.0	-0.25
1502369336177	0.0	0.0	0.0	-0.25
1502369336209	0.0	0.0	0.0	-0.25
1502369336224	0.0	0.0	0.0	-0.25
1502369336256	0.0	0.0	0.0	-0.25
1502369336287	0.0	0.0	0.0	-0.25
1502369336309	0.0	0.0	0.0	-0.25
1502369336340	0.0	0.0	0.0	-0.25
1502369336373	0.0	0.0	0.0	-0.25
1502369336387	0.0	0.0	0.0	-0.25
1502369336417	0.0	0.0	0.0	-0.25
1502369336452	0.0	0.0	0.0	-0.25
1502369336476	0.0	0.0	0.0	-0.25
1502369336507	0.0	0.0	0.0	-0.25
1502369336537	0.0	0.0	0.0	-0.25
1502369336562	0.0	0.0	0.0	-0.25
1502369336591	0.0	0.0	0.0	-0.25
1502369336624	0.0	0.0	0.0	-0.25
1502369336647	0.0	0.0	0.0	-0.25
1502369336678	0.0	0.0	0.0	-0.25
1502369336710	0.0	0.0	0.0	-0.25
1502369336730	0.0	0.0	0.0	-0.25
1502369336762	0.0	0.0	0.0	-0.25
1502369336791	0.0	0.0	0.0	-0.25
1502369336818	0.0	0.0	0.0	-0.25
1502369336850	0.0	0.0	0.0	-0.25
1502369336883	0.0	0.0	0.0	-0.25
1502369336909	0.0	0.0	0.0	-0.25
1502369336942	0.0	0.0	0.0	-0.25
1502369336973	0.0	0.0	0.0	-0.25
1502369336999	0.0	0.0	0.0	-0.25
1502369337028	0.0	0.0	0.0	-0.25
1502369337058	0.0	0.0	0.0	-0.25
1502369337089	0.0	0.0	0.0	-0.25
1502369337100	0.0	0.0	0.0	-0.25
1502369337129	0.0	0.0	0.0	-0.25
1502369337160	0.0	0.0	0.0	-0.25
1502369337192	0.0	0.0	0.0	-0.25
1502369337208	0.0	0.0	0.0	-0.25
1502369337239	0.0	0.0	0.0	-0.25
1502369337274	0.0	0.0	0.0	-0.25
1502369337297	0.0	0.0	0.0	-0.25
1502369337328	0.0	0.0	0.0	-0.25
1502369337358	0.0	0.0	0.0	-0.25
1502369337375	0.0	0.0	0.0	-0.25
1502369337407	0.0	0.0	0.0	-0.25
1502369337413	0.0	0.0	0.0	-0.25
1502369337443	0.0	0.0	0.0	-0.25
1502369337467	0.0	0.0	0.0	-0.25
1502369337500	0.0	0.0	0.0	-0.25
1502369337532	0.0	0.0	0.0	-0.25
1502369337562	0.0	0.0	0.0	-0.25
1502369337593	0.0	0.0	0.0	-0.25
1502369337612	0.0	0.0	0.0	-0.25
1502369337645	0.0	0.0	0.0	-0.25
1502369337676	0.0	0.0	0.0	-0.25
1502369337706	0.0	0.0	0.0	-0.25
1502369337710	0.0	0.0	0.0	-0.25
1502369337743	0.0	0.0	0.0	-0.25
1502369337775	0.0	0.0	0.0	-0.25
1502369337795	0.0	0.0	0.0	-0.25
1502369337826	0.0	0.0	0.0	-0.25
1502369337858	0.0	0.0	0.0	-0.25
1502369337879	0.0	0.0	0.0	-0.25
1502369337909	0.0	0.0	0.0	-0.25
1502369337942	0.0	0.0	0.0	-0.25
1502369337957	0.0	0.0	0.0	-0.25
1502369337988	0.0	0.0	0.0	-0.25
1502369338019	0.0	0.0	0.0	-0.25
1502369338042	0.0	0.0	0.0	-0.25
1502369338075	0.0	0.0	0.0	-0.25
1502369338109	0.0	0.0	0.0	-0.25
1502369338129	0.0	0.0	0.0	-0.25
1502369338160	0.0	0.0	0.0	-0.25
1502369338189	0.0	0.0	0.0	-0.25
1502369338220	0.0	0.0	0.0	-0.25
1502369338221	0.0	0.0	0.0	-0.25
1502369338255	0.0	0.0	0.0	-0.25
1502369338286	0.0	0.0	0.0	-0.25
1502369338302	0.0	0.0	0.0	-0.25
1502369338334	0.0	0.0	0.0	-0.25
1502369338368	0.0	0.0	0.0	-0.25
1502369338382	0.0	0.0	0.0	-0.25
1502369338413	0.0	0.0	0.0	-0.25
1502369338446	0.0	0.0	0.0	-0.25
1502369338475	0.0	0.0	0.0	-0.25
1502369338508	0.0	0.0	0.0	-0.25
1502369338539	0.0	0.0	0.0	-0.25
1502369338552	0.0	0.0	0.0	-0.25
1502369338585	0.0	0.0	0.0	-0.25
1502369338617	0.0	0.0	0.0	-0.25
1502369338637	0.0	0.0	0.0	-0.25
1502369338668	0.0	0.0	0.0	-0.25
1502369338701	0.0	0.0	0.0	-0.25
1502369338720	0.0	0.0	0.0	-0.25
1502369338751	0.0	0.0	0.0	-0.25
1502369338784	0.0	0.0	0.0	-0.25
1502369338808	0.0	0.0	0.0	-0.25
1502369338838	0.0	0.0	0.0	-0.25
1502369338869	0.0	0.0	0.0	-0.25
1502369338891	0.0	0.0	0.0	-0.25
1502369338925	0.0	0.0	0.0	-0.25
1502369338959	0.0	0.0	0.0	-0.25
1502369338978	0.0	0.0	0.0	-0.25
1502369339009	0.0	0.0	0.0	-0.25
1502369339041	0.0	0.0	0.0	-0.25
1502369339056	0.0	0.0	0.0	-0.25
1502369339090	0.0	0.0	0.0	-0.25
1502369339125	0.0	0.0	0.0	-0.25
1502369339146	0.0	0.0	0.0	-0.25
1502369339176	0.0	0.0	0.0	-0.25
1502369339207	0.0	0.0	0.0	-0.25
1502369339227	0.0	0.0	0.0	-0.25
1502369339260	0.0	0.0	0.0	-0.25
1502369339293	0.0	0.0	0.0	-0.25
1502369339312	0.0	0.0	0.0	-0.25
1502369339343	0.0	0.0	0.0	-0.25
1502369339377	0.0	0.0	0.0	-0.25
1502369339403	0.0	0.0	0.0	-0.25
1502369339434	0.0	0.0	0.0	-0.25
1502369339467	0.0	0.0	0.0	-0.25
1502369339477	0.0	0.0	0.0	-0.25
1502369339508	0.0	0.0	0.0	-0.25
1502369339539	0.0	0.0	0.0	-0.25
1502369339564	0.0	0.0	0.0	-0.25
1502369339599	0.0	0.0	0.0	-0.25
1502369339634	0.0	0.0	0.0	-0.25
1502369339648	0.0	0.0	0.0	-0.25
1502369339679	0.0	0.0	0.0	-0.25
1502369339713	0.0	0.0	0.0	-0.25
1502369339729	0.0	0.0	0.0	-0.25
1502369339760	0.0	0.0	0.0	-0.25
1502369339790	0.0	0.0	0.0	-0.25
1502369339809	0.0	0.0	0.0	-0.25
1502369339840	0.0	0.0	0.0	-0.25
1502369339874	0.0	0.0	0.0	-0.25
1502369339894	0.0	0.0	0.0	-0.25
1502369339924	0.0	0.0	0.0	-0.25
1502369339957	0.0	0.0	0.0	-0.25
1502369339987	0.0	0.0	0.0	-0.25
1502369339994	0.0	0.0	0.0	-0.25
1502369340024	0.0	0.0	0.0	-0.25
1502369340057	0.0	0.0	0.0	-0.25
1502369340075	0.0	0.0	0.0	-0.25
1502369340106	0.0	0.0	0.0	-0.25
1502369340138	0.0	0.0	0.0	-0.25
1502369340152	0.0	0.0	0.0	-0.25
1502369340184	0.0	0.0	0.0	-0.25
1502369340213	0.0	0.0	0.0	-0.25
1502369340246	0.0	0.0	0.0	-0.25
1502369340249	0.0	0.0	0.0	-0.25
1502369340279	0.0	0.0	0.0	-0.25
1502369340312	0.0	0.0	0.0	-0.25
1502369340334	0.0	0.0	0.0	-0.25
1502369340367	0.0	0.0	0.0	-0.25
1502369340400	0.0	0.0	0.0	-0.25
1502369340409	0.0	0.0	0.0	0.0
1502369340458	0.0	0.0	0.0	0.0
1502369341181	0.0	0.25	0.0	0.0
1502369341215	0.0	0.25	0.0	0.0
1502369341246	0.0	0.25	0.0	0.0
1502369341279	0.0	0.25	0.0	0.0
1502369341310	0.0	0.25	0.0	0.0
1502369341341	0.0	0.25	0.0	0.0
1502369341374	0.0	0.25	0.0	0.0
1502369341407	0.0	0.25	0.0	0.0
1502369341438	0.0	0.25	0.0	0.0
1502369341468	0.0	0.25	0.0	0.0
1502369341501	0.0	0.25	0.0	0.0
1502369341533	0.0	0.25	0.0	0.0
1502369341567	0.0	0.25	0.0	0.0
1502369341600	0.0	0.25	0.0	0.0
1502369341633	0.0	0.25	0.0	0.0
1502369341667	0.0	0.25	0.0	0.0
1502369341700	0.0	0.25	0.0	0.0
1502369341717	0.0	0.25	0.0	0.0
1502369341748	0.0	0.25	0.0	0.0
1502369341780	0.0	0.25	0.0	0.0
1502369341811	0.0	0.25	0.0	0.0
1502369341826	0.0	0.25	0.0	0.0
1502369341857	0.0	0.25	0.0	0.0
1502369341888	0.0	0.25	0.0	0.0
1502369341918	0.0	0.25	0.0	0.0
1502369341950	0.0	0.25	0.0	0.0
1502369341984	0.0	0.25	0.0	0.0
1502369342013	0.0	0.25	0.0	0.0
1502369342045	0.0	0.25	0.0	0.0
1502369342074	0.0	0.25	0.0	0.0
1502369342098	0.0	0.25	0.0	0.0
1502369342132	0.0	0.25	0.0	0.0
1502369342166	0.0	0.25	0.0	0.0
1502369342189	0.0	0.25	0.0	0.0
1502369342224	0.0	0.25	0.0	0.0
1502369342265	0.0	0.25	0.0	0.0
1502369342268	0.0	0.0	0.0	0.0
1502369343612	0.25	0.0	0.0	0.0
1502369343645	0.25	0.0	0.0	0.0
1502369343676	0.25	0.0	0.0	0.0
1502369343707	0.25	0.0	0.0	0.0
1502369343738	0.25	0.0	0.0	0.0
1502369343773	0.25	0.0	0.0	0.0
1502369343807	0.25	0.0	0.0	0.0
1502369343838	0.25	0.0	0.0	0.0
1502369343871	0.25	0.0	0.0	0.0
1502369343902	0.25	0.0	0.0	0.0
1502369343934	0.25	0.0	0.0	0.0
1502369343967	0.25	0.0	0.0	0.0
1502369344001	0.25	0.0	0.0	0.0
1502369344032	0.25	0.0	0.0	0.0
1502369344062	0.25	0.0	0.0	0.0
1502369344094	0.25	0.0	0.0	0.0
1502369344120	0.25	0.0	0.0	0.0
1502369344151	0.25	0.0	0.0	0.0
1502369344184	0.25	0.0	0.0	0.0
1502369344201	0.25	0.0	0.0	0.0
1502369344234	0.25	0.0	0.0	0.0
1502369344267	0.25	0.0	0.0	0.0
1502369344293	0.25	0.0	0.0	0.0
1502369344324	0.25	0.0	0.0	0.0
1502369344357	0.25	0.0	0.0	0.0
1502369344374	0.25	0.0	0.0	0.0
1502369344407	0.25	0.0	0.0	0.0
1502369344441	0.25	0.0	0.0	0.0
1502369344460	0.25	0.0	0.0	0.0
1502369344492	0.25	0.0	0.0	0.0
1502369344524	0.25	0.0	0.0	0.0
1502369344546	0.25	0.0	0.0	0.0
1502369344576	0.25	0.0	0.0	0.0
1502369344608	0.25	0.0	0.0	0.0
1502369344631	0.25	0.0	0.0	0.0
1502369344662	0.25	0.0	0.0	0.0
1502369344693	0.25	0.0	0.0	0.0
1502369344711	0.25	0.0	0.0	0.0
1502369344742	0.25	0.0	0.0	0.0
1502369344774	0.25	0.0	0.0	0.0
1502369344799	0.25	0.0	0.0	0.0
1502369344829	0.25	0.0	0.0	0.0
1502369344860	0.25	0.0	0.0	0.0
1502369344880	0.25	0.0	0.0	0.0
1502369344911	0.25	0.0	0.0	0.0
1502369344940	0.25	0.0	0.0	0.0
1502369344971	0.25	0.0	0.0	0.0
1502369345002	0.25	0.0	0.0	0.0
1502369345034	0.25	0.0	0.0	0.0
1502369345057	0.25	0.0	0.0	0.0
1502369345088	0.25	0.0	0.0	0.0
1502369345119	0.25	0.0	0.0	0.0
1502369345141	0.25	0.0	0.0	0.0
1502369345174	0.25	0.0	0.0	0.0
1502369345209	0.25	0.0	0.0	0.0
1502369345227	0.25	0.0	0.0	0.0
1502369345258	0.25	0.0	0.0	0.0
1502369345288	0.25	0.0	0.0	0.0
1502369345304	0.25	0.0	0.0	0.0
1502369345334	0.25	0.0	0.0	0.0
1502369345367	0.25	0.0	0.0	0.0
1502369345397	0.25	0.0	0.0	0.0
1502369345428	0.25	0.0	0.0	0.0
1502369345462	0.25	0.0	0.0	0.0
1502369345474	0.25	0.0	0.0	0.0
1502369345509	0.25	0.0	0.0	0.0
1502369345539	0.25	0.0	0.0	0.0
1502369345564	0.25	0.0	0.0	0.0
1502369345594	0.25	0.0	0.0	0.0
1502369345625	0.25	0.0	0.0	0.0
1502369345650	0.25	0.0	0.0	0.0
1502369345684	0.25	0.0	0.0	0.0
1502369345717	0.25	0.0	0.0	0.0
1502369345739	0.0	0.0	0.0	0.0
1502369346404	0.0	0.0	0.25	0.0
1502369346435	0.0	0.0	0.25	0.0
1502369346468	0.0	0.0	0.25	0.0
1502369346501	0.0	0.0	0.25	0.0
1502369346534	0.0	0.0	0.25	0.0
1502369346567	0.0	0.0	0.25	0.0
1502369346600	0.0	0.0	0.25	0.0
1502369346634	0.0	0.0	0.25	0.0
1502369346668	0.0	0.0	0.25	0.0
1502369346700	0.0	0.0	0.25	0.0
1502369346734	0.0	0.0	0.25	0.0
1502369346768	0.0	0.0	0.25	0.0
1502369346800	0.0	0.0	0.25	0.0
1502369346834	0.0	0.0	0.25	0.0
1502369346868	0.0	0.0	0.25	0.0
1502369346900	0.0	0.0	0.25	0.0
1502369346934	0.0	0.0	0.25	0.0
1502369346957	0.0	0.0	0.25	0.0
1502369346987	0.0	0.0	0.25	0.0
1502369347018	0.0	0.0	0.25	0.0
1502369347051	0.0	0.0	0.25	0.0
1502369347059	0.0	0.0	0.25	0.0
1502369347090	0.0	0.0	0.25	0.0
1502369347124	0.0	0.0	0.25	0.0
1502369347152	0.0	0.0	0.25	0.0
1502369347183	0.0	0.0	0.25	0.0
1502369347199	0.0	0.0	0.25	0.0
1502369347229	0.0	0.0	0.25	0.0
1502369347245	0.0	0.0	0.25	0.0
1502369347276	0.0	0.0	0.25	0.0
1502369347307	0.0	0.0	0.25	0.0
1502369347317	0.0	0.0	0.25	0.0
1502369347350	0.0	0.0	0.25	0.0
1502369347384	0.0	0.0	0.25	0.0
1502369347396	0.0	0.0	0.25	0.0
1502369347427	0.0	0.0	0.25	0.0
1502369347460	0.0	0.0	0.25	0.0
1502369347483	0.0	0.0	0.25	0.0
1502369347518	0.0	0.0	0.25	0.0
1502369347547	0.0	0.0	0.25	0.0
1502369347566	0.0	0.0	0.25	0.0
1502369347600	0.0	0.0	0.25	0.0
1502369347634	0.0	0.0	0.25	0.0
1502369347645	0.0	0.0	0.25	0.0
1502369347676	0.0	0.0	0.25	0.0
1502369347709	0.0	0.0	0.25	0.0
1502369347732	0.0	0.0	0.25	0.0
1502369347763	0.0	0.0	0.25	0.0
1502369347793	0.0	0.0	0.25	0.0
1502369347813	0.0	0.0	0.25	0.0
1502369347843	0.0	0.0	0.25	0.0
1502369347876	0.0	0.0	0.25	0.0
1502369347902	0.0	0.0	0.25	0.0
1502369347934	0.0	0.0	0.25	0.0
1502369347967	0.0	0.0	0.25	0.0
1502369347988	0.0	0.0	0.25	0.0
1502369348017	0.0	0.0	0.25	0.0
1502369348051	0.0	0.0	0.25	0.0
1502369348065	0.0	0.0	0.25	0.0
1502369348096	0.0	0.0	0.25	0.0
1502369348127	0.0	0.0	0.25	0.0
1502369348153	0.0	0.0	0.25	0.0
1502369348184	0.0	0.0	0.25	0.0
1502369348214	0.0	0.0	0.25	0.0
1502369348241	0.0	0.0	0.25	0.0
1502369348275	0.0	0.0	0.25	0.0
1502369348309	0.0	0.0	0.25	0.0
1502369348327	0.0	0.0	0.25	0.0
1502369348357	0.0	0.0	0.25	0.0
1502369348388	0.0	0.0	0.25	0.0
1502369348412	0.0	0.0	0.25	0.0
1502369348442	0.0	0.0	0.25	0.0
1502369348476	0.0	0.0	0.25	0.0
1502369348496	0.0	0.0	0.25	0.0
1502369348527	0.0	0.0	0.25	0.0
1502369348559	0.0	0.0	0.25	0.0
1502369348582	0.0	0.0	0.25	0.0
1502369348613	0.0	0.0	0.25	0.0
1502369348642	0.0	0.0	0.25	0.0
1502369348666	0.0	0.0	0.25	0.0
1502369348700	0.0	0.0	0.25	0.0
1502369348734	0.0	0.0	0.25	0.0
1502369348747	0.0	0.0	0.25	0.0
1502369348779	0.0	0.0	0.25	0.0
1502369348810	0.0	0.0	0.25	0.0
1502369348830	0.0	0.0	0.25	0.0
1502369348862	0.0	0.0	0.25	0.0
1502369348892	0.0	0.0	0.25	0.0
1502369348913	0.0	0.0	0.25	0.0
1502369348943	0.0	0.0	0.25	0.0
1502369348976	0.0	0.0	0.25	0.0
1502369348998	0.0	0.0	0.25	0.0
1502369349027	0.0	0.0	0.25	0.0
1502369349058	0.0	0.0	0.25	0.0
1502369349084	0.0	0.0	0.25	0.0
1502369349117	0.0	0.0	0.25	0.0
1502369349151	0.0	0.0	0.25	0.0
1502369349173	0.0	0.0	0.25	0.0
1502369349208	0.0	0.0	0.25	0.0
1502369349238	0.0	0.0	0.25	0.0
1502369349249	0.0	0.0	0.25	0.0
1502369349284	0.0	0.0	0.25	0.0
1502369349317	0.0	0.0	0.25	0.0
1502369349339	0.0	0.0	0.25	0.0
1502369349374	0.0	0.0	0.25	0.0
1502369349404	0.0	0.0	0.25	0.0
1502369349422	0.0	0.0	0.25	0.0
1502369349453	0.0	0.0	0.25	0.0
1502369349484	0.0	0.0	0.25	0.0
1502369349509	0.0	0.0	0.25	0.0
1502369349542	0.0	0.0	0.25	0.0
1502369349576	0.0	0.0	0.25	0.0
1502369349594	0.0	0.0	0.25	0.0
1502369349625	0.0	0.0	0.25	0.0
1502369349655	0.0	0.0	0.25	0.0
1502369349680	0.0	0.0	0.25	0.0
1502369349710	0.0	0.0	0.0	0.0
1502369349831	0.0	0.0	0.0	0.0
1502369350710	-0.25	0.0	0.0	0.0
1502369350740	-0.25	0.0	0.0	0.0
1502369350774	-0.25	0.0	0.0	0.0
1502369350809	-0.25	0.0	0.0	0.0
1502369350842	-0.25	0.0	0.0	0.0
1502369350876	-0.25	0.0	0.0	0.0
1502369350909	-0.25	0.0	0.0	0.0
1502369350941	-0.25	0.0	0.0	0.0
1502369350974	-0.25	0.0	0.0	0.0
1502369351005	-0.25	0.0	0.0	0.0
1502369351035	-0.25	0.0	0.0	0.0
1502369351067	-0.25	0.0	0.0	0.0
1502369351101	-0.25	0.0	0.0	0.0
1502369351134	-0.25	0.0	0.0	0.0
1502369351167	-0.25	0.0	0.0	0.0
1502369351200	-0.25	0.0	0.0	0.0
1502369351219	-0.25	0.0	0.0	0.0
1502369351250	-0.25	0.0	0.0	0.0
1502369351283	-0.25	0.0	0.0	0.0
1502369351304	-0.25	0.0	0.0	0.0
1502369351335	-0.25	0.0	0.0	0.0
1502369351368	-0.25	0.0	0.0	0.0
1502369351393	-0.25	0.0	0.0	0.0
1502369351425	-0.25	0.0	0.0	0.0
1502369351457	-0.25	0.0	0.0	0.0
1502369351484	-0.25	0.0	0.0	0.0
1502369351517	-0.25	0.0	0.0	0.0
1502369351551	-0.25	0.0	0.0	0.0
1502369351579	-0.25	0.0	0.0	0.0
1502369351610	-0.25	0.0	0.0	0.0
1502369351643	-0.25	0.0	0.0	0.0
1502369351662	-0.25	0.0	0.0	0.0
1502369351693	-0.25	0.0	0.0	0.0
1502369351724	-0.25	0.0	0.0	0.0
1502369351753	-0.25	0.0	0.0	0.0
1502369351784	-0.25	0.0	0.0	0.0
1502369351817	-0.25	0.0	0.0	0.0
1502369351839	-0.25	0.0	0.0	0.0
1502369351874	-0.25	0.0	0.0	0.0
1502369351907	-0.25	0.0	0.0	0.0
1502369351936	-0.25	0.0	0.0	0.0
1502369351968	-0.25	0.0	0.0	0.0
1502369352000	-0.25	0.0	0.0	0.0
1502369352030	-0.25	0.0	0.0	0.0
1502369352063	-0.25	0.0	0.0	0.0
1502369352070	-0.25	0.0	0.0	0.0
1502369352101	-0.25	0.0	0.0	0.0
1502369352130	-0.25	0.0	0.0	0.0
1502369352164	-0.25	0.0	0.0	0.0
1502369352195	-0.25	0.0	0.0	0.0
1502369352211	-0.25	0.0	0.0	0.0
1502369352242	-0.25	0.0	0.0	0.0
1502369352276	-0.25	0.0	0.0	0.0
1502369352294	-0.25	0.0	0.0	0.0
1502369352324	-0.25	0.0	0.0	0.0
1502369352358	-0.25	0.0	0.0	0.0
1502369352376	-0.25	0.0	0.0	0.0
1502369352408	-0.25	0.0	0.0	0.0
1502369352439	-0.25	0.0	0.0	0.0
1502369352460	-0.25	0.0	0.0	0.0
1502369352490	-0.25	0.0	0.0	0.0
1502369352524	-0.25	0.0	0.0	0.0
1502369352543	-0.25	0.0	0.0	0.0
1502369352576	-0.25	0.0	0.0	0.0
1502369352605	-0.25	0.0	0.0	0.0
1502369352628	-0.25	0.0	0.0	0.0
1502369352658	-0.25	0.0	0.0	0.0
1502369352691	-0.25	0.0	0.0	0.0
1502369352707	-0.25	0.0	0.0	0.0
1502369352740	-0.25	0.0	0.0	0.0
1502369352774	-0.25	0.0	0.0	0.0
1502369352793	-0.25	0.0	0.0	0.0
1502369352824	-0.25	0.0	0.0	0.0
1502369352858	-0.25	0.0	0.0	0.0
1502369352879	-0.25	0.0	0.0	0.0
1502369352911	-0.25	0.0	0.0	0.0
1502369352942	-0.25	0.0	0.0	0.0
1502369352955	-0.25	0.0	0.0	0.0
1502369352986	-0.25	0.0	0.0	0.0
1502369353018	-0.25	0.0	0.0	0.0
1502369353043	-0.25	0.0	0.0	0.0
1502369353076	-0.25	0.0	0.0	0.0
1502369353107	-0.25	0.0	0.0	0.0
1502369353127	-0.25	0.0	0.0	0.0
1502369353158	-0.25	0.0	0.0	0.0
1502369353188	-0.25	0.0	0.0	0.0
1502369353207	-0.25	0.0	0.0	0.0
1502369353242	-0.25	0.0	0.0	0.0
1502369353274	-0.25	0.0	0.0	0.0
1502369353293	-0.25	0.0	0.0	0.0
1502369353327	-0.25	0.0	0.0	0.0
1502369353360	-0.25	0.0	0.0	0.0
1502369353373	-0.25	0.0	0.0	0.0
1502369353402	-0.25	0.0	0.0	0.0
1502369353433	-0.25	0.0	0.0	0.0
1502369353464	-0.25	0.0	0.0	0.0
1502369353467	0.0	0.0	0.0	0.0
1502369355621	0.25	0.0	0.0	0.0
1502369355650	0.25	0.0	0.0	0.0
1502369355684	0.25	0.0	0.0	0.0
1502369355717	0.25	0.0	0.0	0.0
1502369355750	0.25	0.0	0.0	0.0
1502369355784	0.25	0.0	0.0	0.0
1502369355814	0.25	0.0	0.0	0.0
1502369355844	0.25	0.0	0.0	0.0
1502369355875	0.25	0.0	0.0	0.0
1502369355908	0.25	0.0	0.0	0.0
1502369355937	0.25	0.0	0.0	0.0
1502369355968	0.25	0.0	0.0	0.0
1502369356001	0.25	0.0	0.0	0.0
1502369356034	0.25	0.0	0.0	0.0
1502369356067	0.25	0.0	0.0	0.0
1502369356100	0.25	0.0	0.0	0.0
1502369356134	0.25	0.0	0.0	0.0
1502369356147	0.25	0.0	0.0	0.0
1502369356181	0.25	0.0	0.0	0.0
1502369356212	0.25	0.0	0.0	0.0
1502369356235	0.25	0.0	0.0	0.0
1502369356267	0.25	0.0	0.0	0.0
1502369356301	0.25	0.0	0.0	0.0
1502369356327	0.25	0.0	0.0	0.0
1502369356358	0.25	0.0	0.0	0.0
1502369356388	0.25	0.0	0.0	0.0
1502369356418	0.25	0.0	0.0	0.0
1502369356424	0.25	0.0	0.0	0.0
1502369356457	0.25	0.0	0.0	0.0
1502369356487	0.25	0.0	0.0	0.0
1502369356515	0.25	0.0	0.0	0.0
1502369356546	0.25	0.0	0.0	0.0
1502369356580	0.25	0.0	0.0	0.0
1502369356603	0.25	0.0	0.0	0.0
1502369356635	0.25	0.0	0.0	0.0
1502369356667	0.25	0.0	0.0	0.0
1502369356691	0.25	0.0	0.0	0.0
1502369356724	0.25	0.0	0.0	0.0
1502369356759	0.25	0.0	0.0	0.0
1502369356775	0.25	0.0	0.0	0.0
1502369356807	0.25	0.0	0.0	0.0
1502369356840	0.25	0.0	0.0	0.0
1502369356858	0.25	0.0	0.0	0.0
1502369356890	0.25	0.0	0.0	0.0
1502369356923	0.25	0.0	0.0	0.0
1502369356958	0.25	0.0	0.0	0.0
1502369356969	0.25	0.0	0.0	0.0
1502369357000	0.25	0.0	0.0	0.0
1502369357034	0.25	0.0	0.0	0.0
1502369357035	0.25	0.0	0.0	0.0
1502369357067	0.25	0.0	0.0	0.0
1502369357098	0.25	0.0	0.0	0.0
1502369357112	0.25	0.0	0.0	0.0
1502369357142	0.25	0.0	0.0	0.0
1502369357175	0.25	0.0	0.0	0.0
1502369357199	0.25	0.0	0.0	0.0
1502369357228	0.25	0.0	0.0	0.0
1502369357262	0.25	0.0	0.0	0.0
1502369357280	0.25	0.0	0.0	0.0
1502369357310	0.25	0.0	0.0	0.0
1502369357340	0.25	0.0	0.0	0.0
1502369357364	0.0	0.0	0.0	0.25
1502369357394	0.0	0.0	0.0	0.25
1502369357425	0.0	0.0	0.0	0.25
1502369357454	0.0	0.0	0.0	0.25
1502369357484	0.0	0.0	0.0	0.25
1502369357517	0.0	0.0	0.0	0.25
1502369357535	0.0	0.0	0.0	0.25
1502369357567	0.0	0.0	0.0	0.25
1502369357601	0.0	0.0	0.0	0.25
1502369357619	0.0	0.0	0.0	0.25
1502369357650	0.0	0.0	0.0	0.25
1502369357680	0.0	0.0	0.0	0.25
1502369357709	0.0	0.0	0.0	0.25
1502369357712	0.0	0.0	0.0	0.25
1502369357742	0.0	0.0	0.0	0.25
1502369357775	0.0	0.0	0.0	0.25
1502369357795	0.0	0.0	0.0	0.25
1502369357826	0.0	0.0	0.0	0.25
1502369357858	0.0	0.0	0.0	0.25
1502369357872	0.0	0.0	0.0	0.25
1502369357902	0.0	0.0	0.0	0.25
1502369357934	0.0	0.0	0.0	0.25
1502369357961	0.0	0.0	0.0	0.25
1502369357992	0.0	0.0	0.0	0.25
1502369358026	0.0	0.0	0.0	0.25
1502369358048	0.0	0.0	0.0	0.25
1502369358080	0.0	0.0	0.0	0.25
1502369358112	0.0	0.0	0.0	0.25
1502369358128	0.0	0.0	0.0	0.25
1502369358159	0.0	0.0	0.0	0.25
1502369358180	0.0	0.0	0.0	0.0
1502369358199	0.0	0.0	0.0	0.0
1502369360802	0.0	0.0	0.25	0.0
1502369360834	0.0	0.0	0.25	0.0
1502369360865	0.0	0.0	0.25	0.0
1502369360896	0.0	0.0	0.25	0.0
1502369360927	0.0	0.0	0.25	0.0
1502369360958	0.0	0.0	0.25	0.0
1502369360988	0.0	0.0	0.25	0.0
1502369361019	0.0	0.0	0.25	0.0
1502369361051	0.0	0.0	0.25	0.0
1502369361084	0.0	0.0	0.25	0.0
1502369361115	0.0	0.0	0.25	0.0
1502369361149	0.0	0.0	0.25	0.0
1502369361179	0.0	0.0	0.25	0.0
1502369361191	0.0	0.0	0.0	0.0
1502369361385	0.0	0.0	0.0	0.0
1502369363310	0.0	0.0	0.0	-0.25
1502369363342	0.0	0.0	0.0	-0.25
1502369363374	0.0	0.0	0.0	-0.25
1502369363408	0.0	0.0	0.0	-0.25
1502369363438	0.0	0.0	0.0	-0.25
1502369363469	0.0	0.0	0.0	-0.25
1502369363501	0.0	0.0	0.0	-0.25
1502369363534	0.0	0.0	0.0	-0.25
1502369363568	0.0	0.0	0.0	-0.25
1502369363601	0.0	0.0	0.0	-0.25
1502369363633	0.0	0.0	0.0	-0.25
1502369363668	0.0	0.0	0.0	-0.25
1502369363699	0.0	0.0	0.0	-0.25
1502369363730	0.0	0.0	0.0	-0.25
1502369363761	0.0	0.0	0.0	-0.25
1502369363791	0.0	0.0	0.0	-0.25
1502369363823	0.0	0.0	0.0	-0.25
1502369363858	0.0	0.0	0.0	-0.25
1502369363892	0.0	0.0	0.0	-0.25
1502369363909	0.0	0.0	0.0	-0.25
1502369363940	0.0	0.0	0.0	-0.25
1502369363969	0.0	0.0	0.0	-0.25
1502369363996	0.0	0.0	0.0	-0.25
1502369364027	0.0	0.0	0.0	-0.25
1502369364058	0.0	0.0	0.0	-0.25
1502369364073	0.0	0.0	0.0	-0.25
1502369364108	0.0	0.0	0.0	-0.25
1502369364142	0.0	0.0	0.0	-0.25
1502369364167	0.0	0.0	0.0	-0.25
1502369364200	0.0	0.0	0.0	-0.25
1502369364233	0.0	0.0	0.0	-0.25
1502369364242	0.0	0.0	0.0	-0.25
1502369364273	0.0	0.0	0.0	-0.25
1502369364308	0.0	0.0	0.0	-0.25
1502369364332	0.0	0.0	0.0	-0.25
1502369364363	0.0	0.0	0.0	-0.25
1502369364394	0.0	0.0	0.0	-0.25
1502369364411	0.0	0.0	0.0	-0.25
1502369364442	0.0	0.0	0.0	-0.25
1502369364476	0.0	0.0	0.0	-0.25
1502369364497	0.0	0.0	0.0	-0.25
1502369364526	0.0	0.0	0.0	-0.25
1502369364558	0.0	0.0	0.0	-0.25
1502369364582	0.0	0.0	0.0	-0.25
1502369364612	0.0	0.0	0.0	-0.25
1502369364643	0.0	0.0	0.0	-0.25
1502369364664	0.0	0.0	0.0	-0.25
1502369364698	0.0	0.0	0.0	-0.25
1502369364729	0.0	0.0	0.0	-0.25
1502369364760	0.0	0.0	0.0	-0.25
1502369364761	0.0	0.0	0.0	-0.25
1502369364792	0.0	0.0	0.0	-0.25
1502369364824	0.0	0.0	0.0	-0.25
1502369364852	0.0	0.0	0.0	-0.25
1502369364885	0.0	0.0	0.0	-0.25
1502369364917	0.0	0.0	0.0	-0.25
1502369364931	0.0	0.0	0.0	-0.25
1502369364963	0.0	0.0	0.0	-0.25
1502369364993	0.0	0.0	0.0	-0.25
1502369365013	0.0	0.0	0.0	-0.25
1502369365043	0.0	0.0	0.0	-0.25
1502369365074	0.0	0.0	0.0	-0.25
1502369365093	0.0	0.0	0.0	-0.25
1502369365124	0.0	0.0	0.0	-0.25
1502369365157	0.0	0.0	0.0	-0.25
1502369365174	0.0	0.0	0.0	-0.25
1502369365208	0.0	0.0	0.0	-0.25
1502369365238	0.0	0.0	0.0	-0.25
1502369365257	0.0	0.0	0.0	-0.25
1502369365292	0.0	0.0	0.0	-0.25
1502369365325	0.0	0.0	0.0	-0.25
1502369365343	0.0	0.0	0.0	-0.25
1502369365375	0.0	0.0	0.0	-0.25
1502369365406	0.0	0.0	0.0	-0.25
1502369365436	0.0	0.0	0.0	-0.25
1502369365437	0.0	0.0	0.0	-0.25
1502369365468	0.0	0.0	0.0	-0.25
1502369365501	0.0	0.0	0.0	-0.25
1502369365520	0.0	0.0	0.0	-0.25
1502369365551	0.0	0.0	0.0	-0.25
1502369365582	0.0	0.0	0.0	-0.25
1502369365607	0.0	0.0	0.0	-0.25
1502369365637	0.0	0.0	0.0	-0.25
1502369365668	0.0	0.0	0.0	-0.25
1502369365693	0.0	0.0	0.0	-0.25
1502369365724	0.0	0.0	0.0	-0.25
1502369365758	0.0	0.0	0.0	-0.25
1502369365777	0.0	0.0	0.0	-0.25
1502369365808	0.0	0.0	0.0	-0.25
1502369365839	0.0	0.0	0.0	-0.25
1502369365863	0.0	0.0	0.0	-0.25
1502369365893	0.0	0.0	0.0	-0.25
1502369365924	0.0	0.0	0.0	-0.25
1502369365959	0.0	0.0	0.0	-0.25
1502369365960	0.0	0.0	0.0	-0.25
1502369365992	0.0	0.0	0.0	-0.25
1502369366026	0.0	0.0	0.0	-0.25
1502369366049	0.0	0.0	0.0	-0.25
1502369366080	0.0	0.0	0.0	-0.25
1502369366110	0.0	0.0	0.0	-0.25
1502369366141	0.0	0.0	0.0	-0.25
1502369366174	0.0	0.0	0.0	-0.25
1502369366208	0.0	0.0	0.0	-0.25
1502369366227	0.0	0.0	0.0	-0.25
1502369366259	0.0	0.0	0.0	-0.25
1502369366289	0.0	0.0	0.0	-0.25
1502369366307	0.0	0.0	0.0	-0.25
1502369366338	0.0	0.0	0.0	-0.25
1502369366367	0.0	0.0	0.0	-0.25
1502369366393	0.0	0.0	0.0	-0.25
1502369366426	0.0	0.0	0.0	-0.25
1502369366458	0.0	0.0	0.0	-0.25
1502369366488	0.0	0.0	0.0	-0.25
1502369366493	0.0	0.0	0.0	-0.25
1502369366525	0.0	0.0	0.0	-0.25
1502369366558	0.0	0.0	0.0	-0.25
1502369366559	0.0	0.0	0.0	0.0
1502369366784	0.0	0.0	0.0	0.0
1502369367418	0.0	-0.25	0.0	0.0
1502369367451	0.0	-0.25	0.0	0.0
1502369367485	0.0	-0.25	0.0	0.0
1502369367518	0.0	-0.25	0.0	0.0
1502369367547	0.0	-0.25	0.0	0.0
1502369367578	0.0	-0.25	0.0	0.0
1502369367610	0.0	-0.25	0.0	0.0
1502369367640	0.0	-0.25	0.0	0.0
1502369367674	0.0	-0.25	0.0	0.0
1502369367708	0.0	-0.25	0.0	0.0
1502369367738	0.0	-0.25	0.0	0.0
1502369367769	0.0	-0.25	0.0	0.0
1502369367800	0.0	-0.25	0.0	0.0
1502369367835	0.0	-0.25	0.0	0.0
1502369367868	0.0	-0.25	0.0	0.0
1502369367902	0.0	-0.25	0.0	0.0
1502369367915	0.0	-0.25	0.0	0.0
1502369367946	0.0	-0.25	0.0	0.0
1502369367977	0.0	-0.25	0.0	0.0
1502369368003	0.0	-0.25	0.0	0.0
1502369368034	0.0	-0.25	0.0	0.0
1502369368064	0.0	-0.25	0.0	0.0
1502369368086	0.0	-0.25	0.0	0.0
1502369368118	0.0	-0.25	0.0	0.0
1502369368151	0.0	-0.25	0.0	0.0
1502369368170	0.0	-0.25	0.0	0.0
1502369368201	0.0	-0.25	0.0	0.0
1502369368235	0.0	-0.25	0.0	0.0
1502369368247	0.0	-0.25	0.0	0.0
1502369368278	0.0	-0.25	0.0	0.0
1502369368309	0.0	-0.25	0.0	0.0
1502369368336	0.0	-0.25	0.0	0.0
1502369368367	0.0	-0.25	0.0	0.0
1502369368401	0.0	-0.25	0.0	0.0
1502369368416	0.0	-0.25	0.0	0.0
1502369368446	0.0	-0.25	0.0	0.0
1502369368480	0.0	-0.25	0.0	0.0
1502369368504	0.0	-0.25	0.0	0.0
1502369368534	0.0	-0.25	0.0	0.0
1502369368568	0.0	-0.25	0.0	0.0
1502369368586	0.0	-0.25	0.0	0.0
1502369368617	0.0	-0.25	0.0	0.0
1502369368649	0.0	-0.25	0.0	0.0
1502369368667	0.0	-0.25	0.0	0.0
1502369368701	0.0	-0.25	0.0	0.0
1502369368734	0.0	-0.25	0.0	0.0
1502369368754	0.0	-0.25	0.0	0.0
1502369368785	0.0	-0.25	0.0	0.0
1502369368817	0.0	-0.25	0.0	0.0
1502369368832	0.0	-0.25	0.0	0.0
1502369368861	0.0	-0.25	0.0	0.0
1502369368892	0.0	-0.25	0.0	0.0
1502369368914	0.0	-0.25	0.0	0.0
1502369368933	0.0	0.0	0.0	0.0
1502369370623	0.25	0.0	0.0	0.0
1502369370654	0.25	0.0	0.0	0.0
1502369370686	0.25	0.0	0.0	0.0
1502369370718	0.25	0.0	0.0	0.0
1502369370751	0.25	0.0	0.0	0.0
1502369370784	0.25	0.0	0.0	0.0
1502369370818	0.25	0.0	0.0	0.0
1502369370851	0.25	0.0	0.0	0.0
1502369370885	0.25	0.0	0.0	0.0
1502369370917	0.25	0.0	0.0	0.0
1502369370951	0.25	0.0	0.0	0.0
1502369370983	0.25	0.0	0.0	0.0
1502369371013	0.25	0.0	0.0	0.0
1502369371047	0.25	0.0	0.0	0.0
1502369371077	0.25	0.0	0.0	0.0
1502369371108	0.25	0.0	0.0	0.0
1502369371140	0.25	0.0	0.0	0.0
1502369371174	0.25	0.0	0.0	0.0
1502369371209	0.25	0.0	0.0	0.0
1502369371226	0.25	0.0	0.0	0.0
1502369371258	0.25	0.0	0.0	0.0
1502369371288	0.25	0.0	0.0	0.0
1502369371316	0.25	0.0	0.0	0.0
1502369371348	0.25	0.0	0.0	0.0
1502369371379	0.25	0.0	0.0	0.0
1502369371401	0.25	0.0	0.0	0.0
1502369371434	0.25	0.0	0.0	0.0
1502369371468	0.25	0.0	0.0	0.0
1502369371497	0.25	0.0	0.0	0.0
1502369371528	0.25	0.0	0.0	0.0
1502369371558	0.25	0.0	0.0	0.0
1502369371582	0.25	0.0	0.0	0.0
1502369371614	0.25	0.0	0.0	0.0
1502369371643	0.25	0.0	0.0	0.0
1502369371670	0.25	0.0	0.0	0.0
1502369371683	0.0	0.0	0.0	0.0
1502369372830	0.0	0.25	0.0	0.0
1502369372862	0.0	0.25	0.0	0.0
1502369372893	0.0	0.25	0.0	0.0
1502369372926	0.0	0.25	0.0	0.0
1502369372960	0.0	0.25	0.0	0.0
1502369372990	0.0	0.25	0.0	0.0
1502369373024	0.0	0.25	0.0	0.0
1502369373058	0.0	0.25	0.0	0.0
1502369373088	0.0	0.25	0.0	0.0
1502369373119	0.0	0.25	0.0	0.0
1502369373151	0.0	0.25	0.0	0.0
1502369373185	0.0	0.25	0.0	0.0
1502369373219	0.0	0.25	0.0	0.0
1502369373251	0.0	0.25	0.0	0.0
1502369373284	0.0	0.25	0.0	0.0
1502369373318	0.0	0.25	0.0	0.0
1502369373336	0.0	0.25	0.0	0.0
1502369373369	0.0	0.25	0.0	0.0
1502369373402	0.0	0.25	0.0	0.0
1502369373423	0.0	0.25	0.0	0.0
1502369373453	0.0	0.25	0.0	0.0
1502369373485	0.0	0.25	0.0	0.0
1502369373503	0.0	0.25	0.0	0.0
1502369373534	0.0	0.25	0.0	0.0
1502369373564	0.0	0.25	0.0	0.0
1502369373585	0.0	0.25	0.0	0.0
1502369373615	0.0	0.25	0.0	0.0
1502369373646	0.0	0.25	0.0	0.0
1502369373671	0.0	0.25	0.0	0.0
1502369373701	0.0	0.25	0.0	0.0
1502369373731	0.0	0.25	0.0	0.0
1502369373756	0.0	0.25	0.0	0.0
1502369373786	0.0	0.25	0.0	0.0
1502369373818	0.0	0.25	0.0	0.0
1502369373840	0.0	0.25	0.0	0.0
1502369373874	0.0	0.25	0.0	0.0
1502369373908	0.0	0.25	0.0	0.0
1502369373937	0.0	0.25	0.0	0.0
1502369373968	0.0	0.25	0.0	0.0
1502369374001	0.0	0.25	0.0	0.0
1502369374016	0.0	0.25	0.0	0.0
1502369374047	0.0	0.25	0.0	0.0
1502369374077	0.0	0.25	0.0	0.0
1502369374108	0.0	0.25	0.0	0.0
1502369374110	0.0	0.25	0.0	0.0
1502369374143	0.0	0.25	0.0	0.0
1502369374176	0.0	0.25	0.0	0.0
1502369374182	0.0	0.25	0.0	0.0
1502369374213	0.0	0.25	0.0	0.0
1502369374242	0.0	0.25	0.0	0.0
1502369374268	0.0	0.25	0.0	0.0
1502369374302	0.0	0.25	0.0	0.0
1502369374334	0.0	0.25	0.0	0.0
1502369374351	0.0	0.25	0.0	0.0
1502369374385	0.0	0.25	0.0	0.0
1502369374414	0.0	0.25	0.0	0.0
1502369374440	0.0	0.25	0.0	0.0
1502369374474	0.0	0.25	0.0	0.0
1502369374508	0.0	0.25	0.0	0.0
1502369374517	0.0	0.25	0.0	0.0
1502369374531	0.0	0.0	0.0	0.0
1502369380102	-0.25	0.0	0.0	0.0
1502369380135	-0.25	0.0	0.0	0.0
1502369380168	-0.25	0.0	0.0	0.0
1502369380202	-0.25	0.0	0.0	0.0
1502369380235	-0.25	0.0	0.0	0.0
1502369380267	-0.25	0.0	0.0	0.0
1502369380297	-0.25	0.0	0.0	0.0
1502369380327	-0.25	0.0	0.0	0.0
1502369380360	-0.25	0.0	0.0	0.0
1502369380394	-0.25	0.0	0.0	0.0
1502369380425	-0.25	0.0	0.0	0.0
1502369380458	-0.25	0.0	0.0	0.0
1502369380489	-0.25	0.0	0.0	0.0
1502369380519	-0.25	0.0	0.0	0.0
1502369380551	-0.25	0.0	0.0	0.0
1502369380585	-0.25	0.0	0.0	0.0
1502369380612	-0.25	0.0	0.0	0.0
1502369380644	-0.25	0.0	0.0	0.0
1502369380675	-0.25	0.0	0.0	0.0
1502369380694	-0.25	0.0	0.0	0.0
1502369380727	-0.25	0.0	0.0	0.0
1502369380761	-0.25	0.0	0.0	0.0
1502369380771	-0.25	0.0	0.0	0.0
1502369380801	-0.25	0.0	0.0	0.0
1502369380835	-0.25	0.0	0.0	0.0
1502369380867	-0.25	0.0	0.0	0.0
1502369380875	-0.25	0.0	0.0	0.0
1502369380908	-0.25	0.0	0.0	0.0
1502369380938	-0.25	0.0	0.0	0.0
1502369380953	-0.25	0.0	0.0	0.0
1502369380985	-0.25	0.0	0.0	0.0
1502369381018	-0.25	0.0	0.0	0.0
1502369381046	-0.25	0.0	0.0	0.0
1502369381077	-0.25	0.0	0.0	0.0
1502369381108	-0.25	0.0	0.0	0.0
1502369381136	-0.25	0.0	0.0	0.0
1502369381167	-0.25	0.0	0.0	0.0
1502369381197	-0.25	0.0	0.0	0.0
1502369381219	-0.25	0.0	0.0	0.0
1502369381252	-0.25	0.0	0.0	0.0
1502369381285	-0.25	0.0	0.0	0.0
1502369381317	-0.25	0.0	0.0	0.0
1502369381352	-0.25	0.0	0.0	0.0
1502369381385	-0.25	0.0	0.0	0.0
1502369381398	-0.25	0.0	0.0	0.0
1502369381429	-0.25	0.0	0.0	0.0
1502369381459	-0.25	0.0	0.0	0.0
1502369381492	-0.25	0.0	0.0	0.0
1502369381493	-0.25	0.0	0.0	0.0
1502369381525	-0.25	0.0	0.0	0.0
1502369381558	-0.25	0.0	0.0	0.0
1502369381589	-0.25	0.0	0.0	0.0
1502369381590	-0.25	0.0	0.0	0.0
1502369381625	-0.25	0.0	0.0	0.0
1502369381666	-0.25	0.0	0.0	0.0
1502369381678	-0.25	0.0	0.0	0.0
1502369381708	-0.25	0.0	0.0	0.0
1502369381716	-0.25	0.0	0.0	0.0
1502369381747	-0.25	0.0	0.0	0.0
1502369381760	-0.25	0.0	0.0	0.0
1502369381792	-0.25	0.0	0.0	0.0
1502369381818	-0.25	0.0	0.0	0.0
1502369381851	-0.25	0.0	0.0	0.0
1502369381884	-0.25	0.0	0.0	0.0
1502369381897	-0.25	0.0	0.0	0.0
1502369381930	-0.25	0.0	0.0	0.0
1502369381960	-0.25	0.0	0.0	0.0
1502369381982	-0.25	0.0	0.0	0.0
1502369382013	0.0	0.0	0.0	0.0
1502369383480	0.25	0.0	0.0	0.0
1502369383514	0.25	0.0	0.0	0.0
1502369383546	0.25	0.0	0.0	0.0
1502369383577	0.25	0.0	0.0	0.0
1502369383608	0.25	0.0	0.0	0.0
1502369383639	0.25	0.0	0.0	0.0
1502369383668	0.25	0.0	0.0	0.0
1502369383702	0.25	0.0	0.0	0.0
1502369383735	0.25	0.0	0.0	0.0
1502369383768	0.25	0.0	0.0	0.0
1502369383801	0.25	0.0	0.0	0.0
1502369383835	0.25	0.0	0.0	0.0
1502369383868	0.25	0.0	0.0	0.0
1502369383901	0.25	0.0	0.0	0.0
1502369383935	0.25	0.0	0.0	0.0
1502369383968	0.25	0.0	0.0	0.0
1502369383976	0.25	0.0	0.0	0.0
1502369384009	0.25	0.0	0.0	0.0
1502369384039	0.25	0.0	0.0	0.0
1502369384067	0.25	0.0	0.0	0.0
1502369384097	0.25	0.0	0.0	0.0
1502369384127	0.25	0.0	0.0	0.0
1502369384143	0.25	0.0	0.0	0.0
1502369384176	0.25	0.0	0.0	0.0
1502369384210	0.25	0.0	0.0	0.0
1502369384240	0.25	0.0	0.0	0.0
1502369384247	0.25	0.0	0.0	0.0
1502369384278	0.25	0.0	0.0	0.0
1502369384309	0.25	0.0	0.0	0.0
1502369384320	0.25	0.0	0.0	0.0
1502369384352	0.25	0.0	0.0	0.0
1502369384387	0.25	0.0	0.0	0.0
1502369384405	0.25	0.0	0.0	0.0
1502369384436	0.25	0.0	0.0	0.0
1502369384468	0.25	0.0	0.0	0.0
1502369384482	0.25	0.0	0.0	0.0
1502369384515	0.25	0.0	0.0	0.0
1502369384545	0.25	0.0	0.0	0.0
1502369384573	0.25	0.0	0.0	0.0
1502369384603	0.25	0.0	0.0	0.0
1502369384635	0.25	0.0	0.0	0.0
1502369384654	0.25	0.0	0.0	0.0
1502369384688	0.25	0.0	0.0	0.0
1502369384721	0.25	0.0	0.0	0.0
1502369384732	0.25	0.0	0.0	0.0
1502369384763	0.25	0.0	0.0	0.0
1502369384797	0.25	0.0	0.0	0.0
1502369384827	0.25	0.0	0.0	0.0
1502369384858	0.25	0.0	0.0	0.0
1502369384890	0.25	0.0	0.0	0.0
1502369384919	0.25	0.0	0.0	0.0
1502369384952	0.25	0.0	0.0	0.0
1502369384985	0.25	0.0	0.0	0.0
1502369385003	0.25	0.0	0.0	0.0
1502369385034	0.25	0.0	0.0	0.0
1502369385069	0.25	0.0	0.0	0.0
1502369385100	0.25	0.0	0.0	0.0
1502369385133	0.25	0.0	0.0	0.0
1502369385164	0.25	0.0	0.0	0.0
1502369385181	0.25	0.0	0.0	0.0
1502369385211	0.25	0.0	0.0	0.0
1502369385241	0.25	0.0	0.0	0.0
1502369385271	0.25	0.0	0.0	0.0
1502369385287	0.0	0.0	0.0	0.0
1502369385929	0.0	0.0	0.25	0.0
1502369385960	0.0	0.0	0.25	0.0
1502369385991	0.0	0.0	0.25	0.0
1502369386025	0.0	0.0	0.25	0.0
1502369386060	0.0	0.0	0.25	0.0
1502369386092	0.0	0.0	0.25	0.0
1502369386125	0.0	0.0	0.25	0.0
1502369386158	0.0	0.0	0.25	0.0
1502369386188	0.0	0.0	0.25	0.0
1502369386220	0.0	0.0	0.25	0.0
1502369386252	0.0	0.0	0.25	0.0
1502369386285	0.0	0.0	0.25	0.0
1502369386318	0.0	0.0	0.25	0.0
1502369386352	0.0	0.0	0.25	0.0
1502369386385	0.0	0.0	0.25	0.0
1502369386419	0.0	0.0	0.25	0.0
1502369386448	0.0	0.0	0.25	0.0
1502369386466	0.0	0.0	0.25	0.0
1502369386497	0.0	0.0	0.25	0.0
1502369386528	0.0	0.0	0.25	0.0
1502369386560	0.0	0.0	0.25	0.0
1502369386562	0.0	0.0	0.25	0.0
1502369386597	0.0	0.0	0.25	0.0
1502369386629	0.0	0.0	0.25	0.0
1502369386657	0.0	0.0	0.25	0.0
1502369386687	0.0	0.0	0.25	0.0
1502369386718	0.0	0.0	0.25	0.0
1502369386727	0.0	0.0	0.25	0.0
1502369386760	0.0	0.0	0.25	0.0
1502369386784	0.0	0.0	0.25	0.0
1502369386818	0.0	0.0	0.25	0.0
1502369386833	0.0	0.0	0.25	0.0
1502369386863	0.0	0.0	0.25	0.0
1502369386893	0.0	0.0	0.25	0.0
1502369386895	0.0	0.0	0.25	0.0
1502369386926	0.0	0.0	0.25	0.0
1502369386958	0.0	0.0	0.25	0.0
1502369386973	0.0	0.0	0.25	0.0
1502369387003	0.0	0.0	0.25	0.0
1502369387035	0.0	0.0	0.25	0.0
1502369387063	0.0	0.0	0.25	0.0
1502369387094	0.0	0.0	0.25	0.0
1502369387125	0.0	0.0	0.25	0.0
1502369387142	0.0	0.0	0.25	0.0
1502369387175	0.0	0.0	0.25	0.0
1502369387208	0.0	0.0	0.25	0.0
1502369387239	0.0	0.0	0.25	0.0
1502369387243	0.0	0.0	0.25	0.0
1502369387277	0.0	0.0	0.25	0.0
1502369387307	0.0	0.0	0.25	0.0
1502369387311	0.0	0.0	0.25	0.0
1502369387342	0.0	0.0	0.25	0.0
1502369387376	0.0	0.0	0.25	0.0
1502369387399	0.0	0.0	0.25	0.0
1502369387428	0.0	0.0	0.25	0.0
1502369387459	0.0	0.0	0.25	0.0
1502369387482	0.0	0.0	0.25	0.0
1502369387513	0.0	0.0	0.25	0.0
1502369387544	0.0	0.0	0.25	0.0
1502369387563	0.0	0.0	0.25	0.0
1502369387594	0.0	0.0	0.25	0.0
1502369387626	0.0	0.0	0.25	0.0
1502369387653	0.0	0.0	0.25	0.0
1502369387684	0.0	0.0	0.25	0.0
1502369387716	0.0	0.0	0.25	0.0
1502369387730	0.0	0.0	0.25	0.0
1502369387761	0.0	0.0	0.25	0.0
1502369387794	0.0	0.0	0.25	0.0
1502369387815	0.0	0.0	0.25	0.0
1502369387846	0.0	0.0	0.25	0.0
1502369387877	0.0	0.0	0.25	0.0
1502369387896	0.0	0.0	0.25	0.0
1502369387926	0.0	0.0	0.25	0.0
1502369387960	0.0	0.0	0.25	0.0
1502369387982	0.0	0.0	0.25	0.0
1502369388012	0.0	0.0	0.25	0.0
1502369388042	0.0	0.0	0.25	0.0
1502369388066	0.0	0.0	0.25	0.0
1502369388096	0.0	0.0	0.25	0.0
1502369388126	0.0	0.0	0.25	0.0
1502369388157	0.0	0.0	0.25	0.0
1502369388188	0.0	0.0	0.25	0.0
1502369388219	0.0	0.0	0.25	0.0
1502369388232	0.0	0.0	0.25	0.0
1502369388263	0.0	0.0	0.25	0.0
1502369388292	0.0	0.0	0.25	0.0
1502369388315	0.0	0.0	0.25	0.0
1502369388348	0.0	0.0	0.25	0.0
1502369388378	0.0	0.0	0.25	0.0
1502369388410	0.0	0.0	0.25	0.0
1502369388443	0.0	0.0	0.25	0.0
1502369388476	0.0	0.0	0.25	0.0
1502369388493	0.0	0.0	0.25	0.0
1502369388526	0.0	0.0	0.25	0.0
1502369388561	0.0	0.0	0.25	0.0
1502369388577	0.0	0.0	0.0	0.0
1502369388583	0.0	-0.25	0.0	0.0
1502369388618	0.0	-0.25	0.0	0.0
1502369388648	0.0	-0.25	0.0	0.0
1502369388665	0.0	-0.25	0.0	0.0
1502369388694	0.0	-0.25	0.0	0.0
1502369388725	0.0	-0.25	0.0	0.0
1502369388740	0.0	-0.25	0.0	0.0
1502369388775	0.0	-0.25	0.0	0.0
1502369388809	0.0	-0.25	0.0	0.0
1502369388823	0.0	-0.25	0.0	0.0
1502369388853	0.0	-0.25	0.0	0.0
1502369388885	0.0	-0.25	0.0	0.0
1502369388902	0.0	-0.25	0.0	0.0
1502369388913	0.0	0.0	0.0	0.0
1502369389857	0.0	0.0	0.25	0.0
1502369389888	0.0	0.0	0.25	0.0
1502369389919	0.0	0.0	0.25	0.0
1502369389951	0.0	0.0	0.25	0.0
1502369389985	0.0	0.0	0.25	0.0
1502369390018	0.0	0.0	0.25	0.0
1502369390051	0.0	0.0	0.25	0.0
1502369390084	0.0	0.0	0.25	0.0
1502369390118	0.0	0.0	0.25	0.0
1502369390151	0.0	0.0	0.25	0.0
1502369390186	0.0	0.0	0.25	0.0
1502369390218	0.0	0.0	0.25	0.0
1502369390249	0.0	0.0	0.25	0.0
1502369390280	0.0	0.0	0.25	0.0
1502369390313	0.0	0.0	0.25	0.0
1502369390344	0.0	0.0	0.25	0.0
1502369390367	0.0	0.0	0.25	0.0
1502369390401	0.0	0.0	0.25	0.0
1502369390435	0.0	0.0	0.25	0.0
1502369390460	0.0	0.0	0.25	0.0
1502369390491	0.0	0.0	0.25	0.0
1502369390520	0.0	0.0	0.25	0.0
1502369390552	0.0	0.0	0.25	0.0
1502369390552	0.0	0.0	0.25	0.0
1502369390584	0.0	0.0	0.25	0.0
1502369390618	0.0	0.0	0.25	0.0
1502369390639	0.0	0.0	0.25	0.0
1502369390672	0.0	0.0	0.25	0.0
1502369390703	0.0	0.0	0.25	0.0
1502369390729	0.0	0.0	0.25	0.0
1502369390759	0.0	0.0	0.25	0.0
1502369390790	0.0	0.0	0.25	0.0
1502369390814	0.0	0.0	0.25	0.0
1502369390846	0.0	0.0	0.25	0.0
1502369390880	0.0	0.0	0.25	0.0
1502369390898	0.0	0.0	0.25	0.0
1502369390930	0.0	0.0	0.25	0.0
1502369390960	0.0	0.0	0.25	0.0
1502369390984	0.0	0.0	0.25	0.0
1502369391018	0.0	0.0	0.25	0.0
1502369391051	0.0	0.0	0.25	0.0
1502369391064	0.0	0.0	0.25	0.0
1502369391097	0.0	0.0	0.25	0.0
1502369391132	0.0	0.0	0.25	0.0
1502369391157	0.0	0.0	0.25	0.0
1502369391187	0.0	0.0	0.25	0.0
1502369391219	0.0	0.0	0.25	0.0
1502369391239	0.0	0.0	0.25	0.0
1502369391270	0.0	0.0	0.25	0.0
1502369391302	0.0	0.0	0.25	0.0
1502369391320	0.0	0.0	0.25	0.0
1502369391352	0.0	0.0	0.25	0.0
1502369391385	0.0	0.0	0.25	0.0
1502369391402	0.0	0.0	0.25	0.0
1502369391437	0.0	0.0	0.25	0.0
1502369391468	0.0	0.0	0.25	0.0
1502369391498	0.0	0.0	0.25	0.0
1502369391532	0.0	0.0	0.25	0.0
1502369391563	0.0	0.0	0.25	0.0
1502369391583	0.0	0.0	0.25	0.0
1502369391616	0.0	0.0	0.25	0.0
1502369391650	0.0	0.0	0.25	0.0
1502369391679	0.0	0.0	0.25	0.0
1502369391711	0.0	0.0	0.25	0.0
1502369391724	0.0	0.0	0.25	0.0
1502369391758	0.0	0.0	0.25	0.0
1502369391788	0.0	0.0	0.25	0.0
1502369391818	0.0	0.0	0.25	0.0
1502369391852	0.0	0.0	0.25	0.0
1502369391869	0.0	0.0	0.25	0.0
1502369391902	0.0	0.0	0.25	0.0
1502369391935	0.0	0.0	0.25	0.0
1502369391953	0.0	0.0	0.25	0.0
1502369391983	0.0	0.0	0.25	0.0
1502369392015	0.0	0.0	0.25	0.0
1502369392044	0.0	0.0	0.25	0.0
1502369392046	0.0	0.0	0.25	0.0
1502369392076	0.0	0.0	0.25	0.0
1502369392108	0.0	0.0	0.25	0.0
1502369392125	0.0	0.0	0.25	0.0
1502369392155	0.0	0.0	0.25	0.0
1502369392186	0.0	0.0	0.25	0.0
1502369392211	0.0	0.0	0.25	0.0
1502369392242	0.0	0.0	0.25	0.0
1502369392275	0.0	0.0	0.25	0.0
1502369392297	0.0	0.0	0.25	0.0
1502369392327	0.0	0.0	0.25	0.0
1502369392358	0.0	0.0	0.25	0.0
1502369392387	0.0	0.0	0.25	0.0
1502369392418	0.0	0.0	0.25	0.0
1502369392451	0.0	0.0	0.25	0.0
1502369392470	0.0	0.0	0.25	0.0
1502369392502	0.0	0.0	0.25	0.0
1502369392536	0.0	0.0	0.25	0.0
1502369392554	0.0	0.0	0.25	0.0
1502369392584	0.0	0.0	0.25	0.0
1502369392619	0.0	0.0	0.25	0.0
1502369392640	0.0	0.0	0.25	0.0
1502369392670	0.0	0.0	0.25	0.0
1502369392701	0.0	0.0	0.25	0.0
1502369392722	0.0	0.0	0.25	0.0
1502369392753	0.0	0.0	0.25	0.0
1502369392786	0.0	0.0	0.25	0.0
1502369392805	0.0	0.0	0.25	0.0
1502369392836	0.0	0.0	0.25	0.0
1502369392869	0.0	0.0	0.25	0.0
1502369392895	0.0	0.0	0.25	0.0
1502369392921	0.0	0.0	0.0	0.0
1502369392999	0.0	0.0	0.0	0.0
1502369396234	0.0	0.0	0.0	0.0
