1593505496806	0.0	0.0	0.0	0.0
1593505500682	-0.25	0.0	0.0	0.0
1593505500713	-0.25	0.0	0.0	0.0
1593505500747	-0.25	0.0	0.0	0.0
1593505500782	-0.25	0.0	0.0	0.0
1593505500812	-0.25	0.0	0.0	0.0
1593505500846	-0.25	0.0	0.0	0.0
1593505500880	-0.25	0.0	0.0	0.0
1593505500913	-0.25	0.0	0.0	0.0
1593505500948	-0.25	0.0	0.0	0.0
1593505500981	-0.25	0.0	0.0	0.0
1593505501014	-0.25	0.0	0.0	0.0
1593505501048	-0.25	0.0	0.0	0.0
1593505501079	-0.25	0.0	0.0	0.0
1593505501113	-0.25	0.0	0.0	0.0
1593505501149	-0.25	0.0	0.0	0.0
1593505501154	0.0	0.0	0.0	0.0
1593505501782	-0.25	0.0	0.0	0.0
1593505501813	-0.25	0.0	0.0	0.0
1593505501850	-0.25	0.0	0.0	0.0
1593505501884	-0.25	0.0	0.0	0.0
1593505501918	-0.25	0.0	0.0	0.0
1593505501929	0.0	0.0	0.0	0.0
1593505502192	-0.25	0.0	0.0	0.0
1593505502225	-0.25	0.0	0.0	0.0
1593505502257	-0.25	0.0	0.0	0.0
1593505502277	0.0	0.0	0.0	0.0
1593505502350	-0.25	0.0	0.0	0.0
1593505502380	-0.25	0.0	0.0	0.0
1593505502410	-0.25	0.0	0.0	0.0
1593505502445	-0.25	0.0	0.0	0.0
1593505502458	0.0	0.0	0.0	0.0
1593505502698	-0.25	0.0	0.0	0.0
1593505502730	-0.25	0.0	0.0	0.0
1593505502760	-0.25	0.0	0.0	0.0
1593505502795	-0.25	0.0	0.0	0.0
1593505502830	-0.25	0.0	0.0	0.0
1593505502846	0.0	0.0	0.0	0.0
1593505502956	-0.25	0.0	0.0	0.0
1593505502991	-0.25	0.0	0.0	0.0
1593505503023	-0.25	0.0	0.0	0.0
1593505503056	-0.25	0.0	0.0	0.0
1593505503059	0.0	0.0	0.0	0.0
1593505503138	-0.25	0.0	0.0	0.0
1593505503170	-0.25	0.0	0.0	0.0
1593505503205	-0.25	0.0	0.0	0.0
1593505503237	-0.25	0.0	0.0	0.0
1593505503271	-0.25	0.0	0.0	0.0
1593505503282	0.0	0.0	0.0	0.0
1593505504537	0.0	0.0	0.25	0.0
1593505504567	0.0	0.0	0.25	0.0
1593505504598	0.0	0.0	0.25	0.0
1593505504633	0.0	0.0	0.25	0.0
1593505504666	0.0	0.0	0.25	0.0
1593505504698	0.0	0.0	0.25	0.0
1593505504731	0.0	0.0	0.25	0.0
1593505504761	0.0	0.0	0.25	0.0
1593505504797	0.0	0.0	0.25	0.0
1593505504834	0.0	0.0	0.25	0.0
1593505504868	0.0	0.0	0.25	0.0
1593505504904	0.0	0.0	0.25	0.0
1593505504937	0.0	0.0	0.25	0.0
1593505504971	0.0	0.0	0.25	0.0
1593505505005	0.0	0.0	0.25	0.0
1593505505038	0.0	0.0	0.25	0.0
1593505505052	0.0	0.0	0.25	0.0
1593505505081	0.0	0.0	0.25	0.0
1593505505084	0.0	0.0	0.25	0.0
1593505505113	0.0	0.0	0.25	0.0
1593505505115	0.0	0.0	0.25	0.0
1593505505148	0.0	0.0	0.25	0.0
1593505505148	0.0	0.0	0.25	0.0
1593505505181	0.0	0.0	0.25	0.0
1593505505213	0.0	0.0	0.25	0.0
1593505505215	0.0	0.0	0.25	0.0
1593505505247	0.0	0.0	0.25	0.0
1593505505280	0.0	0.0	0.25	0.0
1593505505283	0.0	0.0	0.25	0.0
1593505505314	0.0	0.0	0.25	0.0
1593505505347	0.0	0.0	0.25	0.0
1593505505349	0.0	0.0	0.25	0.0
1593505505381	0.0	0.0	0.25	0.0
1593505505411	0.0	0.0	0.25	0.0
1593505505412	0.0	0.0	0.25	0.0
1593505505446	0.0	0.0	0.25	0.0
1593505505447	0.0	0.0	0.25	0.0
1593505505480	0.0	0.0	0.25	0.0
1593505505510	0.0	0.0	0.25	0.0
1593505505514	0.0	0.0	0.25	0.0
1593505505545	0.0	0.0	0.25	0.0
1593505505577	0.0	0.0	0.25	0.0
1593505505578	0.0	0.0	0.25	0.0
1593505505610	0.0	0.0	0.25	0.0
1593505505640	0.0	0.0	0.25	0.0
1593505505646	0.0	0.0	0.25	0.0
1593505505677	0.0	0.0	0.25	0.0
1593505505711	0.0	0.0	0.25	0.0
1593505505712	0.0	0.0	0.25	0.0
1593505505743	0.0	0.0	0.25	0.0
1593505505776	0.0	0.0	0.25	0.0
1593505505809	0.0	0.0	0.25	0.0
1593505505810	0.0	0.0	0.25	0.0
1593505505842	0.0	0.0	0.25	0.0
1593505505873	0.0	0.0	0.25	0.0
1593505505876	0.0	0.0	0.25	0.0
1593505505909	0.0	0.0	0.25	0.0
1593505505939	0.0	0.0	0.25	0.0
1593505505942	0.0	0.0	0.25	0.0
1593505505974	0.0	0.0	0.25	0.0
1593505505975	0.0	0.0	0.25	0.0
1593505506006	0.0	0.0	0.25	0.0
1593505506007	0.0	0.0	0.25	0.0
1593505506039	0.0	0.0	0.25	0.0
1593505506042	0.0	0.0	0.25	0.0
1593505506073	0.0	0.0	0.25	0.0
1593505506074	0.0	0.0	0.25	0.0
1593505506104	0.0	0.0	0.25	0.0
1593505506106	0.0	0.0	0.25	0.0
1593505506138	0.0	0.0	0.25	0.0
1593505506140	0.0	0.0	0.25	0.0
1593505506170	0.0	0.0	0.25	0.0
1593505506173	0.0	0.0	0.25	0.0
1593505506204	0.0	0.0	0.25	0.0
1593505506210	0.0	0.0	0.25	0.0
1593505506239	0.0	0.0	0.25	0.0
1593505506270	0.0	0.0	0.25	0.0
1593505506274	0.0	0.0	0.25	0.0
1593505506304	0.0	0.0	0.25	0.0
1593505506337	0.0	0.0	0.25	0.0
1593505506368	0.0	0.0	0.25	0.0
1593505506371	0.0	0.0	0.25	0.0
1593505506403	0.0	0.0	0.25	0.0
1593505506434	0.0	0.0	0.25	0.0
1593505506437	0.0	0.0	0.25	0.0
1593505506468	0.0	0.0	0.25	0.0
1593505506470	0.0	0.0	0.25	0.0
1593505506502	0.0	0.0	0.25	0.0
1593505506534	0.0	0.0	0.25	0.0
1593505506535	0.0	0.0	0.25	0.0
1593505506566	0.0	0.0	0.25	0.0
1593505506569	0.0	0.0	0.25	0.0
1593505506600	0.0	0.0	0.25	0.0
1593505506601	0.0	0.0	0.25	0.0
1593505506632	0.0	0.0	0.25	0.0
1593505506634	0.0	0.0	0.25	0.0
1593505506669	0.0	0.0	0.25	0.0
1593505506699	0.0	0.0	0.25	0.0
1593505506731	0.0	0.0	0.25	0.0
1593505506732	0.0	0.0	0.25	0.0
1593505506764	0.0	0.0	0.25	0.0
1593505506766	0.0	0.0	0.25	0.0
1593505506800	0.0	0.0	0.25	0.0
1593505506830	0.0	0.0	0.25	0.0
1593505506835	0.0	0.0	0.25	0.0
1593505506864	0.0	0.0	0.25	0.0
1593505506865	0.0	0.0	0.25	0.0
1593505506895	0.0	0.0	0.25	0.0
1593505506901	0.0	0.0	0.25	0.0
1593505506931	0.0	0.0	0.25	0.0
1593505506964	0.0	0.0	0.25	0.0
1593505506964	0.0	0.0	0.25	0.0
1593505506994	0.0	0.0	0.25	0.0
1593505506997	0.0	0.0	0.25	0.0
1593505507029	0.0	0.0	0.25	0.0
1593505507030	0.0	0.0	0.25	0.0
1593505507060	0.0	0.0	0.25	0.0
1593505507064	0.0	0.0	0.25	0.0
1593505507097	0.0	0.0	0.25	0.0
1593505507130	0.0	0.0	0.25	0.0
1593505507160	0.0	0.0	0.25	0.0
1593505507162	0.0	0.0	0.25	0.0
1593505507194	0.0	0.0	0.25	0.0
1593505507195	0.0	0.0	0.25	0.0
1593505507225	0.0	0.0	0.25	0.0
1593505507229	0.0	0.0	0.25	0.0
1593505507259	0.0	0.0	0.25	0.0
1593505507262	0.0	0.0	0.25	0.0
1593505507292	0.0	0.0	0.25	0.0
1593505507294	0.0	0.0	0.25	0.0
1593505507326	0.0	0.0	0.25	0.0
1593505507327	0.0	0.0	0.25	0.0
1593505507359	0.0	0.0	0.25	0.0
1593505507360	0.0	0.0	0.25	0.0
1593505507391	0.0	0.0	0.25	0.0
1593505507396	0.0	0.0	0.25	0.0
1593505507427	0.0	0.0	0.25	0.0
1593505507460	0.0	0.0	0.25	0.0
1593505507461	0.0	0.0	0.25	0.0
1593505507493	0.0	0.0	0.25	0.0
1593505507526	0.0	0.0	0.25	0.0
1593505507556	0.0	0.0	0.25	0.0
1593505507558	0.0	0.0	0.25	0.0
1593505507591	0.0	0.0	0.25	0.0
1593505507622	0.0	0.0	0.25	0.0
1593505507624	0.0	0.0	0.25	0.0
1593505507655	0.0	0.0	0.25	0.0
1593505507657	0.0	0.0	0.25	0.0
1593505507689	0.0	0.0	0.25	0.0
1593505507691	0.0	0.0	0.25	0.0
1593505507721	0.0	0.0	0.25	0.0
1593505507753	0.0	0.0	0.25	0.0
1593505507756	0.0	0.0	0.25	0.0
1593505507786	0.0	0.0	0.25	0.0
1593505507787	0.0	0.0	0.25	0.0
1593505507821	0.0	0.0	0.25	0.0
1593505507821	0.0	0.0	0.25	0.0
1593505507855	0.0	0.0	0.25	0.0
1593505507885	0.0	0.0	0.25	0.0
1593505507888	0.0	0.0	0.25	0.0
1593505507920	0.0	0.0	0.25	0.0
1593505507923	0.0	0.0	0.25	0.0
1593505507952	0.0	0.0	0.25	0.0
1593505507953	0.0	0.0	0.25	0.0
1593505507985	0.0	0.0	0.25	0.0
1593505507988	0.0	0.0	0.25	0.0
1593505508020	0.0	0.0	0.25	0.0
1593505508050	0.0	0.0	0.25	0.0
1593505508056	0.0	0.0	0.25	0.0
1593505508086	0.0	0.0	0.25	0.0
1593505508119	0.0	0.0	0.25	0.0
1593505508151	0.0	0.0	0.25	0.0
1593505508152	0.0	0.0	0.25	0.0
1593505508185	0.0	0.0	0.25	0.0
1593505508185	0.0	0.0	0.25	0.0
1593505508216	0.0	0.0	0.25	0.0
1593505508219	0.0	0.0	0.25	0.0
1593505508250	0.0	0.0	0.25	0.0
1593505508251	0.0	0.0	0.25	0.0
1593505508281	0.0	0.0	0.25	0.0
1593505508284	0.0	0.0	0.25	0.0
1593505508316	0.0	0.0	0.25	0.0
1593505508317	0.0	0.0	0.25	0.0
1593505508350	0.0	0.0	0.25	0.0
1593505508382	0.0	0.0	0.25	0.0
1593505508383	0.0	0.0	0.25	0.0
1593505508416	0.0	0.0	0.25	0.0
1593505508447	0.0	0.0	0.25	0.0
1593505508449	0.0	0.0	0.25	0.0
1593505508482	0.0	0.0	0.25	0.0
1593505508514	0.0	0.0	0.25	0.0
1593505508547	0.0	0.0	0.25	0.0
1593505508548	0.0	0.0	0.25	0.0
1593505508580	0.0	0.0	0.25	0.0
1593505508611	0.0	0.0	0.25	0.0
1593505508614	0.0	0.0	0.25	0.0
1593505508647	0.0	0.0	0.25	0.0
1593505508648	0.0	0.0	0.25	0.0
1593505508677	0.0	0.0	0.25	0.0
1593505508682	0.0	0.0	0.25	0.0
1593505508713	0.0	0.0	0.25	0.0
1593505508745	0.0	0.0	0.25	0.0
1593505508778	0.0	0.0	0.25	0.0
1593505508779	0.0	0.0	0.25	0.0
1593505508811	0.0	0.0	0.25	0.0
1593505508842	0.0	0.0	0.25	0.0
1593505508845	0.0	0.0	0.25	0.0
1593505508852	0.0	0.0	0.0	0.0
1593505508874	0.0	0.0	0.0	0.0
1593505511821	0.0	-0.25	0.0	0.0
1593505511851	0.0	-0.25	0.0	0.0
1593505511883	0.0	-0.25	0.0	0.0
1593505511920	0.0	-0.25	0.0	0.0
1593505511951	0.0	-0.25	0.0	0.0
1593505511983	0.0	-0.25	0.0	0.0
1593505512016	0.0	-0.25	0.0	0.0
1593505512047	0.0	-0.25	0.0	0.0
1593505512080	0.0	-0.25	0.0	0.0
1593505512112	0.0	-0.25	0.0	0.0
1593505512141	0.0	-0.25	0.0	0.0
1593505512173	0.0	-0.25	0.0	0.0
1593505512207	0.0	-0.25	0.0	0.0
1593505512238	0.0	-0.25	0.0	0.0
1593505512271	0.0	-0.25	0.0	0.0
1593505512302	0.0	-0.25	0.0	0.0
1593505512334	0.0	-0.25	0.0	0.0
1593505512335	0.0	-0.25	0.0	0.0
1593505512368	0.0	-0.25	0.0	0.0
1593505512398	0.0	-0.25	0.0	0.0
1593505512400	0.0	-0.25	0.0	0.0
1593505512433	0.0	-0.25	0.0	0.0
1593505512433	0.0	-0.25	0.0	0.0
1593505512466	0.0	-0.25	0.0	0.0
1593505512497	0.0	-0.25	0.0	0.0
1593505512500	0.0	-0.25	0.0	0.0
1593505512530	0.0	-0.25	0.0	0.0
1593505512532	0.0	-0.25	0.0	0.0
1593505512562	0.0	-0.25	0.0	0.0
1593505512565	0.0	-0.25	0.0	0.0
1593505512596	0.0	-0.25	0.0	0.0
1593505512598	0.0	-0.25	0.0	0.0
1593505512629	0.0	-0.25	0.0	0.0
1593505512631	0.0	-0.25	0.0	0.0
1593505512664	0.0	-0.25	0.0	0.0
1593505512665	0.0	-0.25	0.0	0.0
1593505512697	0.0	-0.25	0.0	0.0
1593505512728	0.0	-0.25	0.0	0.0
1593505512730	0.0	-0.25	0.0	0.0
1593505512761	0.0	-0.25	0.0	0.0
1593505512793	0.0	-0.25	0.0	0.0
1593505512795	0.0	-0.25	0.0	0.0
1593505512827	0.0	-0.25	0.0	0.0
1593505512830	0.0	-0.25	0.0	0.0
1593505512862	0.0	-0.25	0.0	0.0
1593505512893	0.0	-0.25	0.0	0.0
1593505512899	0.0	-0.25	0.0	0.0
1593505512927	0.0	-0.25	0.0	0.0
1593505512959	0.0	-0.25	0.0	0.0
1593505512961	0.0	-0.25	0.0	0.0
1593505512992	0.0	-0.25	0.0	0.0
1593505512994	0.0	-0.25	0.0	0.0
1593505513027	0.0	-0.25	0.0	0.0
1593505513060	0.0	-0.25	0.0	0.0
1593505513091	0.0	-0.25	0.0	0.0
1593505513093	0.0	-0.25	0.0	0.0
1593505513125	0.0	-0.25	0.0	0.0
1593505513130	0.0	-0.25	0.0	0.0
1593505513158	0.0	-0.25	0.0	0.0
1593505513190	0.0	-0.25	0.0	0.0
1593505513197	0.0	-0.25	0.0	0.0
1593505513222	0.0	-0.25	0.0	0.0
1593505513224	0.0	-0.25	0.0	0.0
1593505513257	0.0	-0.25	0.0	0.0
1593505513291	0.0	-0.25	0.0	0.0
1593505513323	0.0	-0.25	0.0	0.0
1593505513323	0.0	-0.25	0.0	0.0
1593505513354	0.0	-0.25	0.0	0.0
1593505513358	0.0	-0.25	0.0	0.0
1593505513388	0.0	-0.25	0.0	0.0
1593505513390	0.0	-0.25	0.0	0.0
1593505513422	0.0	-0.25	0.0	0.0
1593505513423	0.0	-0.25	0.0	0.0
1593505513453	0.0	-0.25	0.0	0.0
1593505513458	0.0	-0.25	0.0	0.0
1593505513490	0.0	-0.25	0.0	0.0
1593505513521	0.0	-0.25	0.0	0.0
1593505513523	0.0	-0.25	0.0	0.0
1593505513553	0.0	-0.25	0.0	0.0
1593505513555	0.0	-0.25	0.0	0.0
1593505513587	0.0	-0.25	0.0	0.0
1593505513590	0.0	-0.25	0.0	0.0
1593505513619	0.0	-0.25	0.0	0.0
1593505513621	0.0	-0.25	0.0	0.0
1593505513650	0.0	-0.25	0.0	0.0
1593505513653	0.0	-0.25	0.0	0.0
1593505513686	0.0	-0.25	0.0	0.0
1593505513716	0.0	-0.25	0.0	0.0
1593505513720	0.0	-0.25	0.0	0.0
1593505513752	0.0	-0.25	0.0	0.0
1593505513753	0.0	-0.25	0.0	0.0
1593505513785	0.0	-0.25	0.0	0.0
1593505513816	0.0	-0.25	0.0	0.0
1593505513820	0.0	-0.25	0.0	0.0
1593505513852	0.0	-0.25	0.0	0.0
1593505513883	0.0	-0.25	0.0	0.0
1593505513884	0.0	-0.25	0.0	0.0
1593505513916	0.0	-0.25	0.0	0.0
1593505513917	0.0	-0.25	0.0	0.0
1593505513947	0.0	-0.25	0.0	0.0
1593505513950	0.0	-0.25	0.0	0.0
1593505513983	0.0	-0.25	0.0	0.0
1593505514014	0.0	-0.25	0.0	0.0
1593505514016	0.0	-0.25	0.0	0.0
1593505514050	0.0	-0.25	0.0	0.0
1593505514083	0.0	-0.25	0.0	0.0
1593505514086	0.0	-0.25	0.0	0.0
1593505514117	0.0	-0.25	0.0	0.0
1593505514149	0.0	-0.25	0.0	0.0
1593505514150	0.0	-0.25	0.0	0.0
1593505514182	0.0	-0.25	0.0	0.0
1593505514213	0.0	-0.25	0.0	0.0
1593505514213	0.0	-0.25	0.0	0.0
1593505514247	0.0	-0.25	0.0	0.0
1593505514248	0.0	-0.25	0.0	0.0
1593505514278	0.0	-0.25	0.0	0.0
1593505514279	0.0	-0.25	0.0	0.0
1593505514311	0.0	-0.25	0.0	0.0
1593505514313	0.0	-0.25	0.0	0.0
1593505514344	0.0	-0.25	0.0	0.0
1593505514351	0.0	-0.25	0.0	0.0
1593505514379	0.0	-0.25	0.0	0.0
1593505514413	0.0	-0.25	0.0	0.0
1593505514414	0.0	-0.25	0.0	0.0
1593505514443	0.0	-0.25	0.0	0.0
1593505514444	0.0	-0.25	0.0	0.0
1593505514475	0.0	-0.25	0.0	0.0
1593505514477	0.0	-0.25	0.0	0.0
1593505514509	0.0	-0.25	0.0	0.0
1593505514511	0.0	-0.25	0.0	0.0
1593505514544	0.0	-0.25	0.0	0.0
1593505514575	0.0	-0.25	0.0	0.0
1593505514579	0.0	-0.25	0.0	0.0
1593505514609	0.0	-0.25	0.0	0.0
1593505514612	0.0	-0.25	0.0	0.0
1593505514644	0.0	-0.25	0.0	0.0
1593505514646	0.0	-0.25	0.0	0.0
1593505514678	0.0	-0.25	0.0	0.0
1593505514678	0.0	-0.25	0.0	0.0
1593505514709	0.0	-0.25	0.0	0.0
1593505514710	0.0	-0.25	0.0	0.0
1593505514742	0.0	-0.25	0.0	0.0
1593505514743	0.0	-0.25	0.0	0.0
1593505514773	0.0	-0.25	0.0	0.0
1593505514775	0.0	-0.25	0.0	0.0
1593505514809	0.0	-0.25	0.0	0.0
1593505514839	0.0	-0.25	0.0	0.0
1593505514840	0.0	-0.25	0.0	0.0
1593505514874	0.0	-0.25	0.0	0.0
1593505514875	0.0	-0.25	0.0	0.0
1593505514906	0.0	-0.25	0.0	0.0
1593505514907	0.0	-0.25	0.0	0.0
1593505514940	0.0	-0.25	0.0	0.0
1593505514970	0.0	-0.25	0.0	0.0
1593505514975	0.0	-0.25	0.0	0.0
1593505515006	0.0	-0.25	0.0	0.0
1593505515038	0.0	-0.25	0.0	0.0
1593505515040	0.0	-0.25	0.0	0.0
1593505515070	0.0	-0.25	0.0	0.0
1593505515074	0.0	-0.25	0.0	0.0
1593505515105	0.0	-0.25	0.0	0.0
1593505515105	0.0	-0.25	0.0	0.0
1593505515136	0.0	-0.25	0.0	0.0
1593505515139	0.0	-0.25	0.0	0.0
1593505515171	0.0	-0.25	0.0	0.0
1593505515201	0.0	-0.25	0.0	0.0
1593505515206	0.0	-0.25	0.0	0.0
1593505515237	0.0	-0.25	0.0	0.0
1593505515269	0.0	-0.25	0.0	0.0
1593505515275	0.0	-0.25	0.0	0.0
1593505515303	0.0	-0.25	0.0	0.0
1593505515335	0.0	-0.25	0.0	0.0
1593505515338	0.0	-0.25	0.0	0.0
1593505515370	0.0	-0.25	0.0	0.0
1593505515401	0.0	-0.25	0.0	0.0
1593505515401	0.0	-0.25	0.0	0.0
1593505515434	0.0	-0.25	0.0	0.0
1593505515436	0.0	-0.25	0.0	0.0
1593505515466	0.0	-0.25	0.0	0.0
1593505515467	0.0	-0.25	0.0	0.0
1593505515499	0.0	-0.25	0.0	0.0
1593505515502	0.0	-0.25	0.0	0.0
1593505515531	0.0	-0.25	0.0	0.0
1593505515534	0.0	-0.25	0.0	0.0
1593505515566	0.0	-0.25	0.0	0.0
1593505515566	0.0	-0.25	0.0	0.0
1593505515596	0.0	-0.25	0.0	0.0
1593505515599	0.0	-0.25	0.0	0.0
1593505515628	0.0	-0.25	0.0	0.0
1593505515632	0.0	-0.25	0.0	0.0
1593505515664	0.0	-0.25	0.0	0.0
1593505515666	0.0	-0.25	0.0	0.0
1593505515697	0.0	-0.25	0.0	0.0
1593505515698	0.0	-0.25	0.0	0.0
1593505515730	0.0	-0.25	0.0	0.0
1593505515731	0.0	-0.25	0.0	0.0
1593505515764	0.0	-0.25	0.0	0.0
1593505515796	0.0	-0.25	0.0	0.0
1593505515796	0.0	-0.25	0.0	0.0
1593505515828	0.0	-0.25	0.0	0.0
1593505515831	0.0	-0.25	0.0	0.0
1593505515863	0.0	-0.25	0.0	0.0
1593505515895	0.0	-0.25	0.0	0.0
1593505515896	0.0	-0.25	0.0	0.0
1593505515930	0.0	-0.25	0.0	0.0
1593505515961	0.0	-0.25	0.0	0.0
1593505515963	0.0	-0.25	0.0	0.0
1593505515996	0.0	-0.25	0.0	0.0
1593505515998	0.0	-0.25	0.0	0.0
1593505516029	0.0	-0.25	0.0	0.0
1593505516061	0.0	-0.25	0.0	0.0
1593505516064	0.0	-0.25	0.0	0.0
1593505516095	0.0	-0.25	0.0	0.0
1593505516127	0.0	-0.25	0.0	0.0
1593505516128	0.0	-0.25	0.0	0.0
1593505516161	0.0	-0.25	0.0	0.0
1593505516191	0.0	-0.25	0.0	0.0
1593505516195	0.0	-0.25	0.0	0.0
1593505516226	0.0	-0.25	0.0	0.0
1593505516229	0.0	-0.25	0.0	0.0
1593505516259	0.0	-0.25	0.0	0.0
1593505516292	0.0	-0.25	0.0	0.0
1593505516294	0.0	-0.25	0.0	0.0
1593505516324	0.0	-0.25	0.0	0.0
1593505516357	0.0	-0.25	0.0	0.0
1593505516359	0.0	-0.25	0.0	0.0
1593505516391	0.0	-0.25	0.0	0.0
1593505516400	0.0	0.0	0.0	0.0
1593505519064	0.0	0.0	0.25	0.0
1593505519095	0.0	0.0	0.25	0.0
1593505519126	0.0	0.0	0.25	0.0
1593505519160	0.0	0.0	0.25	0.0
1593505519195	0.0	0.0	0.25	0.0
1593505519231	0.0	0.0	0.25	0.0
1593505519265	0.0	0.0	0.25	0.0
1593505519296	0.0	0.0	0.25	0.0
1593505519329	0.0	0.0	0.25	0.0
1593505519361	0.0	0.0	0.25	0.0
1593505519398	0.0	0.0	0.25	0.0
1593505519430	0.0	0.0	0.25	0.0
1593505519461	0.0	0.0	0.25	0.0
1593505519496	0.0	0.0	0.25	0.0
1593505519529	0.0	0.0	0.25	0.0
1593505519561	0.0	0.0	0.25	0.0
1593505519576	0.0	0.0	0.25	0.0
1593505519606	0.0	0.0	0.25	0.0
1593505519607	0.0	0.0	0.25	0.0
1593505519641	0.0	0.0	0.25	0.0
1593505519641	0.0	0.0	0.25	0.0
1593505519673	0.0	0.0	0.25	0.0
1593505519673	0.0	0.0	0.25	0.0
1593505519706	0.0	0.0	0.25	0.0
1593505519712	0.0	0.0	0.25	0.0
1593505519742	0.0	0.0	0.25	0.0
1593505519773	0.0	0.0	0.25	0.0
1593505519774	0.0	0.0	0.25	0.0
1593505519807	0.0	0.0	0.25	0.0
1593505519807	0.0	0.0	0.25	0.0
1593505519838	0.0	0.0	0.25	0.0
1593505519841	0.0	0.0	0.25	0.0
1593505519872	0.0	0.0	0.25	0.0
1593505519903	0.0	0.0	0.25	0.0
1593505519907	0.0	0.0	0.25	0.0
1593505519937	0.0	0.0	0.25	0.0
1593505519938	0.0	0.0	0.25	0.0
1593505519970	0.0	0.0	0.25	0.0
1593505519972	0.0	0.0	0.25	0.0
1593505520004	0.0	0.0	0.25	0.0
1593505520035	0.0	0.0	0.25	0.0
1593505520037	0.0	0.0	0.25	0.0
1593505520069	0.0	0.0	0.25	0.0
1593505520071	0.0	0.0	0.25	0.0
1593505520101	0.0	0.0	0.25	0.0
1593505520103	0.0	0.0	0.25	0.0
1593505520135	0.0	0.0	0.25	0.0
1593505520137	0.0	0.0	0.25	0.0
1593505520170	0.0	0.0	0.25	0.0
1593505520203	0.0	0.0	0.25	0.0
1593505520235	0.0	0.0	0.25	0.0
1593505520266	0.0	0.0	0.25	0.0
1593505520272	0.0	0.0	0.25	0.0
1593505520302	0.0	0.0	0.25	0.0
1593505520332	0.0	0.0	0.25	0.0
1593505520336	0.0	0.0	0.25	0.0
1593505520369	0.0	0.0	0.25	0.0
1593505520397	0.0	0.0	0.25	0.0
1593505520400	0.0	0.0	0.25	0.0
1593505520433	0.0	0.0	0.25	0.0
1593505520464	0.0	0.0	0.25	0.0
1593505520466	0.0	0.0	0.25	0.0
1593505520498	0.0	0.0	0.25	0.0
1593505520499	0.0	0.0	0.25	0.0
1593505520531	0.0	0.0	0.25	0.0
1593505520533	0.0	0.0	0.25	0.0
1593505520564	0.0	0.0	0.25	0.0
1593505520598	0.0	0.0	0.25	0.0
1593505520598	0.0	0.0	0.25	0.0
1593505520630	0.0	0.0	0.25	0.0
1593505520660	0.0	0.0	0.25	0.0
1593505520664	0.0	0.0	0.25	0.0
1593505520694	0.0	0.0	0.25	0.0
1593505520698	0.0	0.0	0.25	0.0
1593505520731	0.0	0.0	0.25	0.0
1593505520760	0.0	0.0	0.25	0.0
1593505520763	0.0	0.0	0.25	0.0
1593505520795	0.0	0.0	0.25	0.0
1593505520795	0.0	0.0	0.25	0.0
1593505520827	0.0	0.0	0.25	0.0
1593505520829	0.0	0.0	0.25	0.0
1593505520860	0.0	0.0	0.25	0.0
1593505520862	0.0	0.0	0.25	0.0
1593505520892	0.0	0.0	0.25	0.0
1593505520895	0.0	0.0	0.25	0.0
1593505520927	0.0	0.0	0.25	0.0
1593505520927	0.0	0.0	0.25	0.0
1593505520960	0.0	0.0	0.25	0.0
1593505520963	0.0	0.0	0.25	0.0
1593505520993	0.0	0.0	0.25	0.0
1593505520996	0.0	0.0	0.25	0.0
1593505521027	0.0	0.0	0.25	0.0
1593505521057	0.0	0.0	0.25	0.0
1593505521061	0.0	0.0	0.25	0.0
1593505521092	0.0	0.0	0.25	0.0
1593505521123	0.0	0.0	0.25	0.0
1593505521127	0.0	0.0	0.25	0.0
1593505521158	0.0	0.0	0.25	0.0
1593505521159	0.0	0.0	0.25	0.0
1593505521190	0.0	0.0	0.25	0.0
1593505521193	0.0	0.0	0.25	0.0
1593505521224	0.0	0.0	0.25	0.0
1593505521227	0.0	0.0	0.25	0.0
1593505521256	0.0	0.0	0.25	0.0
1593505521258	0.0	0.0	0.25	0.0
1593505521290	0.0	0.0	0.25	0.0
1593505521292	0.0	0.0	0.25	0.0
1593505521322	0.0	0.0	0.25	0.0
1593505521323	0.0	0.0	0.25	0.0
1593505521356	0.0	0.0	0.25	0.0
1593505521389	0.0	0.0	0.25	0.0
1593505521389	0.0	0.0	0.25	0.0
1593505521423	0.0	0.0	0.25	0.0
1593505521452	0.0	0.0	0.25	0.0
1593505521460	0.0	0.0	0.25	0.0
1593505521489	0.0	0.0	0.25	0.0
1593505521519	0.0	0.0	0.25	0.0
1593505521524	0.0	0.0	0.25	0.0
1593505521555	0.0	0.0	0.25	0.0
1593505521585	0.0	0.0	0.25	0.0
1593505521588	0.0	0.0	0.25	0.0
1593505521619	0.0	0.0	0.25	0.0
1593505521622	0.0	0.0	0.25	0.0
1593505521651	0.0	0.0	0.25	0.0
1593505521652	0.0	0.0	0.25	0.0
1593505521686	0.0	0.0	0.25	0.0
1593505521687	0.0	0.0	0.25	0.0
1593505521719	0.0	0.0	0.25	0.0
1593505521720	0.0	0.0	0.25	0.0
1593505521752	0.0	0.0	0.25	0.0
1593505521753	0.0	0.0	0.25	0.0
1593505521784	0.0	0.0	0.25	0.0
1593505521788	0.0	0.0	0.25	0.0
1593505521818	0.0	0.0	0.25	0.0
1593505521819	0.0	0.0	0.25	0.0
1593505521851	0.0	0.0	0.25	0.0
1593505521854	0.0	0.0	0.25	0.0
1593505521884	0.0	0.0	0.25	0.0
1593505521885	0.0	0.0	0.25	0.0
1593505521917	0.0	0.0	0.25	0.0
1593505521917	0.0	0.0	0.25	0.0
1593505521949	0.0	0.0	0.25	0.0
1593505521951	0.0	0.0	0.25	0.0
1593505521983	0.0	0.0	0.25	0.0
1593505521984	0.0	0.0	0.25	0.0
1593505522016	0.0	0.0	0.25	0.0
1593505522018	0.0	0.0	0.25	0.0
1593505522049	0.0	0.0	0.25	0.0
1593505522050	0.0	0.0	0.25	0.0
1593505522080	0.0	0.0	0.25	0.0
1593505522084	0.0	0.0	0.25	0.0
1593505522113	0.0	0.0	0.25	0.0
1593505522114	0.0	0.0	0.25	0.0
1593505522126	0.0	0.0	0.0	0.0
1593505522146	0.0	0.0	0.0	0.0
1593505522560	0.0	-0.25	0.0	0.0
1593505522592	0.0	-0.25	0.0	0.0
1593505522624	0.0	-0.25	0.0	0.0
1593505522659	0.0	-0.25	0.0	0.0
1593505522692	0.0	-0.25	0.0	0.0
1593505522724	0.0	-0.25	0.0	0.0
1593505522756	0.0	-0.25	0.0	0.0
1593505522788	0.0	-0.25	0.0	0.0
1593505522819	0.0	-0.25	0.0	0.0
1593505522853	0.0	-0.25	0.0	0.0
1593505522887	0.0	-0.25	0.0	0.0
1593505522919	0.0	-0.25	0.0	0.0
1593505522951	0.0	-0.25	0.0	0.0
1593505522986	0.0	-0.25	0.0	0.0
1593505523018	0.0	-0.25	0.0	0.0
1593505523050	0.0	-0.25	0.0	0.0
1593505523071	0.0	-0.25	0.0	0.0
1593505523105	0.0	-0.25	0.0	0.0
1593505523136	0.0	-0.25	0.0	0.0
1593505523139	0.0	-0.25	0.0	0.0
1593505523169	0.0	-0.25	0.0	0.0
1593505523170	0.0	-0.25	0.0	0.0
1593505523202	0.0	-0.25	0.0	0.0
1593505523206	0.0	-0.25	0.0	0.0
1593505523235	0.0	-0.25	0.0	0.0
1593505523238	0.0	-0.25	0.0	0.0
1593505523272	0.0	-0.25	0.0	0.0
1593505523273	0.0	-0.25	0.0	0.0
1593505523303	0.0	-0.25	0.0	0.0
1593505523304	0.0	-0.25	0.0	0.0
1593505523334	0.0	-0.25	0.0	0.0
1593505523336	0.0	-0.25	0.0	0.0
1593505523368	0.0	-0.25	0.0	0.0
1593505523370	0.0	-0.25	0.0	0.0
1593505523401	0.0	-0.25	0.0	0.0
1593505523401	0.0	-0.25	0.0	0.0
1593505523435	0.0	-0.25	0.0	0.0
1593505523468	0.0	-0.25	0.0	0.0
1593505523471	0.0	-0.25	0.0	0.0
1593505523501	0.0	-0.25	0.0	0.0
1593505523534	0.0	-0.25	0.0	0.0
1593505523537	0.0	-0.25	0.0	0.0
1593505523567	0.0	-0.25	0.0	0.0
1593505523601	0.0	-0.25	0.0	0.0
1593505523601	0.0	-0.25	0.0	0.0
1593505523633	0.0	-0.25	0.0	0.0
1593505523663	0.0	-0.25	0.0	0.0
1593505523666	0.0	-0.25	0.0	0.0
1593505523699	0.0	-0.25	0.0	0.0
1593505523732	0.0	-0.25	0.0	0.0
1593505523733	0.0	-0.25	0.0	0.0
1593505523764	0.0	-0.25	0.0	0.0
1593505523766	0.0	-0.25	0.0	0.0
1593505523798	0.0	-0.25	0.0	0.0
1593505523830	0.0	-0.25	0.0	0.0
1593505523834	0.0	-0.25	0.0	0.0
1593505523839	0.0	0.0	0.0	0.0
1593505523981	0.0	0.0	0.0	-0.25
1593505524011	0.0	0.0	0.0	-0.25
1593505524044	0.0	0.0	0.0	-0.25
1593505524075	0.0	0.0	0.0	-0.25
1593505524108	0.0	0.0	0.0	-0.25
1593505524140	0.0	0.0	0.0	-0.25
1593505524174	0.0	0.0	0.0	-0.25
1593505524205	0.0	0.0	0.0	-0.25
1593505524237	0.0	0.0	0.0	-0.25
1593505524271	0.0	0.0	0.0	-0.25
1593505524302	0.0	0.0	0.0	-0.25
1593505524335	0.0	0.0	0.0	-0.25
1593505524366	0.0	0.0	0.0	-0.25
1593505524401	0.0	0.0	0.0	-0.25
1593505524434	0.0	0.0	0.0	-0.25
1593505524466	0.0	0.0	0.0	-0.25
1593505524496	0.0	0.0	0.0	-0.25
1593505524527	0.0	0.0	0.0	-0.25
1593505524528	0.0	0.0	0.0	-0.25
1593505524561	0.0	0.0	0.0	-0.25
1593505524594	0.0	0.0	0.0	-0.25
1593505524626	0.0	0.0	0.0	-0.25
1593505524628	0.0	0.0	0.0	-0.25
1593505524657	0.0	0.0	0.0	-0.25
1593505524659	0.0	0.0	0.0	-0.25
1593505524692	0.0	0.0	0.0	-0.25
1593505524692	0.0	0.0	0.0	-0.25
1593505524725	0.0	0.0	0.0	-0.25
1593505524727	0.0	0.0	0.0	-0.25
1593505524759	0.0	0.0	0.0	-0.25
1593505524791	0.0	0.0	0.0	-0.25
1593505524792	0.0	0.0	0.0	-0.25
1593505524823	0.0	0.0	0.0	-0.25
1593505524826	0.0	0.0	0.0	-0.25
1593505524856	0.0	0.0	0.0	-0.25
1593505524858	0.0	0.0	0.0	-0.25
1593505524889	0.0	0.0	0.0	-0.25
1593505524892	0.0	0.0	0.0	-0.25
1593505524922	0.0	0.0	0.0	-0.25
1593505524925	0.0	0.0	0.0	-0.25
1593505524955	0.0	0.0	0.0	-0.25
1593505524958	0.0	0.0	0.0	-0.25
1593505524989	0.0	0.0	0.0	-0.25
1593505524990	0.0	0.0	0.0	-0.25
1593505525022	0.0	0.0	0.0	-0.25
1593505525024	0.0	0.0	0.0	-0.25
1593505525055	0.0	0.0	0.0	-0.25
1593505525056	0.0	0.0	0.0	-0.25
1593505525089	0.0	0.0	0.0	-0.25
1593505525090	0.0	0.0	0.0	-0.25
1593505525121	0.0	0.0	0.0	-0.25
1593505525154	0.0	0.0	0.0	-0.25
1593505525154	0.0	0.0	0.0	-0.25
1593505525187	0.0	0.0	0.0	-0.25
1593505525187	0.0	0.0	0.0	-0.25
1593505525218	0.0	0.0	0.0	-0.25
1593505525223	0.0	0.0	0.0	-0.25
1593505525248	0.0	0.0	0.0	0.0
1593505525253	0.0	0.0	0.0	0.0
1593505525292	0.0	-0.25	0.0	0.0
1593505525324	0.0	-0.25	0.0	0.0
1593505525355	0.0	-0.25	0.0	0.0
1593505525388	0.0	-0.25	0.0	0.0
1593505525418	0.0	-0.25	0.0	0.0
1593505525451	0.0	-0.25	0.0	0.0
1593505525483	0.0	-0.25	0.0	0.0
1593505525516	0.0	-0.25	0.0	0.0
1593505525547	0.0	-0.25	0.0	0.0
1593505525582	0.0	-0.25	0.0	0.0
1593505525618	0.0	-0.25	0.0	0.0
1593505525649	0.0	-0.25	0.0	0.0
1593505525683	0.0	-0.25	0.0	0.0
1593505525717	0.0	-0.25	0.0	0.0
1593505525749	0.0	-0.25	0.0	0.0
1593505525783	0.0	-0.25	0.0	0.0
1593505525805	0.0	-0.25	0.0	0.0
1593505525836	0.0	-0.25	0.0	0.0
1593505525839	0.0	-0.25	0.0	0.0
1593505525872	0.0	-0.25	0.0	0.0
1593505525902	0.0	-0.25	0.0	0.0
1593505525905	0.0	-0.25	0.0	0.0
1593505525937	0.0	-0.25	0.0	0.0
1593505525969	0.0	-0.25	0.0	0.0
1593505525973	0.0	-0.25	0.0	0.0
1593505526005	0.0	-0.25	0.0	0.0
1593505526034	0.0	-0.25	0.0	0.0
1593505526037	0.0	-0.25	0.0	0.0
1593505526071	0.0	-0.25	0.0	0.0
1593505526073	0.0	-0.25	0.0	0.0
1593505526103	0.0	-0.25	0.0	0.0
1593505526122	0.0	0.0	0.0	0.0
1593505526186	0.0	0.0	0.0	-0.25
1593505526218	0.0	0.0	0.0	-0.25
1593505526251	0.0	0.0	0.0	-0.25
1593505526285	0.0	0.0	0.0	-0.25
1593505526317	0.0	0.0	0.0	-0.25
1593505526348	0.0	0.0	0.0	-0.25
1593505526383	0.0	0.0	0.0	-0.25
1593505526417	0.0	0.0	0.0	-0.25
1593505526450	0.0	0.0	0.0	-0.25
1593505526481	0.0	0.0	0.0	-0.25
1593505526514	0.0	0.0	0.0	-0.25
1593505526548	0.0	0.0	0.0	-0.25
1593505526581	0.0	0.0	0.0	-0.25
1593505526615	0.0	0.0	0.0	-0.25
1593505526646	0.0	0.0	0.0	-0.25
1593505526680	0.0	0.0	0.0	-0.25
1593505526686	0.0	0.0	0.0	0.0
1593505526690	0.0	0.0	0.0	0.0
1593505527115	0.0	0.0	0.0	-0.25
1593505527146	0.0	0.0	0.0	-0.25
1593505527178	0.0	0.0	0.0	-0.25
1593505527209	0.0	0.0	0.0	-0.25
1593505527243	0.0	0.0	0.0	-0.25
1593505527278	0.0	0.0	0.0	-0.25
1593505527312	0.0	0.0	0.0	-0.25
1593505527345	0.0	0.0	0.0	-0.25
1593505527378	0.0	0.0	0.0	-0.25
1593505527413	0.0	0.0	0.0	-0.25
1593505527446	0.0	0.0	0.0	-0.25
1593505527480	0.0	0.0	0.0	-0.25
1593505527513	0.0	0.0	0.0	-0.25
1593505527547	0.0	0.0	0.0	-0.25
1593505527579	0.0	0.0	0.0	-0.25
1593505527614	0.0	0.0	0.0	-0.25
1593505527630	0.0	0.0	0.0	-0.25
1593505527662	0.0	0.0	0.0	-0.25
1593505527694	0.0	0.0	0.0	-0.25
1593505527695	0.0	0.0	0.0	-0.25
1593505527728	0.0	0.0	0.0	-0.25
1593505527728	0.0	0.0	0.0	-0.25
1593505527761	0.0	0.0	0.0	-0.25
1593505527762	0.0	0.0	0.0	-0.25
1593505527795	0.0	0.0	0.0	-0.25
1593505527796	0.0	0.0	0.0	-0.25
1593505527826	0.0	0.0	0.0	-0.25
1593505527859	0.0	0.0	0.0	-0.25
1593505527861	0.0	0.0	0.0	-0.25
1593505527886	0.0	0.0	0.0	0.0
1593505527889	0.0	0.0	0.0	0.0
1593505528051	0.0	0.0	0.0	-0.25
1593505528084	0.0	0.0	0.0	-0.25
1593505528116	0.0	0.0	0.0	-0.25
1593505528149	0.0	0.0	0.0	-0.25
1593505528180	0.0	0.0	0.0	-0.25
1593505528213	0.0	0.0	0.0	-0.25
1593505528248	0.0	0.0	0.0	-0.25
1593505528279	0.0	0.0	0.0	-0.25
1593505528313	0.0	0.0	0.0	-0.25
1593505528348	0.0	0.0	0.0	-0.25
1593505528380	0.0	0.0	0.0	-0.25
1593505528411	0.0	0.0	0.0	-0.25
1593505528443	0.0	0.0	0.0	-0.25
1593505528477	0.0	0.0	0.0	-0.25
1593505528510	0.0	0.0	0.0	-0.25
1593505528542	0.0	0.0	0.0	-0.25
1593505528562	0.0	0.0	0.0	-0.25
1593505528595	0.0	0.0	0.0	-0.25
1593505528628	0.0	0.0	0.0	-0.25
1593505528658	0.0	0.0	0.0	-0.25
1593505528663	0.0	0.0	0.0	-0.25
1593505528694	0.0	0.0	0.0	-0.25
1593505528723	0.0	0.0	0.0	-0.25
1593505528729	0.0	0.0	0.0	-0.25
1593505528759	0.0	0.0	0.0	-0.25
1593505528789	0.0	0.0	0.0	-0.25
1593505528793	0.0	0.0	0.0	-0.25
1593505528815	0.0	0.0	0.0	0.0
1593505528859	0.0	0.0	0.0	0.0
1593505714971	0.0	0.0	0.0	0.0
1593505716149	0.0	0.0	0.0	0.0
