1593505936493	0.0	0.0	0.0	0.0
1593505942044	0.0	0.0	0.25	0.0
1593505942074	0.0	0.0	0.25	0.0
1593505942107	0.0	0.0	0.0	0.0
1593505942186	0.0	0.0	0.25	0.0
1593505942221	0.0	0.0	0.25	0.0
1593505942251	0.0	0.0	0.0	0.0
1593505942339	0.0	0.0	0.25	0.0
1593505942373	0.0	0.0	0.25	0.0
1593505942405	0.0	0.0	0.25	0.0
1593505942420	0.0	0.0	0.0	0.0
1593505942482	0.0	0.0	0.25	0.0
1593505942515	0.0	0.0	0.25	0.0
1593505942548	0.0	0.0	0.25	0.0
1593505942582	0.0	0.0	0.25	0.0
1593505942617	0.0	0.0	0.25	0.0
1593505942647	0.0	0.0	0.25	0.0
1593505942681	0.0	0.0	0.25	0.0
1593505942711	0.0	0.0	0.25	0.0
1593505942744	0.0	0.0	0.25	0.0
1593505942779	0.0	0.0	0.25	0.0
1593505942810	0.0	0.0	0.25	0.0
1593505942841	0.0	0.0	0.25	0.0
1593505942875	0.0	0.0	0.25	0.0
1593505942907	0.0	0.0	0.25	0.0
1593505942937	0.0	0.0	0.25	0.0
1593505942973	0.0	0.0	0.25	0.0
1593505942997	0.0	0.0	0.25	0.0
1593505943029	0.0	0.0	0.25	0.0
1593505943059	0.0	0.0	0.25	0.0
1593505943063	0.0	0.0	0.25	0.0
1593505943091	0.0	0.0	0.25	0.0
1593505943093	0.0	0.0	0.25	0.0
1593505943125	0.0	0.0	0.25	0.0
1593505943127	0.0	0.0	0.25	0.0
1593505943157	0.0	0.0	0.25	0.0
1593505943162	0.0	0.0	0.25	0.0
1593505943192	0.0	0.0	0.25	0.0
1593505943225	0.0	0.0	0.25	0.0
1593505943226	0.0	0.0	0.25	0.0
1593505943258	0.0	0.0	0.25	0.0
1593505943291	0.0	0.0	0.25	0.0
1593505943291	0.0	0.0	0.25	0.0
1593505943326	0.0	0.0	0.25	0.0
1593505943356	0.0	0.0	0.25	0.0
1593505943358	0.0	0.0	0.25	0.0
1593505943392	0.0	0.0	0.25	0.0
1593505943421	0.0	0.0	0.25	0.0
1593505943424	0.0	0.0	0.25	0.0
1593505943455	0.0	0.0	0.25	0.0
1593505943458	0.0	0.0	0.25	0.0
1593505943490	0.0	0.0	0.25	0.0
1593505943491	0.0	0.0	0.25	0.0
1593505943523	0.0	0.0	0.25	0.0
1593505943557	0.0	0.0	0.25	0.0
1593505943588	0.0	0.0	0.25	0.0
1593505943589	0.0	0.0	0.25	0.0
1593505943620	0.0	0.0	0.25	0.0
1593505943623	0.0	0.0	0.25	0.0
1593505943653	0.0	0.0	0.25	0.0
1593505943655	0.0	0.0	0.25	0.0
1593505943688	0.0	0.0	0.25	0.0
1593505943721	0.0	0.0	0.25	0.0
1593505943724	0.0	0.0	0.25	0.0
1593505943757	0.0	0.0	0.25	0.0
1593505943758	0.0	0.0	0.25	0.0
1593505943788	0.0	0.0	0.25	0.0
1593505943818	0.0	0.0	0.25	0.0
1593505943820	0.0	0.0	0.25	0.0
1593505943851	0.0	0.0	0.25	0.0
1593505943853	0.0	0.0	0.25	0.0
1593505943883	0.0	0.0	0.25	0.0
1593505943887	0.0	0.0	0.25	0.0
1593505943918	0.0	0.0	0.25	0.0
1593505943919	0.0	0.0	0.25	0.0
1593505943949	0.0	0.0	0.25	0.0
1593505943957	0.0	0.0	0.25	0.0
1593505943986	0.0	0.0	0.25	0.0
1593505944017	0.0	0.0	0.25	0.0
1593505944017	0.0	0.0	0.25	0.0
1593505944049	0.0	0.0	0.25	0.0
1593505944051	0.0	0.0	0.25	0.0
1593505944082	0.0	0.0	0.25	0.0
1593505944088	0.0	0.0	0.25	0.0
1593505944118	0.0	0.0	0.25	0.0
1593505944150	0.0	0.0	0.25	0.0
1593505944150	0.0	0.0	0.25	0.0
1593505944181	0.0	0.0	0.25	0.0
1593505944183	0.0	0.0	0.25	0.0
1593505944216	0.0	0.0	0.25	0.0
1593505944247	0.0	0.0	0.25	0.0
1593505944248	0.0	0.0	0.25	0.0
1593505944279	0.0	0.0	0.25	0.0
1593505944283	0.0	0.0	0.25	0.0
1593505944315	0.0	0.0	0.25	0.0
1593505944347	0.0	0.0	0.25	0.0
1593505944349	0.0	0.0	0.25	0.0
1593505944381	0.0	0.0	0.25	0.0
1593505944412	0.0	0.0	0.25	0.0
1593505944414	0.0	0.0	0.25	0.0
1593505944447	0.0	0.0	0.25	0.0
1593505944449	0.0	0.0	0.25	0.0
1593505944480	0.0	0.0	0.25	0.0
1593505944512	0.0	0.0	0.25	0.0
1593505944515	0.0	0.0	0.25	0.0
1593505944546	0.0	0.0	0.25	0.0
1593505944578	0.0	0.0	0.25	0.0
1593505944581	0.0	0.0	0.25	0.0
1593505944613	0.0	0.0	0.25	0.0
1593505944643	0.0	0.0	0.25	0.0
1593505944648	0.0	0.0	0.25	0.0
1593505944680	0.0	0.0	0.25	0.0
1593505944710	0.0	0.0	0.25	0.0
1593505944743	0.0	0.0	0.25	0.0
1593505944746	0.0	0.0	0.25	0.0
1593505944777	0.0	0.0	0.25	0.0
1593505944809	0.0	0.0	0.25	0.0
1593505944809	0.0	0.0	0.25	0.0
1593505944841	0.0	0.0	0.25	0.0
1593505944843	0.0	0.0	0.25	0.0
1593505944873	0.0	0.0	0.25	0.0
1593505944875	0.0	0.0	0.25	0.0
1593505944907	0.0	0.0	0.25	0.0
1593505944910	0.0	0.0	0.25	0.0
1593505944940	0.0	0.0	0.25	0.0
1593505944942	0.0	0.0	0.25	0.0
1593505944974	0.0	0.0	0.25	0.0
1593505944976	0.0	0.0	0.25	0.0
1593505945007	0.0	0.0	0.25	0.0
1593505945008	0.0	0.0	0.25	0.0
1593505945040	0.0	0.0	0.25	0.0
1593505945042	0.0	0.0	0.25	0.0
1593505945074	0.0	0.0	0.25	0.0
1593505945075	0.0	0.0	0.25	0.0
1593505945105	0.0	0.0	0.25	0.0
1593505945106	0.0	0.0	0.25	0.0
1593505945140	0.0	0.0	0.25	0.0
1593505945141	0.0	0.0	0.25	0.0
1593505945172	0.0	0.0	0.25	0.0
1593505945173	0.0	0.0	0.25	0.0
1593505945204	0.0	0.0	0.25	0.0
1593505945207	0.0	0.0	0.25	0.0
1593505945237	0.0	0.0	0.25	0.0
1593505945241	0.0	0.0	0.25	0.0
1593505945273	0.0	0.0	0.25	0.0
1593505945303	0.0	0.0	0.25	0.0
1593505945304	0.0	0.0	0.25	0.0
1593505945335	0.0	0.0	0.25	0.0
1593505945337	0.0	0.0	0.25	0.0
1593505945369	0.0	0.0	0.25	0.0
1593505945372	0.0	0.0	0.25	0.0
1593505945403	0.0	0.0	0.25	0.0
1593505945404	0.0	0.0	0.25	0.0
1593505945434	0.0	0.0	0.25	0.0
1593505945438	0.0	0.0	0.25	0.0
1593505945469	0.0	0.0	0.25	0.0
1593505945499	0.0	0.0	0.25	0.0
1593505945505	0.0	0.0	0.25	0.0
1593505945537	0.0	0.0	0.25	0.0
1593505945569	0.0	0.0	0.25	0.0
1593505945602	0.0	0.0	0.25	0.0
1593505945603	0.0	0.0	0.25	0.0
1593505945635	0.0	0.0	0.25	0.0
1593505945666	0.0	0.0	0.25	0.0
1593505945669	0.0	0.0	0.25	0.0
1593505945699	0.0	0.0	0.25	0.0
1593505945702	0.0	0.0	0.25	0.0
1593505945732	0.0	0.0	0.25	0.0
1593505945734	0.0	0.0	0.25	0.0
1593505945765	0.0	0.0	0.25	0.0
1593505945770	0.0	0.0	0.25	0.0
1593505945799	0.0	0.0	0.25	0.0
1593505945800	0.0	0.0	0.25	0.0
1593505945835	0.0	0.0	0.25	0.0
1593505945836	0.0	0.0	0.25	0.0
1593505945867	0.0	0.0	0.25	0.0
1593505945898	0.0	0.0	0.25	0.0
1593505945899	0.0	0.0	0.25	0.0
1593505945930	0.0	0.0	0.25	0.0
1593505945932	0.0	0.0	0.25	0.0
1593505945964	0.0	0.0	0.25	0.0
1593505945966	0.0	0.0	0.25	0.0
1593505945999	0.0	0.0	0.25	0.0
1593505946029	0.0	0.0	0.25	0.0
1593505946032	0.0	0.0	0.25	0.0
1593505946065	0.0	0.0	0.25	0.0
1593505946066	0.0	0.0	0.25	0.0
1593505946097	0.0	0.0	0.25	0.0
1593505946129	0.0	0.0	0.25	0.0
1593505946130	0.0	0.0	0.25	0.0
1593505946163	0.0	0.0	0.25	0.0
1593505946196	0.0	0.0	0.25	0.0
1593505946199	0.0	0.0	0.25	0.0
1593505946230	0.0	0.0	0.25	0.0
1593505946262	0.0	0.0	0.25	0.0
1593505946295	0.0	0.0	0.25	0.0
1593505946327	0.0	0.0	0.25	0.0
1593505946328	0.0	0.0	0.25	0.0
1593505946360	0.0	0.0	0.25	0.0
1593505946364	0.0	0.0	0.25	0.0
1593505946395	0.0	0.0	0.25	0.0
1593505946396	0.0	0.0	0.25	0.0
1593505946426	0.0	0.0	0.25	0.0
1593505946427	0.0	0.0	0.25	0.0
1593505946458	0.0	0.0	0.25	0.0
1593505946464	0.0	0.0	0.25	0.0
1593505946493	0.0	0.0	0.25	0.0
1593505946527	0.0	0.0	0.25	0.0
1593505946527	0.0	0.0	0.25	0.0
1593505946561	0.0	0.0	0.25	0.0
1593505946590	0.0	0.0	0.25	0.0
1593505946592	0.0	0.0	0.25	0.0
1593505946624	0.0	0.0	0.25	0.0
1593505946626	0.0	0.0	0.25	0.0
1593505946657	0.0	0.0	0.25	0.0
1593505946658	0.0	0.0	0.25	0.0
1593505946689	0.0	0.0	0.25	0.0
1593505946692	0.0	0.0	0.25	0.0
1593505946724	0.0	0.0	0.25	0.0
1593505946727	0.0	0.0	0.25	0.0
1593505946731	0.0	0.0	0.0	0.0
1593505946792	0.0	0.0	0.0	0.0
1593505946997	0.0	-0.25	0.0	0.0
1593505947027	0.0	-0.25	0.0	0.0
1593505947060	0.0	-0.25	0.0	0.0
1593505947093	0.0	-0.25	0.0	0.0
1593505947126	0.0	-0.25	0.0	0.0
1593505947160	0.0	-0.25	0.0	0.0
1593505947194	0.0	-0.25	0.0	0.0
1593505947228	0.0	-0.25	0.0	0.0
1593505947259	0.0	-0.25	0.0	0.0
1593505947290	0.0	-0.25	0.0	0.0
1593505947327	0.0	-0.25	0.0	0.0
1593505947360	0.0	-0.25	0.0	0.0
1593505947392	0.0	-0.25	0.0	0.0
1593505947424	0.0	-0.25	0.0	0.0
1593505947459	0.0	-0.25	0.0	0.0
1593505947493	0.0	-0.25	0.0	0.0
1593505947512	0.0	-0.25	0.0	0.0
1593505947545	0.0	-0.25	0.0	0.0
1593505947576	0.0	-0.25	0.0	0.0
1593505947578	0.0	-0.25	0.0	0.0
1593505947608	0.0	-0.25	0.0	0.0
1593505947612	0.0	-0.25	0.0	0.0
1593505947646	0.0	-0.25	0.0	0.0
1593505947647	0.0	-0.25	0.0	0.0
1593505947677	0.0	-0.25	0.0	0.0
1593505947677	0.0	-0.25	0.0	0.0
1593505947708	0.0	-0.25	0.0	0.0
1593505947710	0.0	-0.25	0.0	0.0
1593505947742	0.0	-0.25	0.0	0.0
1593505947742	0.0	-0.25	0.0	0.0
1593505947777	0.0	-0.25	0.0	0.0
1593505947808	0.0	-0.25	0.0	0.0
1593505947810	0.0	-0.25	0.0	0.0
1593505947838	0.0	-0.25	0.0	0.0
1593505947843	0.0	-0.25	0.0	0.0
1593505947873	0.0	-0.25	0.0	0.0
1593505947875	0.0	-0.25	0.0	0.0
1593505947905	0.0	-0.25	0.0	0.0
1593505947909	0.0	-0.25	0.0	0.0
1593505947938	0.0	-0.25	0.0	0.0
1593505947941	0.0	-0.25	0.0	0.0
1593505947973	0.0	-0.25	0.0	0.0
1593505947974	0.0	-0.25	0.0	0.0
1593505948004	0.0	-0.25	0.0	0.0
1593505948008	0.0	-0.25	0.0	0.0
1593505948040	0.0	-0.25	0.0	0.0
1593505948074	0.0	-0.25	0.0	0.0
1593505948076	0.0	-0.25	0.0	0.0
1593505948106	0.0	-0.25	0.0	0.0
1593505948138	0.0	-0.25	0.0	0.0
1593505948138	0.0	-0.25	0.0	0.0
1593505948173	0.0	-0.25	0.0	0.0
1593505948204	0.0	-0.25	0.0	0.0
1593505948208	0.0	-0.25	0.0	0.0
1593505948240	0.0	-0.25	0.0	0.0
1593505948240	0.0	-0.25	0.0	0.0
1593505948274	0.0	-0.25	0.0	0.0
1593505948274	0.0	-0.25	0.0	0.0
1593505948304	0.0	-0.25	0.0	0.0
1593505948334	0.0	-0.25	0.0	0.0
1593505948339	0.0	-0.25	0.0	0.0
1593505948369	0.0	-0.25	0.0	0.0
1593505948370	0.0	-0.25	0.0	0.0
1593505948403	0.0	-0.25	0.0	0.0
1593505948436	0.0	-0.25	0.0	0.0
1593505948468	0.0	-0.25	0.0	0.0
1593505948470	0.0	-0.25	0.0	0.0
1593505948501	0.0	-0.25	0.0	0.0
1593505948534	0.0	-0.25	0.0	0.0
1593505948534	0.0	-0.25	0.0	0.0
1593505948568	0.0	-0.25	0.0	0.0
1593505948569	0.0	-0.25	0.0	0.0
1593505948600	0.0	-0.25	0.0	0.0
1593505948601	0.0	-0.25	0.0	0.0
1593505948634	0.0	-0.25	0.0	0.0
1593505948635	0.0	-0.25	0.0	0.0
1593505948667	0.0	-0.25	0.0	0.0
1593505948698	0.0	-0.25	0.0	0.0
1593505948700	0.0	-0.25	0.0	0.0
1593505948732	0.0	-0.25	0.0	0.0
1593505948733	0.0	-0.25	0.0	0.0
1593505948764	0.0	-0.25	0.0	0.0
1593505948766	0.0	-0.25	0.0	0.0
1593505948797	0.0	-0.25	0.0	0.0
1593505948799	0.0	-0.25	0.0	0.0
1593505948834	0.0	-0.25	0.0	0.0
1593505948835	0.0	-0.25	0.0	0.0
1593505948866	0.0	-0.25	0.0	0.0
1593505948897	0.0	-0.25	0.0	0.0
1593505948902	0.0	-0.25	0.0	0.0
1593505948930	0.0	-0.25	0.0	0.0
1593505948965	0.0	-0.25	0.0	0.0
1593505948966	0.0	-0.25	0.0	0.0
1593505948997	0.0	-0.25	0.0	0.0
1593505949030	0.0	-0.25	0.0	0.0
1593505949032	0.0	-0.25	0.0	0.0
1593505949062	0.0	-0.25	0.0	0.0
1593505949095	0.0	-0.25	0.0	0.0
1593505949099	0.0	-0.25	0.0	0.0
1593505949127	0.0	-0.25	0.0	0.0
1593505949128	0.0	-0.25	0.0	0.0
1593505949162	0.0	-0.25	0.0	0.0
1593505949192	0.0	-0.25	0.0	0.0
1593505949196	0.0	-0.25	0.0	0.0
1593505949228	0.0	-0.25	0.0	0.0
1593505949261	0.0	-0.25	0.0	0.0
1593505949262	0.0	-0.25	0.0	0.0
1593505949294	0.0	-0.25	0.0	0.0
1593505949326	0.0	-0.25	0.0	0.0
1593505949329	0.0	-0.25	0.0	0.0
1593505949361	0.0	-0.25	0.0	0.0
1593505949391	0.0	-0.25	0.0	0.0
1593505949396	0.0	-0.25	0.0	0.0
1593505949427	0.0	-0.25	0.0	0.0
1593505949460	0.0	-0.25	0.0	0.0
1593505949462	0.0	-0.25	0.0	0.0
1593505949494	0.0	-0.25	0.0	0.0
1593505949524	0.0	-0.25	0.0	0.0
1593505949556	0.0	-0.25	0.0	0.0
1593505949558	0.0	-0.25	0.0	0.0
1593505949589	0.0	-0.25	0.0	0.0
1593505949590	0.0	-0.25	0.0	0.0
1593505949622	0.0	-0.25	0.0	0.0
1593505949624	0.0	-0.25	0.0	0.0
1593505949656	0.0	-0.25	0.0	0.0
1593505949659	0.0	-0.25	0.0	0.0
1593505949690	0.0	-0.25	0.0	0.0
1593505949723	0.0	-0.25	0.0	0.0
1593505949752	0.0	-0.25	0.0	0.0
1593505949756	0.0	-0.25	0.0	0.0
1593505949789	0.0	-0.25	0.0	0.0
1593505949821	0.0	-0.25	0.0	0.0
1593505949823	0.0	-0.25	0.0	0.0
1593505949855	0.0	-0.25	0.0	0.0
1593505949867	0.0	0.0	0.0	0.0
1593505949991	-0.25	0.0	0.0	0.0
1593505950022	-0.25	0.0	0.0	0.0
1593505950056	-0.25	0.0	0.0	0.0
1593505950090	-0.25	0.0	0.0	0.0
1593505950121	-0.25	0.0	0.0	0.0
1593505950154	-0.25	0.0	0.0	0.0
1593505950186	-0.25	0.0	0.0	0.0
1593505950222	-0.25	0.0	0.0	0.0
1593505950257	-0.25	0.0	0.0	0.0
1593505950290	-0.25	0.0	0.0	0.0
1593505950323	-0.25	0.0	0.0	0.0
1593505950353	-0.25	0.0	0.0	0.0
1593505950365	0.0	0.0	0.0	0.0
1593505950708	0.0	0.0	0.0	-0.25
1593505950742	0.0	0.0	0.0	-0.25
1593505950774	0.0	0.0	0.0	-0.25
1593505950808	0.0	0.0	0.0	-0.25
1593505950842	0.0	0.0	0.0	-0.25
1593505950879	0.0	0.0	0.0	-0.25
1593505950913	0.0	0.0	0.0	-0.25
1593505950948	0.0	0.0	0.0	-0.25
1593505950979	0.0	0.0	0.0	-0.25
1593505951010	0.0	0.0	0.0	-0.25
1593505951040	0.0	0.0	0.0	-0.25
1593505951073	0.0	0.0	0.0	-0.25
1593505951108	0.0	0.0	0.0	-0.25
1593505951144	0.0	0.0	0.0	-0.25
1593505951178	0.0	0.0	0.0	-0.25
1593505951212	0.0	0.0	0.0	-0.25
1593505951222	0.0	0.0	0.0	-0.25
1593505951252	0.0	0.0	0.0	-0.25
1593505951254	0.0	0.0	0.0	-0.25
1593505951283	0.0	0.0	0.0	-0.25
1593505951287	0.0	0.0	0.0	-0.25
1593505951319	0.0	0.0	0.0	-0.25
1593505951352	0.0	0.0	0.0	-0.25
1593505951353	0.0	0.0	0.0	-0.25
1593505951384	0.0	0.0	0.0	-0.25
1593505951388	0.0	0.0	0.0	-0.25
1593505951415	0.0	0.0	0.0	0.0
1593505951433	0.0	0.0	0.0	0.0
1593505952495	0.0	-0.25	0.0	0.0
1593505952524	0.0	-0.25	0.0	0.0
1593505952559	0.0	-0.25	0.0	0.0
1593505952594	0.0	-0.25	0.0	0.0
1593505952628	0.0	-0.25	0.0	0.0
1593505952660	0.0	-0.25	0.0	0.0
1593505952694	0.0	-0.25	0.0	0.0
1593505952725	0.0	-0.25	0.0	0.0
1593505952760	0.0	-0.25	0.0	0.0
1593505952797	0.0	-0.25	0.0	0.0
1593505952827	0.0	-0.25	0.0	0.0
1593505952858	0.0	-0.25	0.0	0.0
1593505952890	0.0	-0.25	0.0	0.0
1593505952922	0.0	-0.25	0.0	0.0
1593505952953	0.0	-0.25	0.0	0.0
1593505952985	0.0	-0.25	0.0	0.0
1593505953007	0.0	-0.25	0.0	0.0
1593505953040	0.0	-0.25	0.0	0.0
1593505953073	0.0	-0.25	0.0	0.0
1593505953074	0.0	-0.25	0.0	0.0
1593505953105	0.0	-0.25	0.0	0.0
1593505953106	0.0	-0.25	0.0	0.0
1593505953138	0.0	-0.25	0.0	0.0
1593505953139	0.0	-0.25	0.0	0.0
1593505953171	0.0	-0.25	0.0	0.0
1593505953172	0.0	-0.25	0.0	0.0
1593505953204	0.0	-0.25	0.0	0.0
1593505953237	0.0	-0.25	0.0	0.0
1593505953239	0.0	-0.25	0.0	0.0
1593505953273	0.0	-0.25	0.0	0.0
1593505953274	0.0	-0.25	0.0	0.0
1593505953305	0.0	-0.25	0.0	0.0
1593505953335	0.0	-0.25	0.0	0.0
1593505953337	0.0	-0.25	0.0	0.0
1593505953370	0.0	-0.25	0.0	0.0
1593505953401	0.0	-0.25	0.0	0.0
1593505953405	0.0	-0.25	0.0	0.0
1593505953435	0.0	-0.25	0.0	0.0
1593505953470	0.0	-0.25	0.0	0.0
1593505953470	0.0	-0.25	0.0	0.0
1593505953502	0.0	-0.25	0.0	0.0
1593505953534	0.0	-0.25	0.0	0.0
1593505953567	0.0	-0.25	0.0	0.0
1593505953567	0.0	-0.25	0.0	0.0
1593505953598	0.0	-0.25	0.0	0.0
1593505953600	0.0	-0.25	0.0	0.0
1593505953634	0.0	-0.25	0.0	0.0
1593505953634	0.0	-0.25	0.0	0.0
1593505953666	0.0	-0.25	0.0	0.0
1593505953666	0.0	-0.25	0.0	0.0
1593505953698	0.0	-0.25	0.0	0.0
1593505953700	0.0	-0.25	0.0	0.0
1593505953731	0.0	-0.25	0.0	0.0
1593505953733	0.0	-0.25	0.0	0.0
1593505953766	0.0	-0.25	0.0	0.0
1593505953797	0.0	-0.25	0.0	0.0
1593505953798	0.0	-0.25	0.0	0.0
1593505953831	0.0	-0.25	0.0	0.0
1593505953863	0.0	-0.25	0.0	0.0
1593505953866	0.0	-0.25	0.0	0.0
1593505953900	0.0	-0.25	0.0	0.0
1593505953901	0.0	-0.25	0.0	0.0
1593505953931	0.0	-0.25	0.0	0.0
1593505953963	0.0	-0.25	0.0	0.0
1593505953966	0.0	-0.25	0.0	0.0
1593505953997	0.0	-0.25	0.0	0.0
1593505954030	0.0	-0.25	0.0	0.0
1593505954031	0.0	-0.25	0.0	0.0
1593505954062	0.0	-0.25	0.0	0.0
1593505954094	0.0	-0.25	0.0	0.0
1593505954098	0.0	-0.25	0.0	0.0
1593505954130	0.0	-0.25	0.0	0.0
1593505954161	0.0	-0.25	0.0	0.0
1593505954195	0.0	-0.25	0.0	0.0
1593505954197	0.0	-0.25	0.0	0.0
1593505954227	0.0	-0.25	0.0	0.0
1593505954258	0.0	-0.25	0.0	0.0
1593505954261	0.0	-0.25	0.0	0.0
1593505954292	0.0	-0.25	0.0	0.0
1593505954294	0.0	-0.25	0.0	0.0
1593505954325	0.0	-0.25	0.0	0.0
1593505954325	0.0	-0.25	0.0	0.0
1593505954359	0.0	-0.25	0.0	0.0
1593505954360	0.0	-0.25	0.0	0.0
1593505954390	0.0	-0.25	0.0	0.0
1593505954393	0.0	-0.25	0.0	0.0
1593505954424	0.0	-0.25	0.0	0.0
1593505954426	0.0	-0.25	0.0	0.0
1593505954453	0.0	0.0	0.0	0.0
1593505954481	0.0	-0.25	0.0	0.0
1593505954514	0.0	-0.25	0.0	0.0
1593505954545	0.0	-0.25	0.0	0.0
1593505954579	0.0	-0.25	0.0	0.0
1593505954615	0.0	-0.25	0.0	0.0
1593505954649	0.0	-0.25	0.0	0.0
1593505954684	0.0	-0.25	0.0	0.0
1593505954720	0.0	-0.25	0.0	0.0
1593505954747	0.0	0.0	0.0	0.0
1593505955428	0.0	0.0	0.0	-0.25
1593505955460	0.0	0.0	0.0	-0.25
1593505955494	0.0	0.0	0.0	-0.25
1593505955530	0.0	0.0	0.0	-0.25
1593505955565	0.0	0.0	0.0	-0.25
1593505955601	0.0	0.0	0.0	-0.25
1593505955634	0.0	0.0	0.0	-0.25
1593505955665	0.0	0.0	0.0	-0.25
1593505955697	0.0	0.0	0.0	-0.25
1593505955731	0.0	0.0	0.0	-0.25
1593505955765	0.0	0.0	0.0	-0.25
1593505955801	0.0	0.0	0.0	-0.25
1593505955832	0.0	0.0	0.0	-0.25
1593505955867	0.0	0.0	0.0	-0.25
1593505955901	0.0	0.0	0.0	-0.25
1593505955934	0.0	0.0	0.0	-0.25
1593505955945	0.0	0.0	0.0	-0.25
1593505955974	0.0	0.0	0.0	-0.25
1593505956005	0.0	0.0	0.0	-0.25
1593505956006	0.0	0.0	0.0	-0.25
1593505956038	0.0	0.0	0.0	-0.25
1593505956068	0.0	0.0	0.0	-0.25
1593505956072	0.0	0.0	0.0	-0.25
1593505956104	0.0	0.0	0.0	-0.25
1593505956105	0.0	0.0	0.0	-0.25
1593505956137	0.0	0.0	0.0	-0.25
1593505956172	0.0	0.0	0.0	-0.25
1593505956201	0.0	0.0	0.0	-0.25
1593505956203	0.0	0.0	0.0	-0.25
1593505956235	0.0	0.0	0.0	-0.25
1593505956238	0.0	0.0	0.0	-0.25
1593505956267	0.0	0.0	0.0	-0.25
1593505956272	0.0	0.0	0.0	-0.25
1593505956302	0.0	0.0	0.0	-0.25
1593505956335	0.0	0.0	0.0	-0.25
1593505956337	0.0	0.0	0.0	-0.25
1593505956368	0.0	0.0	0.0	-0.25
1593505956368	0.0	0.0	0.0	-0.25
1593505956399	0.0	0.0	0.0	-0.25
1593505956400	0.0	0.0	0.0	-0.25
1593505956432	0.0	0.0	0.0	-0.25
1593505956434	0.0	0.0	0.0	-0.25
1593505956466	0.0	0.0	0.0	-0.25
1593505956467	0.0	0.0	0.0	-0.25
1593505956500	0.0	0.0	0.0	-0.25
1593505956504	0.0	0.0	0.0	-0.25
1593505956534	0.0	0.0	0.0	-0.25
1593505956567	0.0	0.0	0.0	-0.25
1593505956568	0.0	0.0	0.0	-0.25
1593505956597	0.0	0.0	0.0	-0.25
1593505956599	0.0	0.0	0.0	-0.25
1593505956631	0.0	0.0	0.0	-0.25
1593505956633	0.0	0.0	0.0	-0.25
1593505956666	0.0	0.0	0.0	-0.25
1593505956697	0.0	0.0	0.0	-0.25
1593505956701	0.0	0.0	0.0	-0.25
1593505956731	0.0	0.0	0.0	-0.25
1593505956733	0.0	0.0	0.0	-0.25
1593505956764	0.0	0.0	0.0	-0.25
1593505956764	0.0	0.0	0.0	-0.25
1593505956798	0.0	0.0	0.0	-0.25
1593505956833	0.0	0.0	0.0	-0.25
1593505956833	0.0	0.0	0.0	-0.25
1593505956863	0.0	0.0	0.0	-0.25
1593505956895	0.0	0.0	0.0	-0.25
1593505956898	0.0	0.0	0.0	-0.25
1593505956927	0.0	0.0	0.0	-0.25
1593505956930	0.0	0.0	0.0	-0.25
1593505956962	0.0	0.0	0.0	-0.25
1593505956963	0.0	0.0	0.0	-0.25
1593505956993	0.0	0.0	0.0	-0.25
1593505956995	0.0	0.0	0.0	-0.25
1593505957028	0.0	0.0	0.0	-0.25
1593505957030	0.0	0.0	0.0	-0.25
1593505957061	0.0	0.0	0.0	-0.25
1593505957093	0.0	0.0	0.0	-0.25
1593505957095	0.0	0.0	0.0	-0.25
1593505957126	0.0	0.0	0.0	-0.25
1593505957128	0.0	0.0	0.0	-0.25
1593505957160	0.0	0.0	0.0	-0.25
1593505957161	0.0	0.0	0.0	-0.25
1593505957194	0.0	0.0	0.0	-0.25
1593505957194	0.0	0.0	0.0	-0.25
1593505957225	0.0	0.0	0.0	-0.25
1593505957258	0.0	0.0	0.0	-0.25
1593505957260	0.0	0.0	0.0	-0.25
1593505957291	0.0	0.0	0.0	-0.25
1593505957291	0.0	0.0	0.0	-0.25
1593505957323	0.0	0.0	0.0	-0.25
1593505957325	0.0	0.0	0.0	-0.25
1593505957357	0.0	0.0	0.0	-0.25
1593505957358	0.0	0.0	0.0	-0.25
1593505957391	0.0	0.0	0.0	-0.25
1593505957424	0.0	0.0	0.0	-0.25
1593505957427	0.0	0.0	0.0	-0.25
1593505957459	0.0	0.0	0.0	-0.25
1593505957491	0.0	0.0	0.0	-0.25
1593505957519	0.0	0.0	0.0	-0.25
1593505957524	0.0	0.0	0.0	-0.25
1593505957554	0.0	0.0	0.0	-0.25
1593505957555	0.0	0.0	0.0	-0.25
1593505957589	0.0	0.0	0.0	-0.25
1593505957590	0.0	0.0	0.0	-0.25
1593505957622	0.0	0.0	0.0	-0.25
1593505957654	0.0	0.0	0.0	-0.25
1593505957656	0.0	0.0	0.0	-0.25
1593505957686	0.0	0.0	0.0	-0.25
1593505957688	0.0	0.0	0.0	-0.25
1593505957720	0.0	0.0	0.0	-0.25
1593505957721	0.0	0.0	0.0	-0.25
1593505957753	0.0	0.0	0.0	-0.25
1593505957758	0.0	0.0	0.0	-0.25
1593505957787	0.0	0.0	0.0	-0.25
1593505957820	0.0	0.0	0.0	-0.25
1593505957822	0.0	0.0	0.0	-0.25
1593505957853	0.0	0.0	0.0	-0.25
1593505957884	0.0	0.0	0.0	-0.25
1593505957887	0.0	0.0	0.0	-0.25
1593505957918	0.0	0.0	0.0	-0.25
1593505957920	0.0	0.0	0.0	-0.25
1593505957951	0.0	0.0	0.0	-0.25
1593505957983	0.0	0.0	0.0	-0.25
1593505957985	0.0	0.0	0.0	-0.25
1593505958017	0.0	0.0	0.0	-0.25
1593505958021	0.0	0.0	0.0	-0.25
1593505958052	0.0	0.0	0.0	-0.25
1593505958083	0.0	0.0	0.0	-0.25
1593505958086	0.0	0.0	0.0	-0.25
1593505958117	0.0	0.0	0.0	-0.25
1593505958149	0.0	0.0	0.0	-0.25
1593505958152	0.0	0.0	0.0	-0.25
1593505958182	0.0	0.0	0.0	-0.25
1593505958183	0.0	0.0	0.0	-0.25
1593505958216	0.0	0.0	0.0	-0.25
1593505958246	0.0	0.0	0.0	-0.25
1593505958249	0.0	0.0	0.0	-0.25
1593505958283	0.0	0.0	0.0	-0.25
1593505958314	0.0	0.0	0.0	-0.25
1593505958320	0.0	0.0	0.0	-0.25
1593505958348	0.0	0.0	0.0	-0.25
1593505958381	0.0	0.0	0.0	-0.25
1593505958382	0.0	0.0	0.0	-0.25
1593505958415	0.0	0.0	0.0	-0.25
1593505958415	0.0	0.0	0.0	-0.25
1593505958448	0.0	0.0	0.0	-0.25
1593505958481	0.0	0.0	0.0	-0.25
1593505958512	0.0	0.0	0.0	-0.25
1593505958512	0.0	0.0	0.0	-0.25
1593505958545	0.0	0.0	0.0	-0.25
1593505958548	0.0	0.0	0.0	-0.25
1593505958577	0.0	0.0	0.0	-0.25
1593505958582	0.0	0.0	0.0	-0.25
1593505958613	0.0	0.0	0.0	-0.25
1593505958648	0.0	0.0	0.0	-0.25
1593505958648	0.0	0.0	0.0	-0.25
1593505958679	0.0	0.0	0.0	-0.25
1593505958710	0.0	0.0	0.0	-0.25
1593505958712	0.0	0.0	0.0	-0.25
1593505958744	0.0	0.0	0.0	-0.25
1593505958776	0.0	0.0	0.0	-0.25
1593505958779	0.0	0.0	0.0	-0.25
1593505958810	0.0	0.0	0.0	-0.25
1593505958841	0.0	0.0	0.0	-0.25
1593505958844	0.0	0.0	0.0	-0.25
1593505958877	0.0	0.0	0.0	-0.25
1593505958908	0.0	0.0	0.0	-0.25
1593505958908	0.0	0.0	0.0	-0.25
1593505958940	0.0	0.0	0.0	-0.25
1593505958942	0.0	0.0	0.0	-0.25
1593505958975	0.0	0.0	0.0	-0.25
1593505959006	0.0	0.0	0.0	-0.25
1593505959009	0.0	0.0	0.0	-0.25
1593505959040	0.0	0.0	0.0	-0.25
1593505959041	0.0	0.0	0.0	-0.25
1593505959073	0.0	0.0	0.0	-0.25
1593505959106	0.0	0.0	0.0	-0.25
1593505959107	0.0	0.0	0.0	-0.25
1593505959137	0.0	0.0	0.0	-0.25
1593505959140	0.0	0.0	0.0	-0.25
1593505959170	0.0	0.0	0.0	-0.25
1593505959174	0.0	0.0	0.0	-0.25
1593505959208	0.0	0.0	0.0	-0.25
1593505959208	0.0	0.0	0.0	-0.25
1593505959238	0.0	0.0	0.0	-0.25
1593505959270	0.0	0.0	0.0	-0.25
1593505959271	0.0	0.0	0.0	-0.25
1593505959304	0.0	0.0	0.0	-0.25
1593505959337	0.0	0.0	0.0	-0.25
1593505959339	0.0	0.0	0.0	-0.25
1593505959372	0.0	0.0	0.0	-0.25
1593505959401	0.0	0.0	0.0	-0.25
1593505959406	0.0	0.0	0.0	-0.25
1593505959436	0.0	0.0	0.0	-0.25
1593505959469	0.0	0.0	0.0	-0.25
1593505959470	0.0	0.0	0.0	-0.25
1593505959499	0.0	0.0	0.0	-0.25
1593505959504	0.0	0.0	0.0	-0.25
1593505959536	0.0	0.0	0.0	-0.25
1593505959567	0.0	0.0	0.0	-0.25
1593505959570	0.0	0.0	0.0	-0.25
1593505959600	0.0	0.0	0.0	-0.25
1593505959602	0.0	0.0	0.0	-0.25
1593505959634	0.0	0.0	0.0	-0.25
1593505959635	0.0	0.0	0.0	-0.25
1593505959667	0.0	0.0	0.0	-0.25
1593505959668	0.0	0.0	0.0	-0.25
1593505959700	0.0	0.0	0.0	-0.25
1593505959732	0.0	0.0	0.0	-0.25
1593505959735	0.0	0.0	0.0	-0.25
1593505959766	0.0	0.0	0.0	-0.25
1593505959768	0.0	0.0	0.0	-0.25
1593505959801	0.0	0.0	0.0	-0.25
1593505959802	0.0	0.0	0.0	-0.25
1593505959831	0.0	0.0	0.0	-0.25
1593505959833	0.0	0.0	0.0	-0.25
1593505959866	0.0	0.0	0.0	-0.25
1593505959897	0.0	0.0	0.0	-0.25
1593505959901	0.0	0.0	0.0	-0.25
1593505959932	0.0	0.0	0.0	-0.25
1593505959963	0.0	0.0	0.0	-0.25
1593505959964	0.0	0.0	0.0	-0.25
1593505959996	0.0	0.0	0.0	-0.25
1593505959997	0.0	0.0	0.0	-0.25
1593505960030	0.0	0.0	0.0	-0.25
1593505960031	0.0	0.0	0.0	-0.25
1593505960062	0.0	0.0	0.0	-0.25
1593505960065	0.0	0.0	0.0	-0.25
1593505960095	0.0	0.0	0.0	-0.25
1593505960096	0.0	0.0	0.0	-0.25
1593505960129	0.0	0.0	0.0	-0.25
1593505960132	0.0	0.0	0.0	-0.25
1593505960161	0.0	0.0	0.0	-0.25
1593505960162	0.0	0.0	0.0	-0.25
1593505960195	0.0	0.0	0.0	-0.25
1593505960196	0.0	0.0	0.0	-0.25
1593505960229	0.0	0.0	0.0	-0.25
1593505960261	0.0	0.0	0.0	-0.25
1593505960262	0.0	0.0	0.0	-0.25
1593505960292	0.0	0.0	0.0	-0.25
1593505960295	0.0	0.0	0.0	-0.25
1593505960327	0.0	0.0	0.0	-0.25
1593505960328	0.0	0.0	0.0	-0.25
1593505960360	0.0	0.0	0.0	-0.25
1593505960362	0.0	0.0	0.0	-0.25
1593505960394	0.0	0.0	0.0	-0.25
1593505960395	0.0	0.0	0.0	-0.25
1593505960428	0.0	0.0	0.0	-0.25
1593505960430	0.0	0.0	0.0	-0.25
1593505960460	0.0	0.0	0.0	-0.25
1593505960493	0.0	0.0	0.0	-0.25
1593505960493	0.0	0.0	0.0	-0.25
1593505960526	0.0	0.0	0.0	-0.25
1593505960527	0.0	0.0	0.0	-0.25
1593505960559	0.0	0.0	0.0	-0.25
1593505960589	0.0	0.0	0.0	-0.25
1593505960592	0.0	0.0	0.0	-0.25
1593505960624	0.0	0.0	0.0	-0.25
1593505960625	0.0	0.0	0.0	-0.25
1593505960656	0.0	0.0	0.0	-0.25
1593505960659	0.0	0.0	0.0	-0.25
1593505960691	0.0	0.0	0.0	-0.25
1593505960723	0.0	0.0	0.0	-0.25
1593505960725	0.0	0.0	0.0	-0.25
1593505960756	0.0	0.0	0.0	-0.25
1593505960786	0.0	0.0	0.0	-0.25
1593505960790	0.0	0.0	0.0	-0.25
1593505960822	0.0	0.0	0.0	-0.25
1593505960855	0.0	0.0	0.0	-0.25
1593505960888	0.0	0.0	0.0	-0.25
1593505960888	0.0	0.0	0.0	-0.25
1593505960921	0.0	0.0	0.0	-0.25
1593505960922	0.0	0.0	0.0	-0.25
1593505960953	0.0	0.0	0.0	-0.25
1593505960958	0.0	0.0	0.0	-0.25
1593505960988	0.0	0.0	0.0	-0.25
1593505961020	0.0	0.0	0.0	-0.25
1593505961024	0.0	0.0	0.0	-0.25
1593505961054	0.0	0.0	0.0	-0.25
1593505961084	0.0	0.0	0.0	-0.25
1593505961086	0.0	0.0	0.0	-0.25
1593505961119	0.0	0.0	0.0	-0.25
1593505961120	0.0	0.0	0.0	-0.25
1593505961150	0.0	0.0	0.0	-0.25
1593505961153	0.0	0.0	0.0	-0.25
1593505961183	0.0	0.0	0.0	-0.25
1593505961186	0.0	0.0	0.0	-0.25
1593505961219	0.0	0.0	0.0	-0.25
1593505961249	0.0	0.0	0.0	-0.25
1593505961252	0.0	0.0	0.0	-0.25
1593505961284	0.0	0.0	0.0	-0.25
1593505961286	0.0	0.0	0.0	-0.25
1593505961317	0.0	0.0	0.0	-0.25
1593505961350	0.0	0.0	0.0	-0.25
1593505961352	0.0	0.0	0.0	-0.25
1593505961383	0.0	0.0	0.0	-0.25
1593505961384	0.0	0.0	0.0	-0.25
1593505961417	0.0	0.0	0.0	-0.25
1593505961419	0.0	0.0	0.0	-0.25
1593505961449	0.0	0.0	0.0	-0.25
1593505961450	0.0	0.0	0.0	-0.25
1593505961483	0.0	0.0	0.0	-0.25
1593505961514	0.0	0.0	0.0	-0.25
1593505961517	0.0	0.0	0.0	-0.25
1593505961549	0.0	0.0	0.0	-0.25
1593505961579	0.0	0.0	0.0	-0.25
1593505961585	0.0	0.0	0.0	-0.25
1593505961615	0.0	0.0	0.0	-0.25
1593505961645	0.0	0.0	0.0	-0.25
1593505961650	0.0	0.0	0.0	-0.25
1593505961681	0.0	0.0	0.0	-0.25
1593505961712	0.0	0.0	0.0	-0.25
1593505961714	0.0	0.0	0.0	-0.25
1593505961745	0.0	0.0	0.0	-0.25
1593505961747	0.0	0.0	0.0	-0.25
1593505961779	0.0	0.0	0.0	-0.25
1593505961780	0.0	0.0	0.0	-0.25
1593505961811	0.0	0.0	0.0	-0.25
1593505961813	0.0	0.0	0.0	-0.25
1593505961847	0.0	0.0	0.0	-0.25
1593505961878	0.0	0.0	0.0	-0.25
1593505961880	0.0	0.0	0.0	-0.25
1593505961911	0.0	0.0	0.0	-0.25
1593505961943	0.0	0.0	0.0	-0.25
1593505961945	0.0	0.0	0.0	-0.25
1593505961975	0.0	0.0	0.0	-0.25
1593505962009	0.0	0.0	0.0	-0.25
1593505962010	0.0	0.0	0.0	-0.25
1593505962042	0.0	0.0	0.0	-0.25
1593505962044	0.0	0.0	0.0	-0.25
1593505962077	0.0	0.0	0.0	-0.25
1593505962108	0.0	0.0	0.0	-0.25
1593505962111	0.0	0.0	0.0	-0.25
1593505962142	0.0	0.0	0.0	-0.25
1593505962172	0.0	0.0	0.0	-0.25
1593505962175	0.0	0.0	0.0	-0.25
1593505962206	0.0	0.0	0.0	-0.25
1593505962208	0.0	0.0	0.0	-0.25
1593505962241	0.0	0.0	0.0	-0.25
1593505962273	0.0	0.0	0.0	-0.25
1593505962275	0.0	0.0	0.0	-0.25
1593505962305	0.0	0.0	0.0	-0.25
1593505962308	0.0	0.0	0.0	-0.25
1593505962338	0.0	0.0	0.0	-0.25
1593505962341	0.0	0.0	0.0	-0.25
1593505962374	0.0	0.0	0.0	-0.25
1593505962405	0.0	0.0	0.0	-0.25
1593505962408	0.0	0.0	0.0	-0.25
1593505962440	0.0	0.0	0.0	-0.25
1593505962472	0.0	0.0	0.0	-0.25
1593505962472	0.0	0.0	0.0	-0.25
1593505962506	0.0	0.0	0.0	-0.25
1593505962538	0.0	0.0	0.0	-0.25
1593505962539	0.0	0.0	0.0	-0.25
1593505962572	0.0	0.0	0.0	-0.25
1593505962604	0.0	0.0	0.0	-0.25
1593505962637	0.0	0.0	0.0	-0.25
1593505962640	0.0	0.0	0.0	-0.25
1593505962671	0.0	0.0	0.0	-0.25
1593505962703	0.0	0.0	0.0	-0.25
1593505962735	0.0	0.0	0.0	-0.25
1593505962736	0.0	0.0	0.0	-0.25
1593505962771	0.0	0.0	0.0	-0.25
1593505962772	0.0	0.0	0.0	-0.25
1593505962803	0.0	0.0	0.0	-0.25
1593505962833	0.0	0.0	0.0	-0.25
1593505962839	0.0	0.0	0.0	-0.25
1593505962868	0.0	0.0	0.0	-0.25
1593505962900	0.0	0.0	0.0	-0.25
1593505962901	0.0	0.0	0.0	-0.25
1593505962933	0.0	0.0	0.0	-0.25
1593505962935	0.0	0.0	0.0	-0.25
1593505962966	0.0	0.0	0.0	-0.25
1593505962968	0.0	0.0	0.0	-0.25
1593505962999	0.0	0.0	0.0	-0.25
1593505963001	0.0	0.0	0.0	-0.25
1593505963035	0.0	0.0	0.0	-0.25
1593505963064	0.0	0.0	0.0	-0.25
1593505963065	0.0	0.0	0.0	-0.25
1593505963097	0.0	0.0	0.0	-0.25
1593505963100	0.0	0.0	0.0	-0.25
1593505963131	0.0	0.0	0.0	-0.25
1593505963132	0.0	0.0	0.0	-0.25
1593505963164	0.0	0.0	0.0	-0.25
1593505963166	0.0	0.0	0.0	-0.25
1593505963198	0.0	0.0	0.0	-0.25
1593505963199	0.0	0.0	0.0	-0.25
1593505963230	0.0	0.0	0.0	-0.25
1593505963233	0.0	0.0	0.0	-0.25
1593505963263	0.0	0.0	0.0	-0.25
1593505963266	0.0	0.0	0.0	-0.25
1593505963297	0.0	0.0	0.0	-0.25
1593505963327	0.0	0.0	0.0	-0.25
1593505963331	0.0	0.0	0.0	-0.25
1593505963360	0.0	0.0	0.0	-0.25
1593505963363	0.0	0.0	0.0	-0.25
1593505963393	0.0	0.0	0.0	-0.25
1593505963398	0.0	0.0	0.0	-0.25
1593505963427	0.0	0.0	0.0	-0.25
1593505963430	0.0	0.0	0.0	-0.25
1593505963461	0.0	0.0	0.0	-0.25
1593505963467	0.0	0.0	0.0	-0.25
1593505963496	0.0	0.0	0.0	-0.25
1593505963528	0.0	0.0	0.0	-0.25
1593505963559	0.0	0.0	0.0	-0.25
1593505963562	0.0	0.0	0.0	-0.25
1593505963594	0.0	0.0	0.0	-0.25
1593505963595	0.0	0.0	0.0	-0.25
1593505963629	0.0	0.0	0.0	-0.25
1593505963660	0.0	0.0	0.0	-0.25
1593505963667	0.0	0.0	0.0	-0.25
1593505963692	0.0	0.0	0.0	-0.25
1593505963726	0.0	0.0	0.0	-0.25
1593505963726	0.0	0.0	0.0	-0.25
1593505963758	0.0	0.0	0.0	-0.25
1593505963760	0.0	0.0	0.0	-0.25
1593505963790	0.0	0.0	0.0	-0.25
1593505963793	0.0	0.0	0.0	-0.25
1593505963825	0.0	0.0	0.0	-0.25
1593505963856	0.0	0.0	0.0	-0.25
1593505963858	0.0	0.0	0.0	-0.25
1593505963891	0.0	0.0	0.0	-0.25
1593505963893	0.0	0.0	0.0	-0.25
1593505963924	0.0	0.0	0.0	-0.25
1593505963956	0.0	0.0	0.0	-0.25
1593505963961	0.0	0.0	0.0	-0.25
1593505963990	0.0	0.0	0.0	-0.25
1593505964022	0.0	0.0	0.0	-0.25
1593505964025	0.0	0.0	0.0	-0.25
1593505964057	0.0	0.0	0.0	-0.25
1593505964087	0.0	0.0	0.0	-0.25
1593505964090	0.0	0.0	0.0	-0.25
1593505964121	0.0	0.0	0.0	-0.25
1593505964123	0.0	0.0	0.0	-0.25
1593505964155	0.0	0.0	0.0	-0.25
1593505964189	0.0	0.0	0.0	-0.25
1593505964190	0.0	0.0	0.0	-0.25
1593505964223	0.0	0.0	0.0	-0.25
1593505964223	0.0	0.0	0.0	-0.25
1593505964255	0.0	0.0	0.0	-0.25
1593505964287	0.0	0.0	0.0	-0.25
1593505964317	0.0	0.0	0.0	-0.25
1593505964320	0.0	0.0	0.0	-0.25
1593505964349	0.0	0.0	0.0	-0.25
1593505964352	0.0	0.0	0.0	-0.25
1593505964384	0.0	0.0	0.0	-0.25
1593505964386	0.0	0.0	0.0	-0.25
1593505964419	0.0	0.0	0.0	-0.25
1593505964420	0.0	0.0	0.0	-0.25
1593505964453	0.0	0.0	0.0	-0.25
1593505964482	0.0	0.0	0.0	-0.25
1593505964488	0.0	0.0	0.0	-0.25
1593505964518	0.0	0.0	0.0	-0.25
1593505964519	0.0	0.0	0.0	-0.25
1593505964552	0.0	0.0	0.0	-0.25
1593505964554	0.0	0.0	0.0	-0.25
1593505964584	0.0	0.0	0.0	-0.25
1593505964585	0.0	0.0	0.0	-0.25
1593505964618	0.0	0.0	0.0	-0.25
1593505964649	0.0	0.0	0.0	-0.25
1593505964654	0.0	0.0	0.0	-0.25
1593505964683	0.0	0.0	0.0	-0.25
1593505964718	0.0	0.0	0.0	-0.25
1593505964748	0.0	0.0	0.0	-0.25
1593505964750	0.0	0.0	0.0	-0.25
1593505964780	0.0	0.0	0.0	-0.25
1593505964783	0.0	0.0	0.0	-0.25
1593505964814	0.0	0.0	0.0	-0.25
1593505964814	0.0	0.0	0.0	-0.25
1593505964845	0.0	0.0	0.0	-0.25
1593505964848	0.0	0.0	0.0	-0.25
1593505964880	0.0	0.0	0.0	-0.25
1593505964881	0.0	0.0	0.0	-0.25
1593505964913	0.0	0.0	0.0	-0.25
1593505964914	0.0	0.0	0.0	-0.25
1593505964945	0.0	0.0	0.0	-0.25
1593505964949	0.0	0.0	0.0	-0.25
1593505964981	0.0	0.0	0.0	-0.25
1593505965011	0.0	0.0	0.0	-0.25
1593505965014	0.0	0.0	0.0	-0.25
1593505965046	0.0	0.0	0.0	-0.25
1593505965077	0.0	0.0	0.0	-0.25
1593505965079	0.0	0.0	0.0	-0.25
1593505965111	0.0	0.0	0.0	-0.25
1593505965113	0.0	0.0	0.0	-0.25
1593505965141	0.0	0.0	0.0	0.0
1593505965161	0.0	0.0	0.25	0.0
1593505965181	0.0	0.0	0.0	0.0
1593505965673	0.0	-0.25	0.0	0.0
1593505965706	0.0	-0.25	0.0	0.0
1593505965707	0.0	-0.25	0.0	0.0
1593505965740	0.0	-0.25	0.0	0.0
1593505965773	0.0	-0.25	0.0	0.0
1593505965804	0.0	-0.25	0.0	0.0
1593505965805	0.0	-0.25	0.0	0.0
1593505965836	0.0	-0.25	0.0	0.0
1593505965837	0.0	-0.25	0.0	0.0
1593505965870	0.0	-0.25	0.0	0.0
1593505965871	0.0	-0.25	0.0	0.0
1593505965902	0.0	-0.25	0.0	0.0
1593505965906	0.0	-0.25	0.0	0.0
1593505965936	0.0	-0.25	0.0	0.0
1593505965971	0.0	-0.25	0.0	0.0
1593505966003	0.0	-0.25	0.0	0.0
1593505966036	0.0	-0.25	0.0	0.0
1593505966039	0.0	-0.25	0.0	0.0
1593505966070	0.0	-0.25	0.0	0.0
1593505966102	0.0	-0.25	0.0	0.0
1593505966103	0.0	-0.25	0.0	0.0
1593505966135	0.0	-0.25	0.0	0.0
1593505966167	0.0	-0.25	0.0	0.0
1593505966168	0.0	-0.25	0.0	0.0
1593505966201	0.0	-0.25	0.0	0.0
1593505966201	0.0	-0.25	0.0	0.0
1593505966234	0.0	-0.25	0.0	0.0
1593505966265	0.0	-0.25	0.0	0.0
1593505966270	0.0	-0.25	0.0	0.0
1593505966301	0.0	-0.25	0.0	0.0
1593505966331	0.0	-0.25	0.0	0.0
1593505966338	0.0	-0.25	0.0	0.0
1593505966366	0.0	-0.25	0.0	0.0
1593505966397	0.0	-0.25	0.0	0.0
1593505966400	0.0	-0.25	0.0	0.0
1593505966431	0.0	-0.25	0.0	0.0
1593505966432	0.0	-0.25	0.0	0.0
1593505966464	0.0	-0.25	0.0	0.0
1593505966465	0.0	-0.25	0.0	0.0
1593505966499	0.0	-0.25	0.0	0.0
1593505966531	0.0	-0.25	0.0	0.0
1593505966564	0.0	-0.25	0.0	0.0
1593505966564	0.0	-0.25	0.0	0.0
1593505966598	0.0	-0.25	0.0	0.0
1593505966599	0.0	-0.25	0.0	0.0
1593505966630	0.0	-0.25	0.0	0.0
1593505966662	0.0	-0.25	0.0	0.0
1593505966664	0.0	-0.25	0.0	0.0
1593505966696	0.0	-0.25	0.0	0.0
1593505966728	0.0	-0.25	0.0	0.0
1593505966762	0.0	-0.25	0.0	0.0
1593505966764	0.0	-0.25	0.0	0.0
1593505966795	0.0	-0.25	0.0	0.0
1593505966828	0.0	-0.25	0.0	0.0
1593505966832	0.0	-0.25	0.0	0.0
1593505966861	0.0	-0.25	0.0	0.0
1593505966892	0.0	-0.25	0.0	0.0
1593505966899	0.0	-0.25	0.0	0.0
1593505966927	0.0	-0.25	0.0	0.0
1593505966959	0.0	-0.25	0.0	0.0
1593505966960	0.0	-0.25	0.0	0.0
1593505966991	0.0	-0.25	0.0	0.0
1593505966992	0.0	-0.25	0.0	0.0
1593505967025	0.0	-0.25	0.0	0.0
1593505967059	0.0	-0.25	0.0	0.0
1593505967060	0.0	-0.25	0.0	0.0
1593505967092	0.0	-0.25	0.0	0.0
1593505967125	0.0	-0.25	0.0	0.0
1593505967126	0.0	-0.25	0.0	0.0
1593505967157	0.0	-0.25	0.0	0.0
1593505967158	0.0	-0.25	0.0	0.0
1593505967191	0.0	-0.25	0.0	0.0
1593505967222	0.0	-0.25	0.0	0.0
1593505967224	0.0	-0.25	0.0	0.0
1593505967255	0.0	-0.25	0.0	0.0
1593505967286	0.0	-0.25	0.0	0.0
1593505967292	0.0	-0.25	0.0	0.0
1593505967323	0.0	-0.25	0.0	0.0
1593505967352	0.0	-0.25	0.0	0.0
1593505967354	0.0	-0.25	0.0	0.0
1593505967388	0.0	-0.25	0.0	0.0
1593505967388	0.0	-0.25	0.0	0.0
1593505967419	0.0	-0.25	0.0	0.0
1593505967422	0.0	-0.25	0.0	0.0
1593505967455	0.0	-0.25	0.0	0.0
1593505967455	0.0	-0.25	0.0	0.0
1593505967487	0.0	-0.25	0.0	0.0
1593505967519	0.0	-0.25	0.0	0.0
1593505967525	0.0	-0.25	0.0	0.0
1593505967553	0.0	-0.25	0.0	0.0
1593505967585	0.0	-0.25	0.0	0.0
1593505967588	0.0	-0.25	0.0	0.0
1593505967619	0.0	-0.25	0.0	0.0
1593505967620	0.0	-0.25	0.0	0.0
1593505967652	0.0	-0.25	0.0	0.0
1593505967652	0.0	-0.25	0.0	0.0
1593505967687	0.0	-0.25	0.0	0.0
1593505967719	0.0	-0.25	0.0	0.0
1593505967748	0.0	-0.25	0.0	0.0
1593505967753	0.0	-0.25	0.0	0.0
1593505967783	0.0	-0.25	0.0	0.0
1593505967785	0.0	-0.25	0.0	0.0
1593505967818	0.0	-0.25	0.0	0.0
1593505967848	0.0	-0.25	0.0	0.0
1593505967852	0.0	-0.25	0.0	0.0
1593505967883	0.0	-0.25	0.0	0.0
1593505967884	0.0	-0.25	0.0	0.0
1593505967915	0.0	-0.25	0.0	0.0
1593505967917	0.0	-0.25	0.0	0.0
1593505967948	0.0	-0.25	0.0	0.0
1593505967950	0.0	-0.25	0.0	0.0
1593505967981	0.0	-0.25	0.0	0.0
1593505967983	0.0	-0.25	0.0	0.0
1593505968015	0.0	-0.25	0.0	0.0
1593505968015	0.0	-0.25	0.0	0.0
1593505968047	0.0	-0.25	0.0	0.0
1593505968049	0.0	-0.25	0.0	0.0
1593505968080	0.0	-0.25	0.0	0.0
1593505968085	0.0	-0.25	0.0	0.0
1593505968115	0.0	-0.25	0.0	0.0
1593505968146	0.0	-0.25	0.0	0.0
1593505968149	0.0	-0.25	0.0	0.0
1593505968180	0.0	-0.25	0.0	0.0
1593505968180	0.0	-0.25	0.0	0.0
1593505968211	0.0	-0.25	0.0	0.0
1593505968213	0.0	-0.25	0.0	0.0
1593505968246	0.0	-0.25	0.0	0.0
1593505968276	0.0	-0.25	0.0	0.0
1593505968279	0.0	-0.25	0.0	0.0
1593505968309	0.0	-0.25	0.0	0.0
1593505968313	0.0	-0.25	0.0	0.0
1593505968347	0.0	-0.25	0.0	0.0
1593505968379	0.0	-0.25	0.0	0.0
1593505968380	0.0	-0.25	0.0	0.0
1593505968411	0.0	-0.25	0.0	0.0
1593505968443	0.0	-0.25	0.0	0.0
1593505968445	0.0	-0.25	0.0	0.0
1593505968476	0.0	-0.25	0.0	0.0
1593505968477	0.0	-0.25	0.0	0.0
1593505968510	0.0	-0.25	0.0	0.0
1593505968510	0.0	-0.25	0.0	0.0
1593505968541	0.0	-0.25	0.0	0.0
1593505968545	0.0	-0.25	0.0	0.0
1593505968575	0.0	-0.25	0.0	0.0
1593505968577	0.0	-0.25	0.0	0.0
1593505968608	0.0	-0.25	0.0	0.0
1593505968608	0.0	-0.25	0.0	0.0
1593505968642	0.0	-0.25	0.0	0.0
1593505968646	0.0	-0.25	0.0	0.0
1593505968675	0.0	-0.25	0.0	0.0
1593505968708	0.0	-0.25	0.0	0.0
1593505968709	0.0	-0.25	0.0	0.0
1593505968741	0.0	-0.25	0.0	0.0
1593505968742	0.0	-0.25	0.0	0.0
1593505968773	0.0	-0.25	0.0	0.0
1593505968774	0.0	-0.25	0.0	0.0
1593505968807	0.0	-0.25	0.0	0.0
1593505968808	0.0	-0.25	0.0	0.0
1593505968840	0.0	-0.25	0.0	0.0
1593505968870	0.0	-0.25	0.0	0.0
1593505968875	0.0	-0.25	0.0	0.0
1593505968906	0.0	-0.25	0.0	0.0
1593505968939	0.0	-0.25	0.0	0.0
1593505968942	0.0	-0.25	0.0	0.0
1593505968973	0.0	-0.25	0.0	0.0
1593505969005	0.0	-0.25	0.0	0.0
1593505969007	0.0	-0.25	0.0	0.0
1593505969039	0.0	-0.25	0.0	0.0
1593505969071	0.0	-0.25	0.0	0.0
1593505969072	0.0	-0.25	0.0	0.0
1593505969105	0.0	-0.25	0.0	0.0
1593505969106	0.0	-0.25	0.0	0.0
1593505969137	0.0	-0.25	0.0	0.0
1593505969138	0.0	-0.25	0.0	0.0
1593505969169	0.0	-0.25	0.0	0.0
1593505969171	0.0	-0.25	0.0	0.0
1593505969204	0.0	-0.25	0.0	0.0
1593505969214	0.0	0.0	0.0	0.0
1593505972305	0.25	0.0	0.0	0.0
1593505972342	0.25	0.0	0.0	0.0
1593505972377	0.25	0.0	0.0	0.0
1593505972411	0.25	0.0	0.0	0.0
1593505972441	0.25	0.0	0.0	0.0
1593505972477	0.25	0.0	0.0	0.0
1593505972512	0.25	0.0	0.0	0.0
1593505972549	0.25	0.0	0.0	0.0
1593505972582	0.25	0.0	0.0	0.0
1593505972614	0.25	0.0	0.0	0.0
1593505972646	0.25	0.0	0.0	0.0
1593505972677	0.25	0.0	0.0	0.0
1593505972712	0.25	0.0	0.0	0.0
1593505972748	0.25	0.0	0.0	0.0
1593505972781	0.25	0.0	0.0	0.0
1593505972815	0.25	0.0	0.0	0.0
1593505972818	0.25	0.0	0.0	0.0
1593505972849	0.25	0.0	0.0	0.0
1593505972849	0.25	0.0	0.0	0.0
1593505972882	0.25	0.0	0.0	0.0
1593505972885	0.25	0.0	0.0	0.0
1593505972916	0.25	0.0	0.0	0.0
1593505972916	0.25	0.0	0.0	0.0
1593505972948	0.25	0.0	0.0	0.0
1593505972948	0.25	0.0	0.0	0.0
1593505972982	0.25	0.0	0.0	0.0
1593505972983	0.25	0.0	0.0	0.0
1593505973015	0.25	0.0	0.0	0.0
1593505973045	0.25	0.0	0.0	0.0
1593505973049	0.25	0.0	0.0	0.0
1593505973081	0.25	0.0	0.0	0.0
1593505973081	0.25	0.0	0.0	0.0
1593505973115	0.25	0.0	0.0	0.0
1593505973146	0.25	0.0	0.0	0.0
1593505973147	0.25	0.0	0.0	0.0
1593505973180	0.25	0.0	0.0	0.0
1593505973212	0.25	0.0	0.0	0.0
1593505973216	0.25	0.0	0.0	0.0
1593505973246	0.25	0.0	0.0	0.0
1593505973280	0.25	0.0	0.0	0.0
1593505973281	0.0	0.0	0.0	0.0
1593505973666	0.0	0.0	0.0	-0.25
1593505973696	0.0	0.0	0.0	-0.25
1593505973729	0.0	0.0	0.0	-0.25
1593505973763	0.0	0.0	0.0	-0.25
1593505973792	0.0	0.0	0.0	-0.25
1593505973827	0.0	0.0	0.0	-0.25
1593505973862	0.0	0.0	0.0	-0.25
1593505973899	0.0	0.0	0.0	-0.25
1593505973932	0.0	0.0	0.0	-0.25
1593505973965	0.0	0.0	0.0	-0.25
1593505973998	0.0	0.0	0.0	-0.25
1593505974033	0.0	0.0	0.0	-0.25
1593505974064	0.0	0.0	0.0	-0.25
1593505974094	0.0	0.0	0.0	-0.25
1593505974128	0.0	0.0	0.0	-0.25
1593505974159	0.0	0.0	0.0	-0.25
1593505974180	0.0	0.0	0.0	-0.25
1593505974213	0.0	0.0	0.0	-0.25
1593505974214	0.0	0.0	0.0	-0.25
1593505974245	0.0	0.0	0.0	-0.25
1593505974278	0.0	0.0	0.0	-0.25
1593505974280	0.0	0.0	0.0	-0.25
1593505974311	0.0	0.0	0.0	-0.25
1593505974342	0.0	0.0	0.0	-0.25
1593505974345	0.0	0.0	0.0	-0.25
1593505974376	0.0	0.0	0.0	-0.25
1593505974408	0.0	0.0	0.0	-0.25
1593505974410	0.0	0.0	0.0	-0.25
1593505974442	0.0	0.0	0.0	-0.25
1593505974443	0.0	0.0	0.0	-0.25
1593505974475	0.0	0.0	0.0	-0.25
1593505974475	0.0	0.0	0.0	-0.25
1593505974507	0.0	0.0	0.0	-0.25
1593505974510	0.0	0.0	0.0	-0.25
1593505974538	0.0	0.0	0.0	0.0
1593505974560	0.0	0.0	0.0	0.0
1593505974715	0.0	-0.25	0.0	0.0
1593505974746	0.0	-0.25	0.0	0.0
1593505974784	0.0	-0.25	0.0	0.0
1593505974818	0.0	-0.25	0.0	0.0
1593505974849	0.0	-0.25	0.0	0.0
1593505974882	0.0	-0.25	0.0	0.0
1593505974915	0.0	-0.25	0.0	0.0
1593505974949	0.0	-0.25	0.0	0.0
1593505974981	0.0	-0.25	0.0	0.0
1593505975017	0.0	-0.25	0.0	0.0
1593505975050	0.0	-0.25	0.0	0.0
1593505975081	0.0	-0.25	0.0	0.0
1593505975115	0.0	-0.25	0.0	0.0
1593505975146	0.0	-0.25	0.0	0.0
1593505975180	0.0	-0.25	0.0	0.0
1593505975215	0.0	-0.25	0.0	0.0
1593505975232	0.0	-0.25	0.0	0.0
1593505975263	0.0	-0.25	0.0	0.0
1593505975295	0.0	-0.25	0.0	0.0
1593505975296	0.0	-0.25	0.0	0.0
1593505975329	0.0	-0.25	0.0	0.0
1593505975331	0.0	-0.25	0.0	0.0
1593505975364	0.0	-0.25	0.0	0.0
1593505975394	0.0	-0.25	0.0	0.0
1593505975397	0.0	-0.25	0.0	0.0
1593505975429	0.0	-0.25	0.0	0.0
1593505975461	0.0	-0.25	0.0	0.0
1593505975462	0.0	-0.25	0.0	0.0
1593505975494	0.0	-0.25	0.0	0.0
1593505975495	0.0	-0.25	0.0	0.0
1593505975526	0.0	-0.25	0.0	0.0
1593505975528	0.0	-0.25	0.0	0.0
1593505975560	0.0	-0.25	0.0	0.0
1593505975562	0.0	-0.25	0.0	0.0
1593505975594	0.0	-0.25	0.0	0.0
1593505975626	0.0	-0.25	0.0	0.0
1593505975628	0.0	-0.25	0.0	0.0
1593505975659	0.0	-0.25	0.0	0.0
1593505975691	0.0	-0.25	0.0	0.0
1593505975694	0.0	-0.25	0.0	0.0
1593505975725	0.0	-0.25	0.0	0.0
1593505975726	0.0	-0.25	0.0	0.0
1593505975757	0.0	-0.25	0.0	0.0
1593505975759	0.0	-0.25	0.0	0.0
1593505975791	0.0	-0.25	0.0	0.0
1593505975794	0.0	-0.25	0.0	0.0
1593505975823	0.0	-0.25	0.0	0.0
1593505975825	0.0	-0.25	0.0	0.0
1593505975856	0.0	-0.25	0.0	0.0
1593505975858	0.0	-0.25	0.0	0.0
1593505975890	0.0	-0.25	0.0	0.0
1593505975891	0.0	-0.25	0.0	0.0
1593505975923	0.0	-0.25	0.0	0.0
1593505975956	0.0	-0.25	0.0	0.0
1593505975961	0.0	-0.25	0.0	0.0
1593505975990	0.0	-0.25	0.0	0.0
1593505976020	0.0	-0.25	0.0	0.0
1593505976024	0.0	-0.25	0.0	0.0
1593505976056	0.0	-0.25	0.0	0.0
1593505976087	0.0	-0.25	0.0	0.0
1593505976089	0.0	-0.25	0.0	0.0
1593505976122	0.0	-0.25	0.0	0.0
1593505976154	0.0	-0.25	0.0	0.0
1593505976154	0.0	-0.25	0.0	0.0
1593505976189	0.0	-0.25	0.0	0.0
1593505976221	0.0	-0.25	0.0	0.0
1593505976251	0.0	-0.25	0.0	0.0
1593505976255	0.0	0.0	0.0	0.0
1593505977532	0.0	0.0	-0.25	0.0
1593505977566	0.0	0.0	-0.25	0.0
1593505977601	0.0	0.0	-0.25	0.0
1593505977632	0.0	0.0	-0.25	0.0
1593505977664	0.0	0.0	-0.25	0.0
1593505977695	0.0	0.0	-0.25	0.0
1593505977727	0.0	0.0	-0.25	0.0
1593505977765	0.0	0.0	-0.25	0.0
1593505977795	0.0	0.0	-0.25	0.0
1593505977828	0.0	0.0	-0.25	0.0
1593505977860	0.0	0.0	-0.25	0.0
1593505977893	0.0	0.0	-0.25	0.0
1593505977924	0.0	0.0	-0.25	0.0
1593505977955	0.0	0.0	-0.25	0.0
1593505977987	0.0	0.0	-0.25	0.0
1593505978021	0.0	0.0	-0.25	0.0
1593505978045	0.0	0.0	-0.25	0.0
1593505978077	0.0	0.0	-0.25	0.0
1593505978111	0.0	0.0	-0.25	0.0
1593505978112	0.0	0.0	-0.25	0.0
1593505978146	0.0	0.0	-0.25	0.0
1593505978147	0.0	0.0	-0.25	0.0
1593505978178	0.0	0.0	-0.25	0.0
1593505978210	0.0	0.0	-0.25	0.0
1593505978211	0.0	0.0	-0.25	0.0
1593505978240	0.0	0.0	-0.25	0.0
1593505978242	0.0	0.0	-0.25	0.0
1593505978275	0.0	0.0	-0.25	0.0
1593505978280	0.0	0.0	-0.25	0.0
1593505978308	0.0	0.0	-0.25	0.0
1593505978342	0.0	0.0	-0.25	0.0
1593505978343	0.0	0.0	-0.25	0.0
1593505978372	0.0	0.0	-0.25	0.0
1593505978375	0.0	0.0	-0.25	0.0
1593505978405	0.0	0.0	-0.25	0.0
1593505978408	0.0	0.0	-0.25	0.0
1593505978438	0.0	0.0	-0.25	0.0
1593505978441	0.0	0.0	-0.25	0.0
1593505978472	0.0	0.0	-0.25	0.0
1593505978473	0.0	0.0	-0.25	0.0
1593505978507	0.0	0.0	-0.25	0.0
1593505978507	0.0	0.0	-0.25	0.0
1593505978539	0.0	0.0	-0.25	0.0
1593505978572	0.0	0.0	-0.25	0.0
1593505978574	0.0	0.0	-0.25	0.0
1593505978605	0.0	0.0	-0.25	0.0
1593505978639	0.0	0.0	-0.25	0.0
1593505978671	0.0	0.0	-0.25	0.0
1593505978704	0.0	0.0	-0.25	0.0
1593505978739	0.0	0.0	-0.25	0.0
1593505978739	0.0	0.0	-0.25	0.0
1593505978772	0.0	0.0	-0.25	0.0
1593505978772	0.0	0.0	-0.25	0.0
1593505978805	0.0	0.0	-0.25	0.0
1593505978836	0.0	0.0	-0.25	0.0
1593505978837	0.0	0.0	-0.25	0.0
1593505978870	0.0	0.0	-0.25	0.0
1593505978900	0.0	0.0	-0.25	0.0
1593505978902	0.0	0.0	-0.25	0.0
1593505978934	0.0	0.0	-0.25	0.0
1593505978966	0.0	0.0	-0.25	0.0
1593505978968	0.0	0.0	-0.25	0.0
1593505979000	0.0	0.0	-0.25	0.0
1593505979001	0.0	0.0	-0.25	0.0
1593505979034	0.0	0.0	-0.25	0.0
1593505979038	0.0	0.0	-0.25	0.0
1593505979067	0.0	0.0	-0.25	0.0
1593505979100	0.0	0.0	-0.25	0.0
1593505979102	0.0	0.0	-0.25	0.0
1593505979133	0.0	0.0	-0.25	0.0
1593505979164	0.0	0.0	-0.25	0.0
1593505979165	0.0	0.0	-0.25	0.0
1593505979196	0.0	0.0	-0.25	0.0
1593505979200	0.0	0.0	-0.25	0.0
1593505979232	0.0	0.0	-0.25	0.0
1593505979265	0.0	0.0	-0.25	0.0
1593505979269	0.0	0.0	-0.25	0.0
1593505979297	0.0	0.0	-0.25	0.0
1593505979331	0.0	0.0	-0.25	0.0
1593505979332	0.0	0.0	-0.25	0.0
1593505979363	0.0	0.0	-0.25	0.0
1593505979396	0.0	0.0	-0.25	0.0
1593505979397	0.0	0.0	-0.25	0.0
1593505979427	0.0	0.0	-0.25	0.0
1593505979431	0.0	0.0	-0.25	0.0
1593505979461	0.0	0.0	-0.25	0.0
1593505979464	0.0	0.0	-0.25	0.0
1593505979495	0.0	0.0	-0.25	0.0
1593505979498	0.0	0.0	-0.25	0.0
1593505979529	0.0	0.0	-0.25	0.0
1593505979561	0.0	0.0	-0.25	0.0
1593505979563	0.0	0.0	-0.25	0.0
1593505979595	0.0	0.0	-0.25	0.0
1593505979627	0.0	0.0	-0.25	0.0
1593505979628	0.0	0.0	-0.25	0.0
1593505979659	0.0	0.0	-0.25	0.0
1593505979661	0.0	0.0	-0.25	0.0
1593505979692	0.0	0.0	-0.25	0.0
1593505979697	0.0	0.0	-0.25	0.0
1593505979729	0.0	0.0	-0.25	0.0
1593505979760	0.0	0.0	-0.25	0.0
1593505979793	0.0	0.0	-0.25	0.0
1593505979794	0.0	0.0	-0.25	0.0
1593505979826	0.0	0.0	-0.25	0.0
1593505979857	0.0	0.0	-0.25	0.0
1593505979861	0.0	0.0	-0.25	0.0
1593505979890	0.0	0.0	-0.25	0.0
1593505979892	0.0	0.0	-0.25	0.0
1593505979924	0.0	0.0	-0.25	0.0
1593505979924	0.0	0.0	-0.25	0.0
1593505979957	0.0	0.0	-0.25	0.0
1593505979958	0.0	0.0	-0.25	0.0
1593505979991	0.0	0.0	-0.25	0.0
1593505980022	0.0	0.0	-0.25	0.0
1593505980023	0.0	0.0	-0.25	0.0
1593505980055	0.0	0.0	-0.25	0.0
1593505980056	0.0	0.0	-0.25	0.0
1593505980088	0.0	0.0	-0.25	0.0
1593505980090	0.0	0.0	-0.25	0.0
1593505980120	0.0	0.0	-0.25	0.0
1593505980124	0.0	0.0	-0.25	0.0
1593505980156	0.0	0.0	-0.25	0.0
1593505980190	0.0	0.0	-0.25	0.0
1593505980222	0.0	0.0	-0.25	0.0
1593505980252	0.0	0.0	-0.25	0.0
1593505980255	0.0	0.0	-0.25	0.0
1593505980287	0.0	0.0	-0.25	0.0
1593505980319	0.0	0.0	-0.25	0.0
1593505980320	0.0	0.0	-0.25	0.0
1593505980351	0.0	0.0	-0.25	0.0
1593505980356	0.0	0.0	-0.25	0.0
1593505980388	0.0	0.0	-0.25	0.0
1593505980418	0.0	0.0	-0.25	0.0
1593505980421	0.0	0.0	-0.25	0.0
1593505980452	0.0	0.0	-0.25	0.0
1593505980453	0.0	0.0	-0.25	0.0
1593505980484	0.0	0.0	-0.25	0.0
1593505980486	0.0	0.0	-0.25	0.0
1593505980517	0.0	0.0	-0.25	0.0
1593505980521	0.0	0.0	-0.25	0.0
1593505980552	0.0	0.0	-0.25	0.0
1593505980584	0.0	0.0	-0.25	0.0
1593505980588	0.0	0.0	-0.25	0.0
1593505980617	0.0	0.0	-0.25	0.0
1593505980648	0.0	0.0	-0.25	0.0
1593505980653	0.0	0.0	-0.25	0.0
1593505980682	0.0	0.0	-0.25	0.0
1593505980684	0.0	0.0	-0.25	0.0
1593505980718	0.0	0.0	-0.25	0.0
1593505980719	0.0	0.0	-0.25	0.0
1593505980748	0.0	0.0	-0.25	0.0
1593505980751	0.0	0.0	-0.25	0.0
1593505980780	0.0	0.0	-0.25	0.0
1593505980783	0.0	0.0	-0.25	0.0
1593505980815	0.0	0.0	-0.25	0.0
1593505980819	0.0	0.0	-0.25	0.0
1593505980849	0.0	0.0	-0.25	0.0
1593505980882	0.0	0.0	-0.25	0.0
1593505980885	0.0	0.0	-0.25	0.0
1593505980916	0.0	0.0	-0.25	0.0
1593505980949	0.0	0.0	-0.25	0.0
1593505980950	0.0	0.0	-0.25	0.0
1593505980979	0.0	0.0	-0.25	0.0
1593505980982	0.0	0.0	-0.25	0.0
1593505981011	0.0	0.0	-0.25	0.0
1593505981015	0.0	0.0	-0.25	0.0
1593505981045	0.0	0.0	-0.25	0.0
1593505981048	0.0	0.0	-0.25	0.0
1593505981080	0.0	0.0	-0.25	0.0
1593505981113	0.0	0.0	-0.25	0.0
1593505981115	0.0	0.0	-0.25	0.0
1593505981147	0.0	0.0	-0.25	0.0
1593505981178	0.0	0.0	-0.25	0.0
1593505981179	0.0	0.0	-0.25	0.0
1593505981209	0.0	0.0	-0.25	0.0
1593505981213	0.0	0.0	-0.25	0.0
1593505981243	0.0	0.0	-0.25	0.0
1593505981245	0.0	0.0	-0.25	0.0
1593505981276	0.0	0.0	-0.25	0.0
1593505981278	0.0	0.0	-0.25	0.0
1593505981309	0.0	0.0	-0.25	0.0
1593505981310	0.0	0.0	-0.25	0.0
1593505981344	0.0	0.0	-0.25	0.0
1593505981346	0.0	0.0	-0.25	0.0
1593505981377	0.0	0.0	-0.25	0.0
1593505981410	0.0	0.0	-0.25	0.0
1593505981410	0.0	0.0	-0.25	0.0
1593505981443	0.0	0.0	-0.25	0.0
1593505981443	0.0	0.0	-0.25	0.0
1593505981476	0.0	0.0	-0.25	0.0
1593505981509	0.0	0.0	-0.25	0.0
1593505981510	0.0	0.0	-0.25	0.0
1593505981540	0.0	0.0	-0.25	0.0
1593505981542	0.0	0.0	-0.25	0.0
1593505981574	0.0	0.0	-0.25	0.0
1593505981576	0.0	0.0	-0.25	0.0
1593505981609	0.0	0.0	-0.25	0.0
1593505981640	0.0	0.0	-0.25	0.0
1593505981642	0.0	0.0	-0.25	0.0
1593505981674	0.0	0.0	-0.25	0.0
1593505981677	0.0	0.0	-0.25	0.0
1593505981709	0.0	0.0	-0.25	0.0
1593505981709	0.0	0.0	-0.25	0.0
1593505981741	0.0	0.0	-0.25	0.0
1593505981742	0.0	0.0	-0.25	0.0
1593505981775	0.0	0.0	-0.25	0.0
1593505981776	0.0	0.0	-0.25	0.0
1593505981788	0.0	0.0	0.0	0.0
1593505981809	0.0	0.0	0.0	0.0
1593505982074	0.0	0.0	-0.25	0.0
1593505982104	0.0	0.0	-0.25	0.0
1593505982138	0.0	0.0	-0.25	0.0
1593505982172	0.0	0.0	-0.25	0.0
1593505982204	0.0	0.0	-0.25	0.0
1593505982235	0.0	0.0	-0.25	0.0
1593505982271	0.0	0.0	-0.25	0.0
1593505982303	0.0	0.0	-0.25	0.0
1593505982335	0.0	0.0	-0.25	0.0
1593505982369	0.0	0.0	-0.25	0.0
1593505982400	0.0	0.0	-0.25	0.0
1593505982432	0.0	0.0	-0.25	0.0
1593505982466	0.0	0.0	-0.25	0.0
1593505982502	0.0	0.0	-0.25	0.0
1593505982538	0.0	0.0	-0.25	0.0
1593505982572	0.0	0.0	-0.25	0.0
1593505982590	0.0	0.0	-0.25	0.0
1593505982621	0.0	0.0	-0.25	0.0
1593505982623	0.0	0.0	-0.25	0.0
1593505982654	0.0	0.0	-0.25	0.0
1593505982657	0.0	0.0	-0.25	0.0
1593505982688	0.0	0.0	-0.25	0.0
1593505982691	0.0	0.0	-0.25	0.0
1593505982720	0.0	0.0	-0.25	0.0
1593505982723	0.0	0.0	-0.25	0.0
1593505982755	0.0	0.0	-0.25	0.0
1593505982756	0.0	0.0	-0.25	0.0
1593505982791	0.0	0.0	-0.25	0.0
1593505982791	0.0	0.0	-0.25	0.0
1593505982822	0.0	0.0	-0.25	0.0
1593505982853	0.0	0.0	-0.25	0.0
1593505982885	0.0	0.0	-0.25	0.0
1593505982887	0.0	0.0	-0.25	0.0
1593505982917	0.0	0.0	-0.25	0.0
1593505982921	0.0	0.0	-0.25	0.0
1593505982953	0.0	0.0	-0.25	0.0
1593505982985	0.0	0.0	-0.25	0.0
1593505982987	0.0	0.0	-0.25	0.0
1593505983021	0.0	0.0	-0.25	0.0
1593505983022	0.0	0.0	-0.25	0.0
1593505983054	0.0	0.0	0.0	0.0
1593505983059	0.0	0.0	0.0	0.0
1593505983461	-0.25	0.0	0.0	0.0
1593505983494	-0.25	0.0	0.0	0.0
1593505983526	-0.25	0.0	0.0	0.0
1593505983559	-0.25	0.0	0.0	0.0
1593505983591	-0.25	0.0	0.0	0.0
1593505983628	-0.25	0.0	0.0	0.0
1593505983658	-0.25	0.0	0.0	0.0
1593505983695	-0.25	0.0	0.0	0.0
1593505983728	-0.25	0.0	0.0	0.0
1593505983761	-0.25	0.0	0.0	0.0
1593505983793	-0.25	0.0	0.0	0.0
1593505983830	-0.25	0.0	0.0	0.0
1593505983864	-0.25	0.0	0.0	0.0
1593505983898	-0.25	0.0	0.0	0.0
1593505983934	-0.25	0.0	0.0	0.0
1593505983967	-0.25	0.0	0.0	0.0
1593505983979	-0.25	0.0	0.0	0.0
1593505984009	-0.25	0.0	0.0	0.0
1593505984041	-0.25	0.0	0.0	0.0
1593505984043	-0.25	0.0	0.0	0.0
1593505984074	-0.25	0.0	0.0	0.0
1593505984075	-0.25	0.0	0.0	0.0
1593505984108	-0.25	0.0	0.0	0.0
1593505984139	-0.25	0.0	0.0	0.0
1593505984141	-0.25	0.0	0.0	0.0
1593505984172	-0.25	0.0	0.0	0.0
1593505984175	-0.25	0.0	0.0	0.0
1593505984210	-0.25	0.0	0.0	0.0
1593505984211	-0.25	0.0	0.0	0.0
1593505984240	-0.25	0.0	0.0	0.0
1593505984270	0.0	0.0	0.0	0.0
1593505985206	0.0	0.0	0.0	-0.25
1593505985236	0.0	0.0	0.0	-0.25
1593505985267	0.0	0.0	0.0	-0.25
1593505985297	0.0	0.0	0.0	-0.25
1593505985331	0.0	0.0	0.0	-0.25
1593505985367	0.0	0.0	0.0	-0.25
1593505985401	0.0	0.0	0.0	-0.25
1593505985432	0.0	0.0	0.0	-0.25
1593505985465	0.0	0.0	0.0	-0.25
1593505985503	0.0	0.0	0.0	-0.25
1593505985535	0.0	0.0	0.0	-0.25
1593505985571	0.0	0.0	0.0	-0.25
1593505985606	0.0	0.0	0.0	-0.25
1593505985637	0.0	0.0	0.0	-0.25
1593505985670	0.0	0.0	0.0	-0.25
1593505985701	0.0	0.0	0.0	-0.25
1593505985718	0.0	0.0	0.0	-0.25
1593505985750	0.0	0.0	0.0	-0.25
1593505985780	0.0	0.0	0.0	-0.25
1593505985784	0.0	0.0	0.0	-0.25
1593505985816	0.0	0.0	0.0	-0.25
1593505985818	0.0	0.0	0.0	-0.25
1593505985850	0.0	0.0	0.0	-0.25
1593505985882	0.0	0.0	0.0	-0.25
1593505985882	0.0	0.0	0.0	-0.25
1593505985913	0.0	0.0	0.0	-0.25
1593505985916	0.0	0.0	0.0	-0.25
1593505985946	0.0	0.0	0.0	-0.25
1593505985948	0.0	0.0	0.0	-0.25
1593505985981	0.0	0.0	0.0	-0.25
1593505985982	0.0	0.0	0.0	-0.25
1593505986015	0.0	0.0	0.0	-0.25
1593505986046	0.0	0.0	0.0	-0.25
1593505986048	0.0	0.0	0.0	-0.25
1593505986080	0.0	0.0	0.0	-0.25
1593505986080	0.0	0.0	0.0	-0.25
1593505986113	0.0	0.0	0.0	-0.25
1593505986115	0.0	0.0	0.0	-0.25
1593505986146	0.0	0.0	0.0	-0.25
1593505986148	0.0	0.0	0.0	-0.25
1593505986179	0.0	0.0	0.0	-0.25
1593505986179	0.0	0.0	0.0	-0.25
1593505986211	0.0	0.0	0.0	-0.25
1593505986216	0.0	0.0	0.0	-0.25
1593505986246	0.0	0.0	0.0	-0.25
1593505986277	0.0	0.0	0.0	-0.25
1593505986280	0.0	0.0	0.0	-0.25
1593505986312	0.0	0.0	0.0	-0.25
1593505986343	0.0	0.0	0.0	-0.25
1593505986345	0.0	0.0	0.0	-0.25
1593505986376	0.0	0.0	0.0	-0.25
1593505986378	0.0	0.0	0.0	-0.25
1593505986411	0.0	0.0	0.0	-0.25
1593505986414	0.0	0.0	0.0	-0.25
1593505986446	0.0	0.0	0.0	-0.25
1593505986447	0.0	0.0	0.0	-0.25
1593505986476	0.0	0.0	0.0	-0.25
1593505986507	0.0	0.0	0.0	-0.25
1593505986508	0.0	0.0	0.0	-0.25
1593505986541	0.0	0.0	0.0	-0.25
1593505986542	0.0	0.0	0.0	-0.25
1593505986576	0.0	0.0	0.0	-0.25
1593505986605	0.0	0.0	0.0	-0.25
1593505986609	0.0	0.0	0.0	-0.25
1593505986638	0.0	0.0	0.0	-0.25
1593505986641	0.0	0.0	0.0	-0.25
1593505986673	0.0	0.0	0.0	-0.25
1593505986675	0.0	0.0	0.0	-0.25
1593505986706	0.0	0.0	0.0	-0.25
1593505986707	0.0	0.0	0.0	-0.25
1593505986741	0.0	0.0	0.0	-0.25
1593505986741	0.0	0.0	0.0	-0.25
1593505986774	0.0	0.0	0.0	-0.25
1593505986805	0.0	0.0	0.0	-0.25
1593505986807	0.0	0.0	0.0	-0.25
1593505986838	0.0	0.0	0.0	-0.25
1593505986840	0.0	0.0	0.0	-0.25
1593505986871	0.0	0.0	0.0	-0.25
1593505986873	0.0	0.0	0.0	-0.25
1593505986905	0.0	0.0	0.0	-0.25
1593505986907	0.0	0.0	0.0	-0.25
1593505986940	0.0	0.0	0.0	-0.25
1593505986971	0.0	0.0	0.0	-0.25
1593505986972	0.0	0.0	0.0	-0.25
1593505987003	0.0	0.0	0.0	-0.25
1593505987007	0.0	0.0	0.0	-0.25
1593505987037	0.0	0.0	0.0	-0.25
1593505987069	0.0	0.0	0.0	-0.25
1593505987070	0.0	0.0	0.0	-0.25
1593505987101	0.0	0.0	0.0	-0.25
1593505987103	0.0	0.0	0.0	-0.25
1593505987134	0.0	0.0	0.0	-0.25
1593505987138	0.0	0.0	0.0	-0.25
1593505987167	0.0	0.0	0.0	-0.25
1593505987169	0.0	0.0	0.0	-0.25
1593505987198	0.0	0.0	0.0	-0.25
1593505987203	0.0	0.0	0.0	-0.25
1593505987233	0.0	0.0	0.0	-0.25
1593505987236	0.0	0.0	0.0	-0.25
1593505987265	0.0	0.0	0.0	-0.25
1593505987269	0.0	0.0	0.0	-0.25
1593505987298	0.0	0.0	0.0	-0.25
1593505987302	0.0	0.0	0.0	-0.25
1593505987336	0.0	0.0	0.0	-0.25
1593505987366	0.0	0.0	0.0	-0.25
1593505987369	0.0	0.0	0.0	-0.25
1593505987398	0.0	0.0	0.0	-0.25
1593505987399	0.0	0.0	0.0	-0.25
1593505987430	0.0	0.0	0.0	-0.25
1593505987434	0.0	0.0	0.0	-0.25
1593505987465	0.0	0.0	0.0	-0.25
1593505987468	0.0	0.0	0.0	-0.25
1593505987499	0.0	0.0	0.0	-0.25
1593505987500	0.0	0.0	0.0	-0.25
1593505987532	0.0	0.0	0.0	-0.25
1593505987533	0.0	0.0	0.0	-0.25
1593505987563	0.0	0.0	0.0	-0.25
1593505987569	0.0	0.0	0.0	-0.25
1593505987599	0.0	0.0	0.0	-0.25
1593505987630	0.0	0.0	0.0	-0.25
1593505987633	0.0	0.0	0.0	-0.25
1593505987664	0.0	0.0	0.0	-0.25
1593505987695	0.0	0.0	0.0	-0.25
1593505987699	0.0	0.0	0.0	-0.25
1593505987731	0.0	0.0	0.0	-0.25
1593505987763	0.0	0.0	0.0	-0.25
1593505987764	0.0	0.0	0.0	-0.25
1593505987784	0.0	0.0	0.0	0.0
1593505987805	0.0	0.0	0.0	0.0
1593505987903	0.0	-0.25	0.0	0.0
1593505987934	0.0	-0.25	0.0	0.0
1593505987965	0.0	-0.25	0.0	0.0
1593505987999	0.0	-0.25	0.0	0.0
1593505988033	0.0	-0.25	0.0	0.0
1593505988064	0.0	-0.25	0.0	0.0
1593505988095	0.0	-0.25	0.0	0.0
1593505988131	0.0	-0.25	0.0	0.0
1593505988162	0.0	-0.25	0.0	0.0
1593505988196	0.0	-0.25	0.0	0.0
1593505988227	0.0	-0.25	0.0	0.0
1593505988260	0.0	-0.25	0.0	0.0
1593505988294	0.0	-0.25	0.0	0.0
1593505988326	0.0	-0.25	0.0	0.0
1593505988358	0.0	-0.25	0.0	0.0
1593505988389	0.0	-0.25	0.0	0.0
1593505988416	0.0	-0.25	0.0	0.0
1593505988446	0.0	-0.25	0.0	0.0
1593505988450	0.0	-0.25	0.0	0.0
1593505988479	0.0	-0.25	0.0	0.0
1593505988482	0.0	-0.25	0.0	0.0
1593505988513	0.0	-0.25	0.0	0.0
1593505988514	0.0	-0.25	0.0	0.0
1593505988548	0.0	-0.25	0.0	0.0
1593505988582	0.0	-0.25	0.0	0.0
1593505988587	0.0	-0.25	0.0	0.0
1593505988608	0.0	0.0	0.0	0.0
1593505988804	0.0	0.0	0.0	-0.25
1593505988838	0.0	0.0	0.0	-0.25
1593505988869	0.0	0.0	0.0	-0.25
1593505988900	0.0	0.0	0.0	-0.25
1593505988932	0.0	0.0	0.0	-0.25
1593505988968	0.0	0.0	0.0	-0.25
1593505989002	0.0	0.0	0.0	-0.25
1593505989036	0.0	0.0	0.0	-0.25
1593505989068	0.0	0.0	0.0	-0.25
1593505989102	0.0	0.0	0.0	-0.25
1593505989133	0.0	0.0	0.0	-0.25
1593505989164	0.0	0.0	0.0	-0.25
1593505989199	0.0	0.0	0.0	-0.25
1593505989233	0.0	0.0	0.0	-0.25
1593505989264	0.0	0.0	0.0	-0.25
1593505989296	0.0	0.0	0.0	-0.25
1593505989320	0.0	0.0	0.0	-0.25
1593505989350	0.0	0.0	0.0	-0.25
1593505989352	0.0	0.0	0.0	-0.25
1593505989386	0.0	0.0	0.0	-0.25
1593505989387	0.0	0.0	0.0	-0.25
1593505989418	0.0	0.0	0.0	-0.25
1593505989451	0.0	0.0	0.0	-0.25
1593505989481	0.0	0.0	0.0	-0.25
1593505989485	0.0	0.0	0.0	-0.25
1593505989514	0.0	0.0	0.0	-0.25
1593505989519	0.0	0.0	0.0	-0.25
1593505989549	0.0	0.0	0.0	-0.25
1593505989552	0.0	0.0	0.0	-0.25
1593505989583	0.0	0.0	0.0	-0.25
1593505989585	0.0	0.0	0.0	-0.25
1593505989616	0.0	0.0	0.0	-0.25
1593505989649	0.0	0.0	0.0	-0.25
1593505989680	0.0	0.0	0.0	-0.25
1593505989682	0.0	0.0	0.0	-0.25
1593505989715	0.0	0.0	0.0	-0.25
1593505989747	0.0	0.0	0.0	-0.25
1593505989748	0.0	0.0	0.0	-0.25
1593505989782	0.0	0.0	0.0	-0.25
1593505989783	0.0	0.0	0.0	-0.25
1593505989812	0.0	0.0	0.0	-0.25
1593505989815	0.0	0.0	0.0	-0.25
1593505989848	0.0	0.0	0.0	-0.25
1593505989881	0.0	0.0	0.0	-0.25
1593505989881	0.0	0.0	0.0	-0.25
1593505989912	0.0	0.0	0.0	-0.25
1593505989943	0.0	0.0	0.0	-0.25
1593505989947	0.0	0.0	0.0	-0.25
1593505989977	0.0	0.0	0.0	-0.25
1593505989980	0.0	0.0	0.0	-0.25
1593505990010	0.0	0.0	0.0	-0.25
1593505990013	0.0	0.0	0.0	-0.25
1593505990045	0.0	0.0	0.0	-0.25
1593505990047	0.0	0.0	0.0	-0.25
1593505990078	0.0	0.0	0.0	-0.25
1593505990113	0.0	0.0	0.0	-0.25
1593505990142	0.0	0.0	0.0	-0.25
1593505990147	0.0	0.0	0.0	-0.25
1593505990179	0.0	0.0	0.0	-0.25
1593505990208	0.0	0.0	0.0	-0.25
1593505990211	0.0	0.0	0.0	-0.25
1593505990243	0.0	0.0	0.0	-0.25
1593505990244	0.0	0.0	0.0	-0.25
1593505990275	0.0	0.0	0.0	-0.25
1593505990281	0.0	0.0	0.0	-0.25
1593505990310	0.0	0.0	0.0	-0.25
1593505990342	0.0	0.0	0.0	-0.25
1593505990343	0.0	0.0	0.0	-0.25
1593505990375	0.0	0.0	0.0	-0.25
1593505990408	0.0	0.0	0.0	-0.25
1593505990441	0.0	0.0	0.0	-0.25
1593505990441	0.0	0.0	0.0	-0.25
1593505990475	0.0	0.0	0.0	-0.25
1593505990507	0.0	0.0	0.0	-0.25
1593505990508	0.0	0.0	0.0	-0.25
1593505990540	0.0	0.0	0.0	-0.25
1593505990571	0.0	0.0	0.0	-0.25
1593505990574	0.0	0.0	0.0	-0.25
1593505990606	0.0	0.0	0.0	-0.25
1593505990638	0.0	0.0	0.0	-0.25
1593505990641	0.0	0.0	0.0	-0.25
1593505990670	0.0	0.0	0.0	-0.25
1593505990673	0.0	0.0	0.0	-0.25
1593505990703	0.0	0.0	0.0	-0.25
1593505990706	0.0	0.0	0.0	-0.25
1593505990737	0.0	0.0	0.0	-0.25
1593505990740	0.0	0.0	0.0	-0.25
1593505990769	0.0	0.0	0.0	-0.25
1593505990775	0.0	0.0	0.0	-0.25
1593505990805	0.0	0.0	0.0	-0.25
1593505990838	0.0	0.0	0.0	-0.25
1593505990869	0.0	0.0	0.0	-0.25
1593505990870	0.0	0.0	0.0	-0.25
1593505990903	0.0	0.0	0.0	-0.25
1593505990906	0.0	0.0	0.0	-0.25
1593505990935	0.0	0.0	0.0	-0.25
1593505990936	0.0	0.0	0.0	-0.25
1593505990968	0.0	0.0	0.0	-0.25
1593505990971	0.0	0.0	0.0	-0.25
1593505991002	0.0	0.0	0.0	-0.25
1593505991035	0.0	0.0	0.0	-0.25
1593505991036	0.0	0.0	0.0	-0.25
1593505991067	0.0	0.0	0.0	-0.25
1593505991099	0.0	0.0	0.0	-0.25
1593505991101	0.0	0.0	0.0	-0.25
1593505991135	0.0	0.0	0.0	-0.25
1593505991136	0.0	0.0	0.0	-0.25
1593505991166	0.0	0.0	0.0	-0.25
1593505991167	0.0	0.0	0.0	-0.25
1593505991198	0.0	0.0	0.0	-0.25
1593505991202	0.0	0.0	0.0	-0.25
1593505991233	0.0	0.0	0.0	-0.25
1593505991233	0.0	0.0	0.0	-0.25
1593505991245	0.0	0.0	0.0	0.0
1593505991266	-0.25	0.0	0.0	0.0
1593505991288	0.0	0.0	0.0	0.0
1593505992884	0.0	-0.25	0.0	0.0
1593505992917	0.0	-0.25	0.0	0.0
1593505992951	0.0	-0.25	0.0	0.0
1593505992986	0.0	-0.25	0.0	0.0
1593505993018	0.0	-0.25	0.0	0.0
1593505993051	0.0	-0.25	0.0	0.0
1593505993085	0.0	-0.25	0.0	0.0
1593505993118	0.0	-0.25	0.0	0.0
1593505993153	0.0	-0.25	0.0	0.0
1593505993189	0.0	-0.25	0.0	0.0
1593505993219	0.0	-0.25	0.0	0.0
1593505993252	0.0	-0.25	0.0	0.0
1593505993288	0.0	-0.25	0.0	0.0
1593505993301	0.0	0.0	0.0	0.0
1593505993461	0.0	-0.25	0.0	0.0
1593505993490	0.0	-0.25	0.0	0.0
1593505993525	0.0	-0.25	0.0	0.0
1593505993544	0.0	0.0	0.0	0.0
1593505993627	0.0	-0.25	0.0	0.0
1593505993663	0.0	-0.25	0.0	0.0
1593505993697	0.0	-0.25	0.0	0.0
1593505993729	0.0	-0.25	0.0	0.0
1593505993734	0.0	0.0	0.0	0.0
1593505993853	0.0	-0.25	0.0	0.0
1593505993886	0.0	-0.25	0.0	0.0
1593505993918	0.0	-0.25	0.0	0.0
1593505993937	0.0	0.0	0.0	0.0
1593505994001	0.0	-0.25	0.0	0.0
1593505994032	0.0	-0.25	0.0	0.0
1593505994064	0.0	-0.25	0.0	0.0
1593505994086	0.0	0.0	0.0	0.0
1593505994145	0.0	-0.25	0.0	0.0
1593505994179	0.0	-0.25	0.0	0.0
1593505994213	0.0	-0.25	0.0	0.0
1593505994246	0.0	-0.25	0.0	0.0
1593505994250	0.0	0.0	0.0	0.0
1593505994306	0.0	-0.25	0.0	0.0
1593505994341	0.0	-0.25	0.0	0.0
1593505994373	0.0	-0.25	0.0	0.0
1593505994404	0.0	-0.25	0.0	0.0
1593505994412	0.0	0.0	0.0	0.0
1593505994622	0.0	0.0	-0.25	0.0
1593505994656	0.0	0.0	-0.25	0.0
1593505994686	0.0	0.0	-0.25	0.0
1593505994717	0.0	0.0	-0.25	0.0
1593505994748	0.0	0.0	-0.25	0.0
1593505994782	0.0	0.0	-0.25	0.0
1593505994819	0.0	0.0	-0.25	0.0
1593505994851	0.0	0.0	-0.25	0.0
1593505994883	0.0	0.0	-0.25	0.0
1593505994915	0.0	0.0	-0.25	0.0
1593505994947	0.0	0.0	-0.25	0.0
1593505994981	0.0	0.0	-0.25	0.0
1593505995012	0.0	0.0	-0.25	0.0
1593505995047	0.0	0.0	-0.25	0.0
1593505995076	0.0	0.0	-0.25	0.0
1593505995111	0.0	0.0	-0.25	0.0
1593505995136	0.0	0.0	-0.25	0.0
1593505995166	0.0	0.0	-0.25	0.0
1593505995169	0.0	0.0	-0.25	0.0
1593505995199	0.0	0.0	-0.25	0.0
1593505995202	0.0	0.0	-0.25	0.0
1593505995235	0.0	0.0	-0.25	0.0
1593505995265	0.0	0.0	-0.25	0.0
1593505995267	0.0	0.0	-0.25	0.0
1593505995300	0.0	0.0	-0.25	0.0
1593505995301	0.0	0.0	-0.25	0.0
1593505995330	0.0	0.0	-0.25	0.0
1593505995334	0.0	0.0	-0.25	0.0
1593505995365	0.0	0.0	-0.25	0.0
1593505995367	0.0	0.0	-0.25	0.0
1593505995399	0.0	0.0	-0.25	0.0
1593505995400	0.0	0.0	-0.25	0.0
1593505995433	0.0	0.0	-0.25	0.0
1593505995466	0.0	0.0	-0.25	0.0
1593505995466	0.0	0.0	-0.25	0.0
1593505995498	0.0	0.0	-0.25	0.0
1593505995498	0.0	0.0	-0.25	0.0
1593505995532	0.0	0.0	-0.25	0.0
1593505995553	0.0	0.0	0.0	0.0
1593505995778	0.0	0.0	0.0	-0.25
1593505995813	0.0	0.0	0.0	-0.25
1593505995846	0.0	0.0	0.0	-0.25
1593505995880	0.0	0.0	0.0	-0.25
1593505995912	0.0	0.0	0.0	-0.25
1593505995945	0.0	0.0	0.0	-0.25
1593505995979	0.0	0.0	0.0	-0.25
1593505996012	0.0	0.0	0.0	-0.25
1593505996043	0.0	0.0	0.0	-0.25
1593505996077	0.0	0.0	0.0	-0.25
1593505996114	0.0	0.0	0.0	-0.25
1593505996145	0.0	0.0	0.0	-0.25
1593505996179	0.0	0.0	0.0	-0.25
1593505996212	0.0	0.0	0.0	-0.25
1593505996244	0.0	0.0	0.0	-0.25
1593505996278	0.0	0.0	0.0	-0.25
1593505996292	0.0	0.0	0.0	-0.25
1593505996323	0.0	0.0	0.0	-0.25
1593505996325	0.0	0.0	0.0	-0.25
1593505996358	0.0	0.0	0.0	-0.25
1593505996387	0.0	0.0	0.0	-0.25
1593505996391	0.0	0.0	0.0	-0.25
1593505996423	0.0	0.0	0.0	-0.25
1593505996424	0.0	0.0	0.0	-0.25
1593505996457	0.0	0.0	0.0	-0.25
1593505996460	0.0	0.0	0.0	-0.25
1593505996489	0.0	0.0	0.0	-0.25
1593505996489	0.0	0.0	0.0	-0.25
1593505996522	0.0	0.0	0.0	-0.25
1593505996523	0.0	0.0	0.0	-0.25
1593505996556	0.0	0.0	0.0	-0.25
1593505996557	0.0	0.0	0.0	-0.25
1593505996589	0.0	0.0	0.0	-0.25
1593505996620	0.0	0.0	0.0	-0.25
1593505996623	0.0	0.0	0.0	-0.25
1593505996653	0.0	0.0	0.0	-0.25
1593505996655	0.0	0.0	0.0	-0.25
1593505996686	0.0	0.0	0.0	-0.25
1593505996688	0.0	0.0	0.0	-0.25
1593505996719	0.0	0.0	0.0	-0.25
1593505996722	0.0	0.0	0.0	-0.25
1593505996754	0.0	0.0	0.0	-0.25
1593505996786	0.0	0.0	0.0	-0.25
1593505996787	0.0	0.0	0.0	-0.25
1593505996819	0.0	0.0	0.0	-0.25
1593505996851	0.0	0.0	0.0	-0.25
1593505996852	0.0	0.0	0.0	-0.25
1593505996875	0.0	0.0	0.0	0.0
1593505996882	0.0	0.0	0.0	0.0
1593505996962	0.0	-0.25	0.0	0.0
1593505996993	0.0	-0.25	0.0	0.0
1593505997026	0.0	-0.25	0.0	0.0
1593505997059	0.0	-0.25	0.0	0.0
1593505997093	0.0	-0.25	0.0	0.0
1593505997130	0.0	-0.25	0.0	0.0
1593505997164	0.0	-0.25	0.0	0.0
1593505997194	0.0	-0.25	0.0	0.0
1593505997225	0.0	-0.25	0.0	0.0
1593505997259	0.0	-0.25	0.0	0.0
1593505997293	0.0	-0.25	0.0	0.0
1593505997323	0.0	-0.25	0.0	0.0
1593505997359	0.0	-0.25	0.0	0.0
1593505997392	0.0	-0.25	0.0	0.0
1593505997426	0.0	-0.25	0.0	0.0
1593505997456	0.0	-0.25	0.0	0.0
1593505997477	0.0	-0.25	0.0	0.0
1593505997510	0.0	-0.25	0.0	0.0
1593505997540	0.0	-0.25	0.0	0.0
1593505997541	0.0	-0.25	0.0	0.0
1593505997573	0.0	-0.25	0.0	0.0
1593505997576	0.0	-0.25	0.0	0.0
1593505997607	0.0	-0.25	0.0	0.0
1593505997640	0.0	-0.25	0.0	0.0
1593505997641	0.0	-0.25	0.0	0.0
1593505997673	0.0	-0.25	0.0	0.0
1593505997676	0.0	-0.25	0.0	0.0
1593505997706	0.0	-0.25	0.0	0.0
1593505997706	0.0	-0.25	0.0	0.0
1593505997740	0.0	-0.25	0.0	0.0
1593505997772	0.0	-0.25	0.0	0.0
1593505997774	0.0	-0.25	0.0	0.0
1593505997805	0.0	-0.25	0.0	0.0
1593505997805	0.0	-0.25	0.0	0.0
1593505997840	0.0	-0.25	0.0	0.0
1593505997840	0.0	-0.25	0.0	0.0
1593505997872	0.0	-0.25	0.0	0.0
1593505997904	0.0	-0.25	0.0	0.0
1593505997935	0.0	-0.25	0.0	0.0
1593505997936	0.0	0.0	0.0	0.0
1593505998317	0.0	0.0	0.0	-0.25
1593505998347	0.0	0.0	0.0	-0.25
1593505998380	0.0	0.0	0.0	-0.25
1593505998411	0.0	0.0	0.0	-0.25
1593505998442	0.0	0.0	0.0	-0.25
1593505998473	0.0	0.0	0.0	-0.25
1593505998506	0.0	0.0	0.0	-0.25
1593505998536	0.0	0.0	0.0	-0.25
1593505998569	0.0	0.0	0.0	-0.25
1593505998602	0.0	0.0	0.0	-0.25
1593505998633	0.0	0.0	0.0	-0.25
1593505998666	0.0	0.0	0.0	-0.25
1593505998697	0.0	0.0	0.0	-0.25
1593505998730	0.0	0.0	0.0	-0.25
1593505998762	0.0	0.0	0.0	-0.25
1593505998797	0.0	0.0	0.0	-0.25
1593505998829	0.0	0.0	0.0	-0.25
1593505998831	0.0	0.0	0.0	-0.25
1593505998862	0.0	0.0	0.0	-0.25
1593505998892	0.0	0.0	0.0	-0.25
1593505998897	0.0	0.0	0.0	-0.25
1593505998927	0.0	0.0	0.0	-0.25
1593505998927	0.0	0.0	0.0	-0.25
1593505998961	0.0	0.0	0.0	-0.25
1593505998963	0.0	0.0	0.0	-0.25
1593505998994	0.0	0.0	0.0	-0.25
1593505999027	0.0	0.0	0.0	-0.25
1593505999060	0.0	0.0	0.0	-0.25
1593505999092	0.0	0.0	0.0	-0.25
1593505999093	0.0	0.0	0.0	-0.25
1593505999125	0.0	0.0	0.0	-0.25
1593505999157	0.0	0.0	0.0	-0.25
1593505999161	0.0	0.0	0.0	-0.25
1593505999192	0.0	0.0	0.0	-0.25
1593505999223	0.0	0.0	0.0	-0.25
1593505999226	0.0	0.0	0.0	-0.25
1593505999257	0.0	0.0	0.0	-0.25
1593505999258	0.0	0.0	0.0	-0.25
1593505999291	0.0	0.0	0.0	-0.25
1593505999322	0.0	0.0	0.0	-0.25
1593505999323	0.0	0.0	0.0	-0.25
1593505999357	0.0	0.0	0.0	-0.25
1593505999388	0.0	0.0	0.0	-0.25
1593505999391	0.0	0.0	0.0	-0.25
1593505999423	0.0	0.0	0.0	-0.25
1593505999453	0.0	0.0	0.0	-0.25
1593505999457	0.0	0.0	0.0	-0.25
1593505999489	0.0	0.0	0.0	-0.25
1593505999520	0.0	0.0	0.0	-0.25
1593505999526	0.0	0.0	0.0	-0.25
1593505999556	0.0	0.0	0.0	-0.25
1593505999589	0.0	0.0	0.0	-0.25
1593505999590	0.0	0.0	0.0	-0.25
1593505999622	0.0	0.0	0.0	-0.25
1593505999652	0.0	0.0	0.0	-0.25
1593505999654	0.0	0.0	0.0	-0.25
1593505999686	0.0	0.0	0.0	-0.25
1593505999687	0.0	0.0	0.0	-0.25
1593505999719	0.0	0.0	0.0	-0.25
1593505999722	0.0	0.0	0.0	-0.25
1593505999752	0.0	0.0	0.0	-0.25
1593505999753	0.0	0.0	0.0	-0.25
1593505999785	0.0	0.0	0.0	-0.25
1593505999787	0.0	0.0	0.0	-0.25
1593505999819	0.0	0.0	0.0	-0.25
1593505999850	0.0	0.0	0.0	-0.25
1593505999851	0.0	0.0	0.0	-0.25
1593505999884	0.0	0.0	0.0	-0.25
1593505999885	0.0	0.0	0.0	-0.25
1593505999917	0.0	0.0	0.0	-0.25
1593505999918	0.0	0.0	0.0	-0.25
1593505999949	0.0	0.0	0.0	-0.25
1593505999951	0.0	0.0	0.0	-0.25
1593505999983	0.0	0.0	0.0	-0.25
1593505999983	0.0	0.0	0.0	-0.25
1593506000016	0.0	0.0	0.0	-0.25
1593506000050	0.0	0.0	0.0	-0.25
1593506000083	0.0	0.0	0.0	-0.25
1593506000085	0.0	0.0	0.0	-0.25
1593506000117	0.0	0.0	0.0	-0.25
1593506000147	0.0	0.0	0.0	-0.25
1593506000148	0.0	0.0	0.0	-0.25
1593506000179	0.0	0.0	0.0	-0.25
1593506000182	0.0	0.0	0.0	-0.25
1593506000206	0.0	0.0	0.0	0.0
1593506000213	0.0	0.0	0.0	0.0
1593506000488	0.0	-0.25	0.0	0.0
1593506000518	0.0	-0.25	0.0	0.0
1593506000551	0.0	-0.25	0.0	0.0
1593506000584	0.0	-0.25	0.0	0.0
1593506000618	0.0	-0.25	0.0	0.0
1593506000649	0.0	-0.25	0.0	0.0
1593506000685	0.0	-0.25	0.0	0.0
1593506000718	0.0	-0.25	0.0	0.0
1593506000752	0.0	-0.25	0.0	0.0
1593506000787	0.0	-0.25	0.0	0.0
1593506000819	0.0	-0.25	0.0	0.0
1593506000851	0.0	-0.25	0.0	0.0
1593506000881	0.0	-0.25	0.0	0.0
1593506000915	0.0	-0.25	0.0	0.0
1593506000951	0.0	-0.25	0.0	0.0
1593506000981	0.0	-0.25	0.0	0.0
1593506001004	0.0	-0.25	0.0	0.0
1593506001034	0.0	-0.25	0.0	0.0
1593506001038	0.0	-0.25	0.0	0.0
1593506001069	0.0	-0.25	0.0	0.0
1593506001100	0.0	-0.25	0.0	0.0
1593506001101	0.0	-0.25	0.0	0.0
1593506001133	0.0	-0.25	0.0	0.0
1593506001135	0.0	-0.25	0.0	0.0
1593506001166	0.0	-0.25	0.0	0.0
1593506001169	0.0	-0.25	0.0	0.0
1593506001199	0.0	-0.25	0.0	0.0
1593506001201	0.0	-0.25	0.0	0.0
1593506001233	0.0	-0.25	0.0	0.0
1593506001235	0.0	-0.25	0.0	0.0
1593506001269	0.0	-0.25	0.0	0.0
1593506001300	0.0	-0.25	0.0	0.0
1593506001331	0.0	-0.25	0.0	0.0
1593506001333	0.0	-0.25	0.0	0.0
1593506001365	0.0	-0.25	0.0	0.0
1593506001366	0.0	-0.25	0.0	0.0
1593506001396	0.0	-0.25	0.0	0.0
1593506001401	0.0	-0.25	0.0	0.0
1593506001432	0.0	-0.25	0.0	0.0
1593506001432	0.0	-0.25	0.0	0.0
1593506001465	0.0	-0.25	0.0	0.0
1593506001497	0.0	-0.25	0.0	0.0
1593506001498	0.0	-0.25	0.0	0.0
1593506001529	0.0	-0.25	0.0	0.0
1593506001533	0.0	-0.25	0.0	0.0
1593506001565	0.0	-0.25	0.0	0.0
1593506001597	0.0	-0.25	0.0	0.0
1593506001628	0.0	-0.25	0.0	0.0
1593506001633	0.0	-0.25	0.0	0.0
1593506001663	0.0	-0.25	0.0	0.0
1593506001696	0.0	-0.25	0.0	0.0
1593506001728	0.0	-0.25	0.0	0.0
1593506001730	0.0	-0.25	0.0	0.0
1593506001735	0.0	0.0	0.0	0.0
1593506002120	0.0	0.0	0.0	-0.25
1593506002152	0.0	0.0	0.0	-0.25
1593506002183	0.0	0.0	0.0	-0.25
1593506002218	0.0	0.0	0.0	-0.25
1593506002251	0.0	0.0	0.0	-0.25
1593506002282	0.0	0.0	0.0	-0.25
1593506002316	0.0	0.0	0.0	-0.25
1593506002348	0.0	0.0	0.0	-0.25
1593506002382	0.0	0.0	0.0	-0.25
1593506002413	0.0	0.0	0.0	-0.25
1593506002445	0.0	0.0	0.0	-0.25
1593506002480	0.0	0.0	0.0	-0.25
1593506002511	0.0	0.0	0.0	-0.25
1593506002544	0.0	0.0	0.0	-0.25
1593506002579	0.0	0.0	0.0	-0.25
1593506002609	0.0	0.0	0.0	-0.25
1593506002636	0.0	0.0	0.0	-0.25
1593506002667	0.0	0.0	0.0	-0.25
1593506002671	0.0	0.0	0.0	-0.25
1593506002701	0.0	0.0	0.0	-0.25
1593506002702	0.0	0.0	0.0	-0.25
1593506002734	0.0	0.0	0.0	-0.25
1593506002736	0.0	0.0	0.0	-0.25
1593506002770	0.0	0.0	0.0	-0.25
1593506002802	0.0	0.0	0.0	-0.25
1593506002835	0.0	0.0	0.0	-0.25
1593506002837	0.0	0.0	0.0	-0.25
1593506002870	0.0	0.0	0.0	-0.25
1593506002871	0.0	0.0	0.0	-0.25
1593506002901	0.0	0.0	0.0	-0.25
1593506002934	0.0	0.0	0.0	-0.25
1593506002966	0.0	0.0	0.0	-0.25
1593506002968	0.0	0.0	0.0	-0.25
1593506002999	0.0	0.0	0.0	-0.25
1593506003001	0.0	0.0	0.0	-0.25
1593506003033	0.0	0.0	0.0	-0.25
1593506003063	0.0	0.0	0.0	-0.25
1593506003069	0.0	0.0	0.0	-0.25
1593506003099	0.0	0.0	0.0	-0.25
1593506003115	0.0	0.0	0.0	0.0
1593506003135	0.0	0.0	0.0	0.0
1593506003297	0.0	-0.25	0.0	0.0
1593506003334	0.0	-0.25	0.0	0.0
1593506003368	0.0	-0.25	0.0	0.0
1593506003403	0.0	-0.25	0.0	0.0
1593506003435	0.0	-0.25	0.0	0.0
1593506003466	0.0	-0.25	0.0	0.0
1593506003501	0.0	-0.25	0.0	0.0
1593506003536	0.0	-0.25	0.0	0.0
1593506003569	0.0	-0.25	0.0	0.0
1593506003605	0.0	-0.25	0.0	0.0
1593506003639	0.0	-0.25	0.0	0.0
1593506003670	0.0	-0.25	0.0	0.0
1593506003705	0.0	-0.25	0.0	0.0
1593506003741	0.0	-0.25	0.0	0.0
1593506003775	0.0	-0.25	0.0	0.0
1593506003806	0.0	-0.25	0.0	0.0
1593506003814	0.0	-0.25	0.0	0.0
1593506003844	0.0	-0.25	0.0	0.0
1593506003846	0.0	-0.25	0.0	0.0
1593506003879	0.0	-0.25	0.0	0.0
1593506003880	0.0	-0.25	0.0	0.0
1593506003912	0.0	-0.25	0.0	0.0
1593506003944	0.0	-0.25	0.0	0.0
1593506003975	0.0	-0.25	0.0	0.0
1593506003978	0.0	-0.25	0.0	0.0
1593506004010	0.0	-0.25	0.0	0.0
1593506004011	0.0	-0.25	0.0	0.0
1593506004041	0.0	-0.25	0.0	0.0
1593506004045	0.0	-0.25	0.0	0.0
1593506004075	0.0	-0.25	0.0	0.0
1593506004078	0.0	-0.25	0.0	0.0
1593506004109	0.0	-0.25	0.0	0.0
1593506004141	0.0	-0.25	0.0	0.0
1593506004146	0.0	-0.25	0.0	0.0
1593506004177	0.0	-0.25	0.0	0.0
1593506004206	0.0	-0.25	0.0	0.0
1593506004212	0.0	-0.25	0.0	0.0
1593506004242	0.0	-0.25	0.0	0.0
1593506004274	0.0	-0.25	0.0	0.0
1593506004275	0.0	-0.25	0.0	0.0
1593506004307	0.0	-0.25	0.0	0.0
1593506004310	0.0	-0.25	0.0	0.0
1593506004341	0.0	-0.25	0.0	0.0
1593506004370	0.0	-0.25	0.0	0.0
1593506004375	0.0	-0.25	0.0	0.0
1593506004405	0.0	-0.25	0.0	0.0
1593506004407	0.0	-0.25	0.0	0.0
1593506004439	0.0	-0.25	0.0	0.0
1593506004471	0.0	-0.25	0.0	0.0
1593506004472	0.0	-0.25	0.0	0.0
1593506004504	0.0	-0.25	0.0	0.0
1593506004505	0.0	-0.25	0.0	0.0
1593506004537	0.0	-0.25	0.0	0.0
1593506004540	0.0	-0.25	0.0	0.0
1593506004571	0.0	-0.25	0.0	0.0
1593506004603	0.0	-0.25	0.0	0.0
1593506004605	0.0	-0.25	0.0	0.0
1593506004636	0.0	-0.25	0.0	0.0
1593506004638	0.0	-0.25	0.0	0.0
1593506004670	0.0	-0.25	0.0	0.0
1593506004671	0.0	-0.25	0.0	0.0
1593506004702	0.0	-0.25	0.0	0.0
1593506004705	0.0	-0.25	0.0	0.0
1593506004735	0.0	-0.25	0.0	0.0
1593506004736	0.0	-0.25	0.0	0.0
1593506004768	0.0	-0.25	0.0	0.0
1593506004772	0.0	-0.25	0.0	0.0
1593506004803	0.0	-0.25	0.0	0.0
1593506004833	0.0	-0.25	0.0	0.0
1593506004839	0.0	-0.25	0.0	0.0
1593506004870	0.0	-0.25	0.0	0.0
1593506004871	0.0	-0.25	0.0	0.0
1593506004904	0.0	-0.25	0.0	0.0
1593506004905	0.0	-0.25	0.0	0.0
1593506004935	0.0	-0.25	0.0	0.0
1593506004968	0.0	-0.25	0.0	0.0
1593506004998	0.0	-0.25	0.0	0.0
1593506005002	0.0	-0.25	0.0	0.0
1593506005034	0.0	-0.25	0.0	0.0
1593506005065	0.0	-0.25	0.0	0.0
1593506005068	0.0	-0.25	0.0	0.0
1593506005099	0.0	-0.25	0.0	0.0
1593506005131	0.0	-0.25	0.0	0.0
1593506005133	0.0	-0.25	0.0	0.0
1593506005166	0.0	-0.25	0.0	0.0
1593506005167	0.0	-0.25	0.0	0.0
1593506005199	0.0	-0.25	0.0	0.0
1593506005230	0.0	-0.25	0.0	0.0
1593506005231	0.0	-0.25	0.0	0.0
1593506005264	0.0	-0.25	0.0	0.0
1593506005296	0.0	-0.25	0.0	0.0
1593506005298	0.0	-0.25	0.0	0.0
1593506005330	0.0	-0.25	0.0	0.0
1593506005336	0.0	-0.25	0.0	0.0
1593506005365	0.0	-0.25	0.0	0.0
1593506005397	0.0	-0.25	0.0	0.0
1593506005398	0.0	-0.25	0.0	0.0
1593506005428	0.0	-0.25	0.0	0.0
1593506005432	0.0	-0.25	0.0	0.0
1593506005463	0.0	-0.25	0.0	0.0
1593506005495	0.0	-0.25	0.0	0.0
1593506005527	0.0	-0.25	0.0	0.0
1593506005529	0.0	-0.25	0.0	0.0
1593506005562	0.0	-0.25	0.0	0.0
1593506005563	0.0	-0.25	0.0	0.0
1593506005595	0.0	-0.25	0.0	0.0
1593506005625	0.0	-0.25	0.0	0.0
1593506005629	0.0	-0.25	0.0	0.0
1593506005661	0.0	-0.25	0.0	0.0
1593506005694	0.0	-0.25	0.0	0.0
1593506005724	0.0	-0.25	0.0	0.0
1593506005729	0.0	-0.25	0.0	0.0
1593506005760	0.0	-0.25	0.0	0.0
1593506005793	0.0	-0.25	0.0	0.0
1593506005793	0.0	-0.25	0.0	0.0
1593506005825	0.0	-0.25	0.0	0.0
1593506005826	0.0	-0.25	0.0	0.0
1593506005858	0.0	-0.25	0.0	0.0
1593506005859	0.0	-0.25	0.0	0.0
1593506005892	0.0	-0.25	0.0	0.0
1593506005923	0.0	-0.25	0.0	0.0
1593506005925	0.0	-0.25	0.0	0.0
1593506005957	0.0	-0.25	0.0	0.0
1593506005958	0.0	-0.25	0.0	0.0
1593506005992	0.0	-0.25	0.0	0.0
1593506005992	0.0	-0.25	0.0	0.0
1593506006022	0.0	-0.25	0.0	0.0
1593506006026	0.0	-0.25	0.0	0.0
1593506006055	0.0	-0.25	0.0	0.0
1593506006057	0.0	-0.25	0.0	0.0
1593506006090	0.0	-0.25	0.0	0.0
1593506006121	0.0	-0.25	0.0	0.0
1593506006123	0.0	-0.25	0.0	0.0
1593506006154	0.0	-0.25	0.0	0.0
1593506006155	0.0	-0.25	0.0	0.0
1593506006188	0.0	-0.25	0.0	0.0
1593506006191	0.0	-0.25	0.0	0.0
1593506006221	0.0	-0.25	0.0	0.0
1593506006254	0.0	-0.25	0.0	0.0
1593506006256	0.0	-0.25	0.0	0.0
1593506006287	0.0	-0.25	0.0	0.0
1593506006319	0.0	-0.25	0.0	0.0
1593506006320	0.0	-0.25	0.0	0.0
1593506006354	0.0	-0.25	0.0	0.0
1593506006356	0.0	-0.25	0.0	0.0
1593506006387	0.0	-0.25	0.0	0.0
1593506006420	0.0	-0.25	0.0	0.0
1593506006421	0.0	-0.25	0.0	0.0
1593506006452	0.0	-0.25	0.0	0.0
1593506006485	0.0	-0.25	0.0	0.0
1593506006485	0.0	-0.25	0.0	0.0
1593506006517	0.0	-0.25	0.0	0.0
1593506006524	0.0	-0.25	0.0	0.0
1593506006554	0.0	-0.25	0.0	0.0
1593506006554	0.0	-0.25	0.0	0.0
1593506006587	0.0	-0.25	0.0	0.0
1593506006619	0.0	-0.25	0.0	0.0
1593506006650	0.0	-0.25	0.0	0.0
1593506006652	0.0	-0.25	0.0	0.0
1593506006684	0.0	-0.25	0.0	0.0
1593506006717	0.0	-0.25	0.0	0.0
1593506006748	0.0	-0.25	0.0	0.0
1593506006751	0.0	-0.25	0.0	0.0
1593506006781	0.0	-0.25	0.0	0.0
1593506006785	0.0	-0.25	0.0	0.0
1593506006815	0.0	-0.25	0.0	0.0
1593506006816	0.0	-0.25	0.0	0.0
1593506006848	0.0	-0.25	0.0	0.0
1593506006848	0.0	-0.25	0.0	0.0
1593506006881	0.0	-0.25	0.0	0.0
1593506006882	0.0	-0.25	0.0	0.0
1593506006915	0.0	-0.25	0.0	0.0
1593506006945	0.0	-0.25	0.0	0.0
1593506006948	0.0	-0.25	0.0	0.0
1593506006979	0.0	-0.25	0.0	0.0
1593506006982	0.0	-0.25	0.0	0.0
1593506006990	0.0	0.0	0.0	0.0
1593506008636	0.0	0.0	0.0	-0.25
1593506008668	0.0	0.0	0.0	-0.25
1593506008701	0.0	0.0	0.0	-0.25
1593506008734	0.0	0.0	0.0	-0.25
1593506008769	0.0	0.0	0.0	-0.25
1593506008804	0.0	0.0	0.0	-0.25
1593506008837	0.0	0.0	0.0	-0.25
1593506008867	0.0	0.0	0.0	-0.25
1593506008899	0.0	0.0	0.0	-0.25
1593506008933	0.0	0.0	0.0	-0.25
1593506008965	0.0	0.0	0.0	-0.25
1593506008999	0.0	0.0	0.0	-0.25
1593506009036	0.0	0.0	0.0	-0.25
1593506009066	0.0	0.0	0.0	-0.25
1593506009100	0.0	0.0	0.0	-0.25
1593506009131	0.0	0.0	0.0	-0.25
1593506009152	0.0	0.0	0.0	-0.25
1593506009182	0.0	0.0	0.0	-0.25
1593506009185	0.0	0.0	0.0	-0.25
1593506009217	0.0	0.0	0.0	-0.25
1593506009250	0.0	0.0	0.0	-0.25
1593506009252	0.0	0.0	0.0	-0.25
1593506009281	0.0	0.0	0.0	-0.25
1593506009285	0.0	0.0	0.0	-0.25
1593506009317	0.0	0.0	0.0	-0.25
1593506009347	0.0	0.0	0.0	-0.25
1593506009349	0.0	0.0	0.0	-0.25
1593506009380	0.0	0.0	0.0	-0.25
1593506009382	0.0	0.0	0.0	-0.25
1593506009413	0.0	0.0	0.0	-0.25
1593506009413	0.0	0.0	0.0	-0.25
1593506009446	0.0	0.0	0.0	-0.25
1593506009446	0.0	0.0	0.0	-0.25
1593506009480	0.0	0.0	0.0	-0.25
1593506009510	0.0	0.0	0.0	-0.25
1593506009512	0.0	0.0	0.0	-0.25
1593506009546	0.0	0.0	0.0	-0.25
1593506009578	0.0	0.0	0.0	-0.25
1593506009609	0.0	0.0	0.0	-0.25
1593506009611	0.0	0.0	0.0	-0.25
1593506009645	0.0	0.0	0.0	-0.25
1593506009646	0.0	0.0	0.0	-0.25
1593506009677	0.0	0.0	0.0	-0.25
1593506009707	0.0	0.0	0.0	-0.25
1593506009710	0.0	0.0	0.0	-0.25
1593506009743	0.0	0.0	0.0	-0.25
1593506009774	0.0	0.0	0.0	-0.25
1593506009776	0.0	0.0	0.0	-0.25
1593506009806	0.0	0.0	0.0	-0.25
1593506009810	0.0	0.0	0.0	-0.25
1593506009842	0.0	0.0	0.0	-0.25
1593506009874	0.0	0.0	0.0	-0.25
1593506009876	0.0	0.0	0.0	-0.25
1593506009908	0.0	0.0	0.0	-0.25
1593506009941	0.0	0.0	0.0	-0.25
1593506009942	0.0	0.0	0.0	-0.25
1593506009975	0.0	0.0	0.0	-0.25
1593506009977	0.0	0.0	0.0	-0.25
1593506010007	0.0	0.0	0.0	-0.25
1593506010008	0.0	0.0	0.0	-0.25
1593506010041	0.0	0.0	0.0	-0.25
1593506010043	0.0	0.0	0.0	-0.25
1593506010074	0.0	0.0	0.0	-0.25
1593506010075	0.0	0.0	0.0	-0.25
1593506010108	0.0	0.0	0.0	-0.25
1593506010139	0.0	0.0	0.0	-0.25
1593506010141	0.0	0.0	0.0	-0.25
1593506010174	0.0	0.0	0.0	-0.25
1593506010208	0.0	0.0	0.0	-0.25
1593506010211	0.0	0.0	0.0	-0.25
1593506010241	0.0	0.0	0.0	-0.25
1593506010271	0.0	0.0	0.0	-0.25
1593506010273	0.0	0.0	0.0	-0.25
1593506010304	0.0	0.0	0.0	-0.25
1593506010307	0.0	0.0	0.0	-0.25
1593506010337	0.0	0.0	0.0	-0.25
1593506010339	0.0	0.0	0.0	-0.25
1593506010370	0.0	0.0	0.0	-0.25
1593506010373	0.0	0.0	0.0	-0.25
1593506010404	0.0	0.0	0.0	-0.25
1593506010405	0.0	0.0	0.0	-0.25
1593506010436	0.0	0.0	0.0	-0.25
1593506010438	0.0	0.0	0.0	-0.25
1593506010470	0.0	0.0	0.0	-0.25
1593506010471	0.0	0.0	0.0	-0.25
1593506010504	0.0	0.0	0.0	-0.25
1593506010535	0.0	0.0	0.0	-0.25
1593506010538	0.0	0.0	0.0	-0.25
1593506010568	0.0	0.0	0.0	-0.25
1593506010570	0.0	0.0	0.0	-0.25
1593506010605	0.0	0.0	0.0	-0.25
1593506010606	0.0	0.0	0.0	-0.25
1593506010636	0.0	0.0	0.0	-0.25
1593506010666	0.0	0.0	0.0	-0.25
1593506010670	0.0	0.0	0.0	-0.25
1593506010702	0.0	0.0	0.0	-0.25
1593506010733	0.0	0.0	0.0	-0.25
1593506010735	0.0	0.0	0.0	-0.25
1593506010766	0.0	0.0	0.0	-0.25
1593506010772	0.0	0.0	0.0	-0.25
1593506010803	0.0	0.0	0.0	-0.25
1593506010835	0.0	0.0	0.0	-0.25
1593506010836	0.0	0.0	0.0	-0.25
1593506010867	0.0	0.0	0.0	-0.25
1593506010900	0.0	0.0	0.0	-0.25
1593506010931	0.0	0.0	0.0	-0.25
1593506010932	0.0	0.0	0.0	-0.25
1593506010964	0.0	0.0	0.0	-0.25
1593506010967	0.0	0.0	0.0	-0.25
1593506010998	0.0	0.0	0.0	-0.25
1593506010999	0.0	0.0	0.0	-0.25
1593506011031	0.0	0.0	0.0	-0.25
1593506011033	0.0	0.0	0.0	-0.25
1593506011064	0.0	0.0	0.0	-0.25
1593506011067	0.0	0.0	0.0	-0.25
1593506011097	0.0	0.0	0.0	-0.25
1593506011097	0.0	0.0	0.0	-0.25
1593506011130	0.0	0.0	0.0	-0.25
1593506011130	0.0	0.0	0.0	-0.25
1593506011161	0.0	0.0	0.0	-0.25
1593506011163	0.0	0.0	0.0	-0.25
1593506011196	0.0	0.0	0.0	-0.25
1593506011197	0.0	0.0	0.0	-0.25
1593506011230	0.0	0.0	0.0	-0.25
1593506011261	0.0	0.0	0.0	-0.25
1593506011264	0.0	0.0	0.0	-0.25
1593506011296	0.0	0.0	0.0	-0.25
1593506011327	0.0	0.0	0.0	-0.25
1593506011329	0.0	0.0	0.0	-0.25
1593506011362	0.0	0.0	0.0	-0.25
1593506011363	0.0	0.0	0.0	-0.25
1593506011395	0.0	0.0	0.0	-0.25
1593506011399	0.0	0.0	0.0	-0.25
1593506011428	0.0	0.0	0.0	-0.25
1593506011460	0.0	0.0	0.0	-0.25
1593506011461	0.0	0.0	0.0	-0.25
1593506011492	0.0	0.0	0.0	-0.25
1593506011493	0.0	0.0	0.0	-0.25
1593506011528	0.0	0.0	0.0	-0.25
1593506011561	0.0	0.0	0.0	-0.25
1593506011594	0.0	0.0	0.0	-0.25
1593506011596	0.0	0.0	0.0	-0.25
1593506011626	0.0	0.0	0.0	-0.25
1593506011657	0.0	0.0	0.0	-0.25
1593506011660	0.0	0.0	0.0	-0.25
1593506011690	0.0	0.0	0.0	-0.25
1593506011692	0.0	0.0	0.0	-0.25
1593506011724	0.0	0.0	0.0	-0.25
1593506011725	0.0	0.0	0.0	-0.25
1593506011758	0.0	0.0	0.0	-0.25
1593506011759	0.0	0.0	0.0	-0.25
1593506011791	0.0	0.0	0.0	-0.25
1593506011823	0.0	0.0	0.0	-0.25
1593506011825	0.0	0.0	0.0	-0.25
1593506011855	0.0	0.0	0.0	-0.25
1593506011856	0.0	0.0	0.0	-0.25
1593506011887	0.0	0.0	0.0	-0.25
1593506011890	0.0	0.0	0.0	-0.25
1593506011923	0.0	0.0	0.0	-0.25
1593506011923	0.0	0.0	0.0	-0.25
1593506011955	0.0	0.0	0.0	-0.25
1593506011986	0.0	0.0	0.0	-0.25
1593506011988	0.0	0.0	0.0	-0.25
1593506012023	0.0	0.0	0.0	-0.25
1593506012023	0.0	0.0	0.0	-0.25
1593506012053	0.0	0.0	0.0	-0.25
1593506012056	0.0	0.0	0.0	-0.25
1593506012086	0.0	0.0	0.0	-0.25
1593506012089	0.0	0.0	0.0	-0.25
1593506012119	0.0	0.0	0.0	-0.25
1593506012121	0.0	0.0	0.0	-0.25
1593506012153	0.0	0.0	0.0	-0.25
1593506012154	0.0	0.0	0.0	-0.25
1593506012184	0.0	0.0	0.0	-0.25
1593506012187	0.0	0.0	0.0	-0.25
1593506012219	0.0	0.0	0.0	-0.25
1593506012221	0.0	0.0	0.0	-0.25
1593506012252	0.0	0.0	0.0	-0.25
1593506012252	0.0	0.0	0.0	-0.25
1593506012284	0.0	0.0	0.0	-0.25
1593506012286	0.0	0.0	0.0	-0.25
1593506012317	0.0	0.0	0.0	-0.25
1593506012318	0.0	0.0	0.0	-0.25
1593506012350	0.0	0.0	0.0	-0.25
1593506012352	0.0	0.0	0.0	-0.25
1593506012384	0.0	0.0	0.0	-0.25
1593506012386	0.0	0.0	0.0	-0.25
1593506012417	0.0	0.0	0.0	-0.25
1593506012448	0.0	0.0	0.0	-0.25
1593506012452	0.0	0.0	0.0	-0.25
1593506012484	0.0	0.0	0.0	-0.25
1593506012517	0.0	0.0	0.0	-0.25
1593506012549	0.0	0.0	0.0	-0.25
1593506012552	0.0	0.0	0.0	-0.25
1593506012582	0.0	0.0	0.0	-0.25
1593506012584	0.0	0.0	0.0	-0.25
1593506012617	0.0	0.0	0.0	-0.25
1593506012648	0.0	0.0	0.0	-0.25
1593506012650	0.0	0.0	0.0	-0.25
1593506012681	0.0	0.0	0.0	-0.25
1593506012682	0.0	0.0	0.0	-0.25
1593506012715	0.0	0.0	0.0	-0.25
1593506012717	0.0	0.0	0.0	-0.25
1593506012747	0.0	0.0	0.0	-0.25
1593506012748	0.0	0.0	0.0	-0.25
1593506012780	0.0	0.0	0.0	-0.25
1593506012781	0.0	0.0	0.0	-0.25
1593506012786	0.0	0.0	0.0	0.0
1593506012816	-0.25	0.0	0.0	0.0
1593506012847	-0.25	0.0	0.0	0.0
1593506012872	0.0	0.0	0.0	0.0
1593506012978	0.0	-0.25	0.0	0.0
1593506013009	0.0	-0.25	0.0	0.0
1593506013046	0.0	-0.25	0.0	0.0
1593506013081	0.0	-0.25	0.0	0.0
1593506013115	0.0	-0.25	0.0	0.0
1593506013149	0.0	-0.25	0.0	0.0
1593506013178	0.0	-0.25	0.0	0.0
1593506013212	0.0	-0.25	0.0	0.0
1593506013243	0.0	-0.25	0.0	0.0
1593506013279	0.0	-0.25	0.0	0.0
1593506013315	0.0	-0.25	0.0	0.0
1593506013350	0.0	-0.25	0.0	0.0
1593506013379	0.0	-0.25	0.0	0.0
1593506013410	0.0	-0.25	0.0	0.0
1593506013444	0.0	-0.25	0.0	0.0
1593506013452	0.0	0.0	0.0	0.0
1593506013648	0.0	0.0	0.0	-0.25
1593506013678	0.0	0.0	0.0	-0.25
1593506013710	0.0	0.0	0.0	-0.25
1593506013747	0.0	0.0	0.0	-0.25
1593506013782	0.0	0.0	0.0	-0.25
1593506013815	0.0	0.0	0.0	-0.25
1593506013849	0.0	0.0	0.0	-0.25
1593506013885	0.0	0.0	0.0	-0.25
1593506013916	0.0	0.0	0.0	-0.25
1593506013947	0.0	0.0	0.0	-0.25
1593506013979	0.0	0.0	0.0	-0.25
1593506014013	0.0	0.0	0.0	-0.25
1593506014046	0.0	0.0	0.0	-0.25
1593506014082	0.0	0.0	0.0	-0.25
1593506014116	0.0	0.0	0.0	-0.25
1593506014151	0.0	0.0	0.0	-0.25
1593506014165	0.0	0.0	0.0	-0.25
1593506014195	0.0	0.0	0.0	-0.25
1593506014230	0.0	0.0	0.0	-0.25
1593506014233	0.0	0.0	0.0	-0.25
1593506014262	0.0	0.0	0.0	-0.25
1593506014295	0.0	0.0	0.0	-0.25
1593506014328	0.0	0.0	0.0	-0.25
1593506014361	0.0	0.0	0.0	-0.25
1593506014361	0.0	0.0	0.0	-0.25
1593506014395	0.0	0.0	0.0	-0.25
1593506014398	0.0	0.0	0.0	-0.25
1593506014427	0.0	0.0	0.0	-0.25
1593506014460	0.0	0.0	0.0	-0.25
1593506014461	0.0	0.0	0.0	-0.25
1593506014494	0.0	0.0	0.0	-0.25
1593506014523	0.0	0.0	0.0	-0.25
1593506014527	0.0	0.0	0.0	-0.25
1593506014557	0.0	0.0	0.0	-0.25
1593506014559	0.0	0.0	0.0	-0.25
1593506014591	0.0	0.0	0.0	-0.25
1593506014593	0.0	0.0	0.0	-0.25
1593506014623	0.0	0.0	0.0	-0.25
1593506014629	0.0	0.0	0.0	-0.25
1593506014659	0.0	0.0	0.0	-0.25
1593506014691	0.0	0.0	0.0	-0.25
1593506014692	0.0	0.0	0.0	-0.25
1593506014725	0.0	0.0	0.0	-0.25
1593506014756	0.0	0.0	0.0	-0.25
1593506014758	0.0	0.0	0.0	-0.25
1593506014789	0.0	0.0	0.0	-0.25
1593506014791	0.0	0.0	0.0	-0.25
1593506014821	0.0	0.0	0.0	-0.25
1593506014824	0.0	0.0	0.0	-0.25
1593506014855	0.0	0.0	0.0	-0.25
1593506014858	0.0	0.0	0.0	-0.25
1593506014887	0.0	0.0	0.0	-0.25
1593506014890	0.0	0.0	0.0	-0.25
1593506014921	0.0	0.0	0.0	-0.25
1593506014924	0.0	0.0	0.0	-0.25
1593506014955	0.0	0.0	0.0	-0.25
1593506014987	0.0	0.0	0.0	-0.25
1593506014989	0.0	0.0	0.0	-0.25
1593506015020	0.0	0.0	0.0	-0.25
1593506015021	0.0	0.0	0.0	-0.25
1593506015053	0.0	0.0	0.0	-0.25
1593506015087	0.0	0.0	0.0	-0.25
1593506015090	0.0	0.0	0.0	-0.25
1593506015119	0.0	0.0	0.0	-0.25
1593506015120	0.0	0.0	0.0	-0.25
1593506015153	0.0	0.0	0.0	-0.25
1593506015154	0.0	0.0	0.0	-0.25
1593506015186	0.0	0.0	0.0	-0.25
1593506015218	0.0	0.0	0.0	-0.25
1593506015220	0.0	0.0	0.0	-0.25
1593506015252	0.0	0.0	0.0	-0.25
1593506015284	0.0	0.0	0.0	-0.25
1593506015285	0.0	0.0	0.0	-0.25
1593506015314	0.0	0.0	0.0	-0.25
1593506015319	0.0	0.0	0.0	-0.25
1593506015349	0.0	0.0	0.0	-0.25
1593506015351	0.0	0.0	0.0	-0.25
1593506015384	0.0	0.0	0.0	-0.25
1593506015386	0.0	0.0	0.0	-0.25
1593506015417	0.0	0.0	0.0	-0.25
1593506015449	0.0	0.0	0.0	-0.25
1593506015452	0.0	0.0	0.0	-0.25
1593506015482	0.0	0.0	0.0	-0.25
1593506015483	0.0	0.0	0.0	-0.25
1593506015517	0.0	0.0	0.0	-0.25
1593506015549	0.0	0.0	0.0	-0.25
1593506015550	0.0	0.0	0.0	-0.25
1593506015581	0.0	0.0	0.0	-0.25
1593506015585	0.0	0.0	0.0	-0.25
1593506015617	0.0	0.0	0.0	-0.25
1593506015650	0.0	0.0	0.0	-0.25
1593506015681	0.0	0.0	0.0	-0.25
1593506015683	0.0	0.0	0.0	-0.25
1593506015713	0.0	0.0	0.0	-0.25
1593506015714	0.0	0.0	0.0	-0.25
1593506015746	0.0	0.0	0.0	-0.25
1593506015747	0.0	0.0	0.0	-0.25
1593506015780	0.0	0.0	0.0	-0.25
1593506015781	0.0	0.0	0.0	-0.25
1593506015812	0.0	0.0	0.0	-0.25
1593506015814	0.0	0.0	0.0	-0.25
1593506015845	0.0	0.0	0.0	-0.25
1593506015847	0.0	0.0	0.0	-0.25
1593506015878	0.0	0.0	0.0	-0.25
1593506015881	0.0	0.0	0.0	-0.25
1593506015912	0.0	0.0	0.0	-0.25
1593506015945	0.0	0.0	0.0	-0.25
1593506015978	0.0	0.0	0.0	-0.25
1593506015979	0.0	0.0	0.0	-0.25
1593506016009	0.0	0.0	0.0	-0.25
1593506016013	0.0	0.0	0.0	-0.25
1593506016043	0.0	0.0	0.0	-0.25
1593506016045	0.0	0.0	0.0	-0.25
1593506016073	0.0	0.0	0.0	-0.25
1593506016078	0.0	0.0	0.0	-0.25
1593506016110	0.0	0.0	0.0	-0.25
1593506016140	0.0	0.0	0.0	-0.25
1593506016144	0.0	0.0	0.0	-0.25
1593506016177	0.0	0.0	0.0	-0.25
1593506016177	0.0	0.0	0.0	-0.25
1593506016208	0.0	0.0	0.0	-0.25
1593506016210	0.0	0.0	0.0	-0.25
1593506016243	0.0	0.0	0.0	-0.25
1593506016244	0.0	0.0	0.0	-0.25
1593506016277	0.0	0.0	0.0	-0.25
1593506016278	0.0	0.0	0.0	-0.25
1593506016308	0.0	0.0	0.0	-0.25
1593506016309	0.0	0.0	0.0	-0.25
1593506016339	0.0	0.0	0.0	-0.25
1593506016341	0.0	0.0	0.0	-0.25
1593506016374	0.0	0.0	0.0	-0.25
1593506016374	0.0	0.0	0.0	-0.25
1593506016407	0.0	0.0	0.0	-0.25
1593506016409	0.0	0.0	0.0	-0.25
1593506016441	0.0	0.0	0.0	-0.25
1593506016473	0.0	0.0	0.0	-0.25
1593506016478	0.0	0.0	0.0	-0.25
1593506016507	0.0	0.0	0.0	-0.25
1593506016539	0.0	0.0	0.0	-0.25
1593506016572	0.0	0.0	0.0	-0.25
1593506016573	0.0	0.0	0.0	-0.25
1593506016604	0.0	0.0	0.0	-0.25
1593506016605	0.0	0.0	0.0	-0.25
1593506016635	0.0	0.0	0.0	-0.25
1593506016638	0.0	0.0	0.0	-0.25
1593506016671	0.0	0.0	0.0	-0.25
1593506016701	0.0	0.0	0.0	-0.25
1593506016707	0.0	0.0	0.0	-0.25
1593506016738	0.0	0.0	0.0	-0.25
1593506016768	0.0	0.0	0.0	-0.25
1593506016774	0.0	0.0	0.0	-0.25
1593506016804	0.0	0.0	0.0	-0.25
1593506016835	0.0	0.0	0.0	-0.25
1593506016835	0.0	0.0	0.0	-0.25
1593506016868	0.0	0.0	0.0	-0.25
1593506016870	0.0	0.0	0.0	-0.25
1593506016901	0.0	0.0	0.0	-0.25
1593506016903	0.0	0.0	0.0	-0.25
1593506016936	0.0	0.0	0.0	-0.25
1593506016938	0.0	0.0	0.0	-0.25
1593506016967	0.0	0.0	0.0	-0.25
1593506016968	0.0	0.0	0.0	-0.25
1593506017001	0.0	0.0	0.0	-0.25
1593506017033	0.0	0.0	0.0	-0.25
1593506017037	0.0	0.0	0.0	-0.25
1593506017067	0.0	0.0	0.0	-0.25
1593506017099	0.0	0.0	0.0	-0.25
1593506017101	0.0	0.0	0.0	-0.25
1593506017131	0.0	0.0	0.0	-0.25
1593506017133	0.0	0.0	0.0	-0.25
1593506017164	0.0	0.0	0.0	-0.25
1593506017168	0.0	0.0	0.0	-0.25
1593506017200	0.0	0.0	0.0	-0.25
1593506017230	0.0	0.0	0.0	-0.25
1593506017232	0.0	0.0	0.0	-0.25
1593506017264	0.0	0.0	0.0	-0.25
1593506017265	0.0	0.0	0.0	-0.25
1593506017296	0.0	0.0	0.0	-0.25
1593506017298	0.0	0.0	0.0	-0.25
1593506017329	0.0	0.0	0.0	-0.25
1593506017333	0.0	0.0	0.0	-0.25
1593506017366	0.0	0.0	0.0	-0.25
1593506017398	0.0	0.0	0.0	-0.25
1593506017401	0.0	0.0	0.0	-0.25
1593506017430	0.0	0.0	0.0	-0.25
1593506017463	0.0	0.0	0.0	-0.25
1593506017466	0.0	0.0	0.0	-0.25
1593506017497	0.0	0.0	0.0	-0.25
1593506017530	0.0	0.0	0.0	-0.25
1593506017562	0.0	0.0	0.0	-0.25
1593506017562	0.0	0.0	0.0	-0.25
1593506017595	0.0	0.0	0.0	-0.25
1593506017596	0.0	0.0	0.0	-0.25
1593506017628	0.0	0.0	0.0	-0.25
1593506017629	0.0	0.0	0.0	-0.25
1593506017662	0.0	0.0	0.0	-0.25
1593506017663	0.0	0.0	0.0	-0.25
1593506017694	0.0	0.0	0.0	-0.25
1593506017696	0.0	0.0	0.0	-0.25
1593506017727	0.0	0.0	0.0	-0.25
1593506017761	0.0	0.0	0.0	-0.25
1593506017790	0.0	0.0	0.0	-0.25
1593506017794	0.0	0.0	0.0	-0.25
1593506017825	0.0	0.0	0.0	-0.25
1593506017826	0.0	0.0	0.0	-0.25
1593506017860	0.0	0.0	0.0	-0.25
1593506017861	0.0	0.0	0.0	-0.25
1593506017883	0.0	0.0	0.0	0.0
1593506017893	-0.25	0.0	0.0	0.0
1593506017905	0.0	0.0	0.0	0.0
1593506018057	0.0	0.0	0.25	0.0
1593506018091	0.0	0.0	0.25	0.0
1593506018122	0.0	0.0	0.25	0.0
1593506018154	0.0	0.0	0.25	0.0
1593506018188	0.0	0.0	0.25	0.0
1593506018221	0.0	0.0	0.25	0.0
1593506018253	0.0	0.0	0.25	0.0
1593506018287	0.0	0.0	0.25	0.0
1593506018319	0.0	0.0	0.25	0.0
1593506018353	0.0	0.0	0.25	0.0
1593506018384	0.0	0.0	0.25	0.0
1593506018416	0.0	0.0	0.25	0.0
1593506018450	0.0	0.0	0.25	0.0
1593506018486	0.0	0.0	0.25	0.0
1593506018517	0.0	0.0	0.25	0.0
1593506018548	0.0	0.0	0.25	0.0
1593506018570	0.0	0.0	0.25	0.0
1593506018601	0.0	0.0	0.25	0.0
1593506018602	0.0	0.0	0.25	0.0
1593506018637	0.0	0.0	0.25	0.0
1593506018662	0.0	0.0	0.0	0.0
1593506018705	0.0	0.0	0.0	0.0
