1593502358912	0.0	0.0	0.0	0.0
1593502361939	0.0	0.0	0.0	0.0
1593502362035	0.0	0.0	0.0	0.0
1593502376550	0.0	0.0	0.0	0.0
1593502382761	0.0	0.0	0.25	0.0
1593502382798	0.0	0.0	0.25	0.0
1593502382835	0.0	0.0	0.25	0.0
1593502382870	0.0	0.0	0.25	0.0
1593502382902	0.0	0.0	0.25	0.0
1593502382931	0.0	0.0	0.0	0.0
1593502383439	0.0	0.0	0.25	0.0
1593502383481	0.0	0.0	0.25	0.0
1593502383521	0.0	0.0	0.25	0.0
1593502383554	0.0	0.0	0.25	0.0
1593502383586	0.0	0.0	0.25	0.0
1593502383621	0.0	0.0	0.25	0.0
1593502383653	0.0	0.0	0.25	0.0
1593502383685	0.0	0.0	0.25	0.0
1593502383717	0.0	0.0	0.25	0.0
1593502383754	0.0	0.0	0.25	0.0
1593502383789	0.0	0.0	0.25	0.0
1593502383824	0.0	0.0	0.25	0.0
1593502383856	0.0	0.0	0.25	0.0
1593502383894	0.0	0.0	0.25	0.0
1593502383931	0.0	0.0	0.25	0.0
1593502383937	0.0	0.0	0.25	0.0
1593502383966	0.0	0.0	0.25	0.0
1593502383997	0.0	0.0	0.25	0.0
1593502384026	0.0	0.0	0.25	0.0
1593502384046	0.0	0.0	0.0	0.0
1593502385298	0.25	0.0	0.0	0.0
1593502385341	0.25	0.0	0.0	0.0
1593502385385	0.25	0.0	0.0	0.0
1593502385405	0.0	0.0	0.0	0.0
1593502385737	0.25	0.0	0.0	0.0
1593502385778	0.25	0.0	0.0	0.0
1593502385809	0.25	0.0	0.0	0.0
1593502385845	0.25	0.0	0.0	0.0
1593502385879	0.25	0.0	0.0	0.0
1593502385911	0.25	0.0	0.0	0.0
1593502385943	0.25	0.0	0.0	0.0
1593502385978	0.25	0.0	0.0	0.0
1593502386009	0.25	0.0	0.0	0.0
1593502386012	0.0	0.0	0.0	0.0
1593502387496	0.0	0.0	0.0	0.25
1593502387532	0.0	0.0	0.0	0.25
1593502387563	0.0	0.0	0.0	0.25
1593502387597	0.0	0.0	0.0	0.25
1593502387632	0.0	0.0	0.0	0.25
1593502387667	0.0	0.0	0.0	0.25
1593502387703	0.0	0.0	0.0	0.25
1593502387733	0.0	0.0	0.0	0.25
1593502387769	0.0	0.0	0.0	0.25
1593502387807	0.0	0.0	0.0	0.25
1593502387843	0.0	0.0	0.0	0.25
1593502387877	0.0	0.0	0.0	0.25
1593502387912	0.0	0.0	0.0	0.25
1593502387943	0.0	0.0	0.0	0.25
1593502387977	0.0	0.0	0.0	0.25
1593502387992	0.0	0.0	0.0	0.25
1593502388022	0.0	0.0	0.0	0.25
1593502388053	0.0	0.0	0.0	0.25
1593502388082	0.0	0.0	0.0	0.25
1593502388112	0.0	0.0	0.0	0.25
1593502388113	0.0	0.0	0.0	0.25
1593502388142	0.0	0.0	0.0	0.25
1593502388172	0.0	0.0	0.0	0.25
1593502388202	0.0	0.0	0.0	0.25
1593502388232	0.0	0.0	0.0	0.25
1593502388262	0.0	0.0	0.0	0.25
1593502388292	0.0	0.0	0.0	0.25
1593502388322	0.0	0.0	0.0	0.25
1593502388353	0.0	0.0	0.0	0.25
1593502388382	0.0	0.0	0.0	0.25
1593502388412	0.0	0.0	0.0	0.25
1593502388442	0.0	0.0	0.0	0.25
1593502388471	0.0	0.0	0.0	0.25
1593502388502	0.0	0.0	0.0	0.25
1593502388532	0.0	0.0	0.0	0.25
1593502388562	0.0	0.0	0.0	0.25
1593502388591	0.0	0.0	0.0	0.25
1593502388621	0.0	0.0	0.0	0.25
1593502388651	0.0	0.0	0.0	0.25
1593502388681	0.0	0.0	0.0	0.25
1593502388712	0.0	0.0	0.0	0.25
1593502388741	0.0	0.0	0.0	0.25
1593502388771	0.0	0.0	0.0	0.25
1593502388802	0.0	0.0	0.0	0.25
1593502388830	0.0	0.0	0.0	0.25
1593502388861	0.0	0.0	0.0	0.25
1593502388891	0.0	0.0	0.0	0.25
1593502388921	0.0	0.0	0.0	0.25
1593502388953	0.0	0.0	0.0	0.25
1593502388981	0.0	0.0	0.0	0.25
1593502389011	0.0	0.0	0.0	0.25
1593502389041	0.0	0.0	0.0	0.25
1593502389070	0.0	0.0	0.0	0.25
1593502389102	0.0	0.0	0.0	0.25
1593502389131	0.0	0.0	0.0	0.25
1593502389142	0.0	0.0	0.0	0.0
1593502389381	0.0	0.0	0.0	0.0
1593502389782	0.0	0.0	0.0	0.25
1593502389822	0.0	0.0	0.0	0.25
1593502389855	0.0	0.0	0.0	0.25
1593502389887	0.0	0.0	0.0	0.25
1593502389921	0.0	0.0	0.0	0.25
1593502389957	0.0	0.0	0.0	0.25
1593502389995	0.0	0.0	0.0	0.25
1593502390027	0.0	0.0	0.0	0.25
1593502390062	0.0	0.0	0.0	0.25
1593502390096	0.0	0.0	0.0	0.25
1593502390127	0.0	0.0	0.0	0.25
1593502390171	0.0	0.0	0.0	0.25
1593502390203	0.0	0.0	0.0	0.25
1593502390238	0.0	0.0	0.0	0.25
1593502390279	0.0	0.0	0.0	0.25
1593502390279	0.0	0.0	0.0	0.25
1593502390308	0.0	0.0	0.0	0.25
1593502390337	0.0	0.0	0.0	0.25
1593502390368	0.0	0.0	0.0	0.25
1593502390397	0.0	0.0	0.0	0.25
1593502390428	0.0	0.0	0.0	0.25
1593502390458	0.0	0.0	0.0	0.25
1593502390488	0.0	0.0	0.0	0.25
1593502390517	0.0	0.0	0.0	0.25
1593502390518	0.0	0.0	0.0	0.25
1593502390547	0.0	0.0	0.0	0.25
1593502390578	0.0	0.0	0.0	0.25
1593502390608	0.0	0.0	0.0	0.25
1593502390639	0.0	0.0	0.0	0.25
1593502390668	0.0	0.0	0.0	0.25
1593502390697	0.0	0.0	0.0	0.25
1593502390727	0.0	0.0	0.0	0.25
1593502390757	0.0	0.0	0.0	0.25
1593502390792	0.0	0.0	0.0	0.25
1593502390818	0.0	0.0	0.0	0.25
1593502390848	0.0	0.0	0.0	0.25
1593502390878	0.0	0.0	0.0	0.25
1593502390892	0.0	0.0	0.0	0.0
1593502390945	0.0	0.0	0.0	0.0
1593502391282	0.0	-0.25	0.0	0.0
1593502391313	0.0	-0.25	0.0	0.0
1593502391344	0.0	-0.25	0.0	0.0
1593502391377	0.0	-0.25	0.0	0.0
1593502391408	0.0	-0.25	0.0	0.0
1593502391439	0.0	-0.25	0.0	0.0
1593502391470	0.0	-0.25	0.0	0.0
1593502391505	0.0	-0.25	0.0	0.0
1593502391536	0.0	-0.25	0.0	0.0
1593502391569	0.0	-0.25	0.0	0.0
1593502391587	0.0	0.0	0.0	0.0
1593502391734	0.0	-0.25	0.0	0.0
1593502391770	0.0	-0.25	0.0	0.0
1593502391804	0.0	-0.25	0.0	0.0
1593502391834	0.0	0.0	0.0	0.0
1593502392155	0.0	-0.25	0.0	0.0
1593502392196	0.0	-0.25	0.0	0.0
1593502392230	0.0	-0.25	0.0	0.0
1593502392261	0.0	-0.25	0.0	0.0
1593502392297	0.0	-0.25	0.0	0.0
1593502392337	0.0	-0.25	0.0	0.0
1593502392370	0.0	-0.25	0.0	0.0
1593502392401	0.0	-0.25	0.0	0.0
1593502392437	0.0	-0.25	0.0	0.0
1593502392472	0.0	-0.25	0.0	0.0
1593502392506	0.0	-0.25	0.0	0.0
1593502392540	0.0	-0.25	0.0	0.0
1593502392556	0.0	0.0	0.0	0.0
1593502393106	0.0	0.0	0.25	0.0
1593502393148	0.0	0.0	0.25	0.0
1593502393178	0.0	0.0	0.25	0.0
1593502393212	0.0	0.0	0.25	0.0
1593502393253	0.0	0.0	0.25	0.0
1593502393288	0.0	0.0	0.25	0.0
1593502393322	0.0	0.0	0.25	0.0
1593502393356	0.0	0.0	0.25	0.0
1593502393388	0.0	0.0	0.25	0.0
1593502393428	0.0	0.0	0.25	0.0
1593502393462	0.0	0.0	0.25	0.0
1593502393498	0.0	0.0	0.25	0.0
1593502393531	0.0	0.0	0.25	0.0
1593502393569	0.0	0.0	0.25	0.0
1593502393602	0.0	0.0	0.25	0.0
1593502393633	0.0	0.0	0.25	0.0
1593502393663	0.0	0.0	0.25	0.0
1593502393692	0.0	0.0	0.25	0.0
1593502393722	0.0	0.0	0.25	0.0
1593502393752	0.0	0.0	0.25	0.0
1593502393783	0.0	0.0	0.25	0.0
1593502393783	0.0	0.0	0.25	0.0
1593502393812	0.0	0.0	0.25	0.0
1593502393819	0.0	0.0	0.0	0.0
1593502394574	-0.25	0.0	0.0	0.0
1593502394607	-0.25	0.0	0.0	0.0
1593502394642	-0.25	0.0	0.0	0.0
1593502394676	-0.25	0.0	0.0	0.0
1593502394709	-0.25	0.0	0.0	0.0
1593502394748	-0.25	0.0	0.0	0.0
1593502394795	-0.25	0.0	0.0	0.0
1593502394826	-0.25	0.0	0.0	0.0
1593502394857	-0.25	0.0	0.0	0.0
1593502394876	0.0	0.0	0.0	0.0
1593502395098	-0.25	0.0	0.0	0.0
1593502395140	-0.25	0.0	0.0	0.0
1593502395176	-0.25	0.0	0.0	0.0
1593502395192	0.0	0.0	0.0	0.0
1593502395276	-0.25	0.0	0.0	0.0
1593502395313	-0.25	0.0	0.0	0.0
1593502395347	-0.25	0.0	0.0	0.0
1593502395379	-0.25	0.0	0.0	0.0
1593502395382	0.0	0.0	0.0	0.0
1593502395463	-0.25	0.0	0.0	0.0
1593502395497	-0.25	0.0	0.0	0.0
1593502395531	-0.25	0.0	0.0	0.0
1593502395563	-0.25	0.0	0.0	0.0
1593502395593	-0.25	0.0	0.0	0.0
1593502395628	-0.25	0.0	0.0	0.0
1593502395661	-0.25	0.0	0.0	0.0
1593502395665	0.0	0.0	0.0	0.0
1593502395814	-0.25	0.0	0.0	0.0
1593502395846	-0.25	0.0	0.0	0.0
1593502395878	-0.25	0.0	0.0	0.0
1593502395917	-0.25	0.0	0.0	0.0
1593502395952	-0.25	0.0	0.0	0.0
1593502395983	-0.25	0.0	0.0	0.0
1593502396019	-0.25	0.0	0.0	0.0
1593502396053	-0.25	0.0	0.0	0.0
1593502396087	-0.25	0.0	0.0	0.0
1593502396124	-0.25	0.0	0.0	0.0
1593502396158	-0.25	0.0	0.0	0.0
1593502396164	0.0	0.0	0.25	0.0
1593502396179	0.0	0.0	0.0	0.0
1593502396664	0.0	0.0	0.25	0.0
1593502396694	0.0	0.0	0.25	0.0
1593502396724	0.0	0.0	0.25	0.0
1593502396754	0.0	0.0	0.25	0.0
1593502396784	0.0	0.0	0.25	0.0
1593502396818	0.0	0.0	0.25	0.0
1593502396843	0.0	0.0	0.25	0.0
1593502396873	0.0	0.0	0.25	0.0
1593502396903	0.0	0.0	0.25	0.0
1593502396933	0.0	0.0	0.25	0.0
1593502396962	0.0	0.0	0.25	0.0
1593502396963	0.0	0.0	0.25	0.0
1593502396993	0.0	0.0	0.25	0.0
1593502397023	0.0	0.0	0.25	0.0
1593502397053	0.0	0.0	0.25	0.0
1593502397083	0.0	0.0	0.25	0.0
1593502397114	0.0	0.0	0.25	0.0
1593502397143	0.0	0.0	0.25	0.0
1593502397173	0.0	0.0	0.25	0.0
1593502397203	0.0	0.0	0.25	0.0
1593502397239	0.0	0.0	0.25	0.0
1593502397265	0.0	0.0	0.25	0.0
1593502397293	0.0	0.0	0.25	0.0
1593502397324	0.0	0.0	0.25	0.0
1593502397353	0.0	0.0	0.25	0.0
1593502397384	0.0	0.0	0.25	0.0
1593502397414	0.0	0.0	0.25	0.0
1593502397443	0.0	0.0	0.25	0.0
1593502397474	0.0	0.0	0.25	0.0
1593502397492	-0.25	0.0	0.0	0.0
1593502397529	-0.25	0.0	0.0	0.0
1593502397560	-0.25	0.0	0.0	0.0
1593502397591	-0.25	0.0	0.0	0.0
1593502397630	-0.25	0.0	0.0	0.0
1593502397670	-0.25	0.0	0.0	0.0
1593502397702	0.0	0.0	0.0	0.0
1593502399015	0.0	0.0	0.0	0.0
1593502399144	0.0	0.0	0.25	0.0
1593502399189	0.0	0.0	0.25	0.0
1593502399223	0.0	0.0	0.25	0.0
1593502399255	0.0	0.0	0.25	0.0
1593502399288	0.0	0.0	0.25	0.0
1593502399319	0.0	0.0	0.25	0.0
1593502399353	0.0	0.0	0.25	0.0
1593502399386	0.0	0.0	0.25	0.0
1593502399418	0.0	0.0	0.25	0.0
1593502399453	0.0	0.0	0.25	0.0
1593502399485	0.0	0.0	0.25	0.0
1593502399519	0.0	0.0	0.25	0.0
1593502399556	0.0	0.0	0.25	0.0
1593502399596	0.0	0.0	0.25	0.0
1593502399632	0.0	0.0	0.25	0.0
1593502399644	0.0	0.0	0.25	0.0
1593502399674	0.0	0.0	0.25	0.0
1593502399704	0.0	0.0	0.25	0.0
1593502399734	0.0	0.0	0.25	0.0
1593502399764	0.0	0.0	0.25	0.0
1593502399794	0.0	0.0	0.25	0.0
1593502399824	0.0	0.0	0.25	0.0
1593502399854	0.0	0.0	0.25	0.0
1593502399884	0.0	0.0	0.25	0.0
1593502399913	0.0	0.0	0.25	0.0
1593502399944	0.0	0.0	0.25	0.0
1593502399974	0.0	0.0	0.25	0.0
1593502400004	0.0	0.0	0.25	0.0
1593502400034	0.0	0.0	0.25	0.0
1593502400064	0.0	0.0	0.25	0.0
1593502400094	0.0	0.0	0.25	0.0
1593502400124	0.0	0.0	0.25	0.0
1593502400154	0.0	0.0	0.25	0.0
1593502400184	0.0	0.0	0.25	0.0
1593502400214	0.0	0.0	0.25	0.0
1593502400247	0.0	0.0	0.25	0.0
1593502400273	0.0	0.0	0.25	0.0
1593502400304	0.0	0.0	0.25	0.0
1593502400334	0.0	0.0	0.25	0.0
1593502400364	0.0	0.0	0.25	0.0
1593502400393	0.0	0.0	0.25	0.0
1593502400423	0.0	0.0	0.25	0.0
1593502400453	0.0	0.0	0.25	0.0
1593502400483	0.0	0.0	0.25	0.0
1593502400514	0.0	0.0	0.25	0.0
1593502400543	0.0	0.0	0.25	0.0
1593502400544	0.0	0.0	0.25	0.0
1593502400573	0.0	0.0	0.25	0.0
1593502400603	0.0	0.0	0.25	0.0
1593502400632	0.0	0.0	0.25	0.0
1593502400663	0.0	0.0	0.25	0.0
1593502400693	0.0	0.0	0.25	0.0
1593502400694	0.0	0.0	0.25	0.0
1593502400724	0.0	0.0	0.25	0.0
1593502400754	0.0	0.0	0.25	0.0
1593502400783	0.0	0.0	0.25	0.0
1593502400813	0.0	0.0	0.25	0.0
1593502400843	0.0	0.0	0.25	0.0
1593502400873	0.0	0.0	0.25	0.0
1593502400903	0.0	0.0	0.25	0.0
1593502400932	0.0	0.0	0.25	0.0
1593502400962	0.0	0.0	0.25	0.0
1593502400992	0.0	0.0	0.25	0.0
1593502401023	0.0	0.0	0.25	0.0
1593502401051	0.0	0.0	0.25	0.0
1593502401082	0.0	0.0	0.25	0.0
1593502401112	0.0	0.0	0.25	0.0
1593502401142	0.0	0.0	0.25	0.0
1593502401172	0.0	0.0	0.25	0.0
1593502401203	0.0	0.0	0.25	0.0
1593502401232	0.0	0.0	0.25	0.0
1593502401262	0.0	0.0	0.25	0.0
1593502401292	0.0	0.0	0.25	0.0
1593502401322	0.0	0.0	0.25	0.0
1593502401351	0.0	0.0	0.25	0.0
1593502401381	0.0	0.0	0.25	0.0
1593502401412	0.0	0.0	0.25	0.0
1593502401442	0.0	0.0	0.25	0.0
1593502401472	0.0	0.0	0.25	0.0
1593502401497	0.0	0.0	0.0	0.0
1593502401644	0.0	-0.25	0.0	0.0
1593502401677	0.0	-0.25	0.0	0.0
1593502401709	0.0	-0.25	0.0	0.0
1593502401745	0.0	-0.25	0.0	0.0
1593502401783	0.0	-0.25	0.0	0.0
1593502401815	0.0	-0.25	0.0	0.0
1593502401849	0.0	-0.25	0.0	0.0
1593502401898	0.0	-0.25	0.0	0.0
1593502401933	0.0	-0.25	0.0	0.0
1593502401964	0.0	-0.25	0.0	0.0
1593502401995	0.0	-0.25	0.0	0.0
1593502402045	0.0	-0.25	0.0	0.0
1593502402079	0.0	-0.25	0.0	0.0
1593502402114	0.0	-0.25	0.0	0.0
1593502402146	0.0	-0.25	0.0	0.0
1593502402175	0.0	-0.25	0.0	0.0
1593502402205	0.0	-0.25	0.0	0.0
1593502402235	0.0	-0.25	0.0	0.0
1593502402266	0.0	-0.25	0.0	0.0
1593502402296	0.0	-0.25	0.0	0.0
1593502402327	0.0	-0.25	0.0	0.0
1593502402356	0.0	-0.25	0.0	0.0
1593502402386	0.0	-0.25	0.0	0.0
1593502402416	0.0	-0.25	0.0	0.0
1593502402445	0.0	-0.25	0.0	0.0
1593502402475	0.0	-0.25	0.0	0.0
1593502402504	0.0	-0.25	0.0	0.0
1593502402505	0.0	-0.25	0.0	0.0
1593502402535	0.0	-0.25	0.0	0.0
1593502402566	0.0	-0.25	0.0	0.0
1593502402595	0.0	-0.25	0.0	0.0
1593502402610	0.0	0.0	0.0	0.0
1593502402708	0.0	-0.25	0.0	0.0
1593502402751	0.0	-0.25	0.0	0.0
1593502402784	0.0	-0.25	0.0	0.0
1593502402816	0.0	-0.25	0.0	0.0
1593502402850	0.0	-0.25	0.0	0.0
1593502402882	0.0	-0.25	0.0	0.0
1593502402894	0.0	0.0	0.0	0.0
1593502403007	0.0	-0.25	0.0	0.0
1593502403022	0.0	0.0	0.0	0.0
1593502403531	0.0	-0.25	0.0	0.0
1593502403562	0.0	-0.25	0.0	0.0
1593502403590	0.0	-0.25	0.0	0.0
1593502403620	0.0	-0.25	0.0	0.0
1593502403650	0.0	-0.25	0.0	0.0
1593502403662	0.0	0.0	0.0	0.0
1593502403906	0.0	0.0	0.25	0.0
1593502403941	0.0	0.0	0.25	0.0
1593502403973	0.0	0.0	0.25	0.0
1593502404012	0.0	0.0	0.25	0.0
1593502404043	0.0	0.0	0.25	0.0
1593502404074	0.0	0.0	0.25	0.0
1593502404107	0.0	0.0	0.25	0.0
1593502404153	0.0	0.0	0.25	0.0
1593502404188	0.0	0.0	0.25	0.0
1593502404222	0.0	0.0	0.25	0.0
1593502404254	0.0	0.0	0.25	0.0
1593502404288	0.0	0.0	0.25	0.0
1593502404322	0.0	0.0	0.25	0.0
1593502404353	0.0	0.0	0.25	0.0
1593502404387	0.0	0.0	0.25	0.0
1593502404404	0.0	0.0	0.25	0.0
1593502404434	0.0	0.0	0.25	0.0
1593502404464	0.0	0.0	0.25	0.0
1593502404494	0.0	0.0	0.25	0.0
1593502404524	0.0	0.0	0.25	0.0
1593502404554	0.0	0.0	0.25	0.0
1593502404584	0.0	0.0	0.25	0.0
1593502404613	0.0	0.0	0.25	0.0
1593502404644	0.0	0.0	0.25	0.0
1593502404673	0.0	0.0	0.25	0.0
1593502404703	0.0	0.0	0.25	0.0
1593502404733	0.0	0.0	0.25	0.0
1593502404763	0.0	0.0	0.25	0.0
1593502404794	0.0	0.0	0.25	0.0
1593502404823	0.0	0.0	0.25	0.0
1593502404853	0.0	0.0	0.25	0.0
1593502404883	0.0	0.0	0.25	0.0
1593502404913	0.0	0.0	0.25	0.0
1593502404944	0.0	0.0	0.25	0.0
1593502404973	0.0	0.0	0.25	0.0
1593502405003	0.0	0.0	0.25	0.0
1593502405033	0.0	0.0	0.25	0.0
1593502405062	0.0	0.0	0.25	0.0
1593502405094	0.0	0.0	0.25	0.0
1593502405126	0.0	0.0	0.25	0.0
1593502405143	0.0	0.0	0.0	0.0
1593502405639	0.0	0.0	0.0	0.25
1593502405672	0.0	0.0	0.0	0.25
1593502405706	0.0	0.0	0.0	0.25
1593502405740	0.0	0.0	0.0	0.25
1593502405777	0.0	0.0	0.0	0.25
1593502405811	0.0	0.0	0.0	0.25
1593502405842	0.0	0.0	0.0	0.25
1593502405876	0.0	0.0	0.0	0.25
1593502405907	0.0	0.0	0.0	0.25
1593502405940	0.0	0.0	0.0	0.25
1593502405981	0.0	0.0	0.0	0.25
1593502406019	0.0	0.0	0.0	0.25
1593502406050	0.0	0.0	0.0	0.25
1593502406086	0.0	0.0	0.0	0.25
1593502406118	0.0	0.0	0.0	0.25
1593502406136	0.0	0.0	0.0	0.25
1593502406166	0.0	0.0	0.0	0.25
1593502406197	0.0	0.0	0.0	0.25
1593502406227	0.0	0.0	0.0	0.25
1593502406256	0.0	0.0	0.0	0.25
1593502406286	0.0	0.0	0.0	0.25
1593502406316	0.0	0.0	0.0	0.25
1593502406346	0.0	0.0	0.0	0.25
1593502406376	0.0	0.0	0.0	0.25
1593502406406	0.0	0.0	0.0	0.25
1593502406436	0.0	0.0	0.0	0.25
1593502406466	0.0	0.0	0.0	0.25
1593502406496	0.0	0.0	0.0	0.25
1593502406526	0.0	0.0	0.0	0.25
1593502406555	0.0	0.0	0.0	0.25
1593502406585	0.0	0.0	0.0	0.25
1593502406615	0.0	0.0	0.0	0.25
1593502406645	0.0	0.0	0.0	0.25
1593502406676	0.0	0.0	0.0	0.25
1593502406705	0.0	0.0	0.0	0.25
1593502406735	0.0	0.0	0.0	0.25
1593502406736	0.0	0.0	0.0	0.25
1593502406765	0.0	0.0	0.0	0.25
1593502406796	0.0	0.0	0.0	0.25
1593502406825	0.0	0.0	0.0	0.25
1593502406856	0.0	0.0	0.0	0.25
1593502406886	0.0	0.0	0.0	0.25
1593502406916	0.0	0.0	0.0	0.25
1593502406946	0.0	0.0	0.0	0.25
1593502406976	0.0	0.0	0.0	0.25
1593502407005	0.0	0.0	0.0	0.25
1593502407034	0.0	0.0	0.0	0.25
1593502407064	0.0	0.0	0.0	0.25
1593502407096	0.0	0.0	0.0	0.25
1593502407126	0.0	0.0	0.0	0.25
1593502407156	0.0	0.0	0.0	0.25
1593502407187	0.0	0.0	0.0	0.25
1593502407217	0.0	0.0	0.0	0.25
1593502407247	0.0	0.0	0.0	0.25
1593502407278	0.0	0.0	0.0	0.25
1593502407310	0.0	0.0	0.0	0.25
1593502407339	0.0	0.0	0.0	0.25
1593502407369	0.0	0.0	0.0	0.25
1593502407400	0.0	0.0	0.0	0.25
1593502407429	0.0	0.0	0.0	0.25
1593502407460	0.0	0.0	0.0	0.25
1593502407489	0.0	0.0	0.0	0.25
1593502407519	0.0	0.0	0.0	0.25
1593502407549	0.0	0.0	0.0	0.25
1593502407579	0.0	0.0	0.0	0.25
1593502407610	0.0	0.0	0.0	0.25
1593502407640	0.0	0.0	0.0	0.25
1593502407670	0.0	0.0	0.0	0.25
1593502407700	0.0	0.0	0.0	0.25
1593502407729	0.0	0.0	0.0	0.25
1593502407760	0.0	0.0	0.0	0.25
1593502407790	0.0	0.0	0.0	0.25
1593502407819	0.0	0.0	0.0	0.25
1593502407849	0.0	0.0	0.0	0.25
1593502407880	0.0	0.0	0.0	0.25
1593502407910	0.0	0.0	0.0	0.25
1593502407943	0.0	0.0	0.0	0.25
1593502407972	0.0	0.0	0.0	0.25
1593502408002	0.0	0.0	0.0	0.25
1593502408032	0.0	0.0	0.0	0.25
1593502408061	0.0	0.0	0.0	0.25
1593502408091	0.0	0.0	0.0	0.25
1593502408121	0.0	0.0	0.0	0.25
1593502408151	0.0	0.0	0.0	0.25
1593502408181	0.0	0.0	0.0	0.25
1593502408211	0.0	0.0	0.0	0.25
1593502408243	0.0	0.0	0.0	0.25
1593502408272	0.0	0.0	0.0	0.25
1593502408302	0.0	0.0	0.0	0.25
1593502408331	0.0	0.0	0.0	0.25
1593502408362	0.0	0.0	0.0	0.25
1593502408393	0.0	0.0	0.0	0.25
1593502408422	0.0	0.0	0.0	0.25
1593502408451	0.0	0.0	0.0	0.25
1593502408481	0.0	0.0	0.0	0.25
1593502408510	0.0	0.0	0.0	0.25
1593502408543	0.0	0.0	0.0	0.25
1593502408572	0.0	0.0	0.0	0.25
1593502408603	0.0	0.0	0.0	0.25
1593502408633	0.0	0.0	0.0	0.25
1593502408663	0.0	0.0	0.0	0.25
1593502408693	0.0	0.0	0.0	0.25
1593502408721	0.0	0.0	0.0	0.25
1593502408752	0.0	0.0	0.0	0.25
1593502408782	0.0	0.0	0.0	0.25
1593502408812	0.0	0.0	0.0	0.25
1593502408841	0.0	0.0	0.0	0.25
1593502408872	0.0	0.0	0.0	0.25
1593502408904	0.0	0.0	0.0	0.25
1593502408932	0.0	0.0	0.0	0.25
1593502408962	0.0	0.0	0.0	0.25
1593502408993	0.0	0.0	0.0	0.25
1593502409022	0.0	0.0	0.0	0.25
1593502409052	0.0	0.0	0.0	0.25
1593502409082	0.0	0.0	0.0	0.25
1593502409112	0.0	0.0	0.0	0.25
1593502409142	0.0	0.0	0.0	0.25
1593502409171	0.0	0.0	0.0	0.25
1593502409202	0.0	0.0	0.0	0.25
1593502409203	0.0	0.0	0.0	0.25
1593502409216	0.0	0.0	0.0	0.0
1593502409233	0.0	0.0	0.0	0.0
1593502409413	-0.25	0.0	0.0	0.0
1593502409449	-0.25	0.0	0.0	0.0
1593502409485	-0.25	0.0	0.0	0.0
1593502409518	-0.25	0.0	0.0	0.0
1593502409568	-0.25	0.0	0.0	0.0
1593502409603	-0.25	0.0	0.0	0.0
1593502409634	-0.25	0.0	0.0	0.0
1593502409668	-0.25	0.0	0.0	0.0
1593502409702	-0.25	0.0	0.0	0.0
1593502409734	-0.25	0.0	0.0	0.0
1593502409768	-0.25	0.0	0.0	0.0
1593502409803	-0.25	0.0	0.0	0.0
1593502409833	-0.25	0.0	0.0	0.0
1593502409870	-0.25	0.0	0.0	0.0
1593502409910	-0.25	0.0	0.0	0.0
1593502409913	-0.25	0.0	0.0	0.0
1593502409943	-0.25	0.0	0.0	0.0
1593502409975	-0.25	0.0	0.0	0.0
1593502410004	-0.25	0.0	0.0	0.0
1593502410041	-0.25	0.0	0.0	0.0
1593502410043	0.0	0.0	0.0	0.0
1593502410452	0.0	0.25	0.0	0.0
1593502410484	0.0	0.25	0.0	0.0
1593502410519	0.0	0.25	0.0	0.0
1593502410550	0.0	0.25	0.0	0.0
1593502410584	0.0	0.25	0.0	0.0
1593502410618	0.0	0.25	0.0	0.0
1593502410649	0.0	0.25	0.0	0.0
1593502410686	0.0	0.25	0.0	0.0
1593502410719	0.0	0.25	0.0	0.0
1593502410751	0.0	0.25	0.0	0.0
1593502410784	0.0	0.25	0.0	0.0
1593502410820	0.0	0.25	0.0	0.0
1593502410855	0.0	0.25	0.0	0.0
1593502410893	0.0	0.25	0.0	0.0
1593502410936	0.0	0.25	0.0	0.0
1593502410948	0.0	0.25	0.0	0.0
1593502410978	0.0	0.25	0.0	0.0
1593502411008	0.0	0.25	0.0	0.0
1593502411038	0.0	0.25	0.0	0.0
1593502411067	0.0	0.25	0.0	0.0
1593502411097	0.0	0.25	0.0	0.0
1593502411127	0.0	0.25	0.0	0.0
1593502411158	0.0	0.25	0.0	0.0
1593502411187	0.0	0.25	0.0	0.0
1593502411217	0.0	0.25	0.0	0.0
1593502411247	0.0	0.25	0.0	0.0
1593502411277	0.0	0.25	0.0	0.0
1593502411292	0.0	0.0	0.0	0.0
1593502411968	0.0	0.0	0.0	0.25
1593502411998	0.0	0.0	0.0	0.25
1593502412029	0.0	0.0	0.0	0.25
1593502412063	0.0	0.0	0.0	0.25
1593502412098	0.0	0.0	0.0	0.25
1593502412133	0.0	0.0	0.0	0.25
1593502412167	0.0	0.0	0.0	0.25
1593502412205	0.0	0.0	0.0	0.25
1593502412244	0.0	0.0	0.0	0.25
1593502412278	0.0	0.0	0.0	0.25
1593502412309	0.0	0.0	0.0	0.25
1593502412346	0.0	0.0	0.0	0.25
1593502412380	0.0	0.0	0.0	0.25
1593502412411	0.0	0.0	0.0	0.25
1593502412447	0.0	0.0	0.0	0.25
1593502412470	0.0	0.0	0.0	0.25
1593502412500	0.0	0.0	0.0	0.25
1593502412529	0.0	0.0	0.0	0.25
1593502412560	0.0	0.0	0.0	0.25
1593502412589	0.0	0.0	0.0	0.25
1593502412620	0.0	0.0	0.0	0.25
1593502412650	0.0	0.0	0.0	0.25
1593502412680	0.0	0.0	0.0	0.25
1593502412710	0.0	0.0	0.0	0.25
1593502412740	0.0	0.0	0.0	0.25
1593502412769	0.0	0.0	0.0	0.25
1593502412799	0.0	0.0	0.0	0.25
1593502412829	0.0	0.0	0.0	0.25
1593502412859	0.0	0.0	0.0	0.25
1593502412890	0.0	0.0	0.0	0.25
1593502412919	0.0	0.0	0.0	0.25
1593502412949	0.0	0.0	0.0	0.25
1593502412979	0.0	0.0	0.0	0.25
1593502413009	0.0	0.0	0.0	0.25
1593502413039	0.0	0.0	0.0	0.25
1593502413068	0.0	0.0	0.0	0.25
1593502413099	0.0	0.0	0.0	0.25
1593502413129	0.0	0.0	0.0	0.25
1593502413159	0.0	0.0	0.0	0.25
1593502413190	0.0	0.0	0.0	0.25
1593502413219	0.0	0.0	0.0	0.25
1593502413248	0.0	0.0	0.0	0.25
1593502413279	0.0	0.0	0.0	0.25
1593502413308	0.0	0.0	0.0	0.25
1593502413339	0.0	0.0	0.0	0.25
1593502413340	0.0	0.0	0.0	0.25
1593502413368	0.0	0.0	0.0	0.25
1593502413398	0.0	0.0	0.0	0.25
1593502413428	0.0	0.0	0.0	0.25
1593502413458	0.0	0.0	0.0	0.25
1593502413489	0.0	0.0	0.0	0.25
1593502413518	0.0	0.0	0.0	0.25
1593502413548	0.0	0.0	0.0	0.25
1593502413578	0.0	0.0	0.0	0.25
1593502413608	0.0	0.0	0.0	0.25
1593502413639	0.0	0.0	0.0	0.25
1593502413668	0.0	0.0	0.0	0.25
1593502413698	0.0	0.0	0.0	0.25
1593502413728	0.0	0.0	0.0	0.25
1593502413758	0.0	0.0	0.0	0.25
1593502413789	0.0	0.0	0.0	0.25
1593502413817	0.0	0.0	0.0	0.25
1593502413848	0.0	0.0	0.0	0.25
1593502413878	0.0	0.0	0.0	0.25
1593502413907	0.0	0.0	0.0	0.25
1593502413939	0.0	0.0	0.0	0.25
1593502413967	0.0	0.0	0.0	0.25
1593502413997	0.0	0.0	0.0	0.25
1593502414026	0.0	0.0	0.0	0.25
1593502414057	0.0	0.0	0.0	0.25
1593502414087	0.0	0.0	0.0	0.25
1593502414117	0.0	0.0	0.0	0.25
1593502414148	0.0	0.0	0.0	0.25
1593502414177	0.0	0.0	0.0	0.25
1593502414208	0.0	0.0	0.0	0.25
1593502414237	0.0	0.0	0.0	0.25
1593502414267	0.0	0.0	0.0	0.25
1593502414297	0.0	0.0	0.0	0.0
1593502414309	0.0	0.0	0.0	0.0
1593502414481	0.0	-0.25	0.0	0.0
1593502414525	0.0	-0.25	0.0	0.0
1593502414557	0.0	-0.25	0.0	0.0
1593502414590	0.0	-0.25	0.0	0.0
1593502414591	0.0	0.0	0.0	0.0
1593502414948	0.25	0.0	0.0	0.0
1593502414994	0.25	0.0	0.0	0.0
1593502415028	0.25	0.0	0.0	0.0
1593502415070	0.25	0.0	0.0	0.0
1593502415070	0.0	0.0	0.0	0.0
1593502415839	0.0	-0.25	0.0	0.0
1593502415875	0.0	-0.25	0.0	0.0
1593502415907	0.0	-0.25	0.0	0.0
1593502415946	0.0	-0.25	0.0	0.0
1593502415979	0.0	-0.25	0.0	0.0
1593502416013	0.0	-0.25	0.0	0.0
1593502416049	0.0	-0.25	0.0	0.0
1593502416074	0.0	0.0	0.25	0.0
1593502416104	0.0	0.0	0.25	0.0
1593502416136	0.0	0.0	0.25	0.0
1593502416175	0.0	0.0	0.25	0.0
1593502416207	0.0	0.0	0.25	0.0
1593502416245	0.0	0.0	0.25	0.0
1593502416265	0.0	0.0	0.0	0.0
1593502416361	0.0	0.0	0.25	0.0
1593502416396	0.0	0.0	0.25	0.0
1593502416430	0.0	0.0	0.25	0.0
1593502416466	0.0	0.0	0.25	0.0
1593502416502	0.0	0.0	0.25	0.0
1593502416519	0.0	0.0	0.0	0.0
1593502416596	0.0	0.0	0.25	0.0
1593502416637	0.0	0.0	0.25	0.0
1593502416669	0.0	0.0	0.25	0.0
1593502416676	0.0	0.0	0.0	0.0
1593502416771	0.0	0.0	0.25	0.0
1593502416789	0.0	0.0	0.0	0.0
1593502416877	0.0	0.0	0.0	0.0
1593502416957	0.0	0.0	0.25	0.0
1593502417003	0.0	0.0	0.25	0.0
1593502417036	0.0	0.0	0.25	0.0
1593502417074	0.0	0.0	0.25	0.0
1593502417107	0.0	0.0	0.25	0.0
1593502417116	0.0	0.0	0.0	0.0
1593502417174	0.0	0.0	0.25	0.0
1593502417203	0.0	0.0	0.25	0.0
1593502417235	0.0	0.0	0.25	0.0
1593502417270	0.0	0.0	0.25	0.0
1593502417317	0.0	0.0	0.25	0.0
1593502417348	0.0	0.0	0.25	0.0
1593502417394	0.0	0.0	0.25	0.0
1593502417398	0.0	0.0	0.0	0.0
1593502417491	0.0	-0.25	0.0	0.0
1593502417527	0.0	-0.25	0.0	0.0
1593502417566	0.0	-0.25	0.0	0.0
1593502417599	0.0	-0.25	0.0	0.0
1593502417631	0.0	-0.25	0.0	0.0
1593502417664	0.0	-0.25	0.0	0.0
1593502417704	0.0	-0.25	0.0	0.0
1593502417735	0.0	-0.25	0.0	0.0
1593502417773	0.0	-0.25	0.0	0.0
1593502417805	0.0	-0.25	0.0	0.0
1593502417835	0.0	-0.25	0.0	0.0
1593502417868	0.0	-0.25	0.0	0.0
1593502417910	0.0	-0.25	0.0	0.0
1593502417941	0.0	-0.25	0.0	0.0
1593502417973	0.0	-0.25	0.0	0.0
1593502417992	0.0	-0.25	0.0	0.0
1593502418023	0.0	-0.25	0.0	0.0
1593502418054	0.0	-0.25	0.0	0.0
1593502418082	0.0	-0.25	0.0	0.0
1593502418113	0.0	-0.25	0.0	0.0
1593502418143	0.0	-0.25	0.0	0.0
1593502418172	0.0	-0.25	0.0	0.0
1593502418204	0.0	-0.25	0.0	0.0
1593502418233	0.0	-0.25	0.0	0.0
1593502418264	0.0	-0.25	0.0	0.0
1593502418294	0.0	-0.25	0.0	0.0
1593502418325	0.0	-0.25	0.0	0.0
1593502418354	0.0	-0.25	0.0	0.0
1593502418384	0.0	-0.25	0.0	0.0
1593502418415	0.0	-0.25	0.0	0.0
1593502418444	0.0	-0.25	0.0	0.0
1593502418473	0.0	-0.25	0.0	0.0
1593502418503	0.0	-0.25	0.0	0.0
1593502418533	0.0	-0.25	0.0	0.0
1593502418559	0.0	0.0	0.0	0.0
1593502419076	0.25	0.0	0.0	0.0
1593502419106	0.25	0.0	0.0	0.0
1593502419152	0.25	0.0	0.0	0.0
1593502419192	0.25	0.0	0.0	0.0
1593502419222	0.25	0.0	0.0	0.0
1593502419256	0.25	0.0	0.0	0.0
1593502419290	0.25	0.0	0.0	0.0
1593502419323	0.25	0.0	0.0	0.0
1593502419361	0.25	0.0	0.0	0.0
1593502419392	0.25	0.0	0.0	0.0
1593502419408	0.0	0.0	0.0	0.0
1593502420076	0.0	0.0	0.0	0.25
1593502420107	0.0	0.0	0.0	0.25
1593502420142	0.0	0.0	0.0	0.25
1593502420174	0.0	0.0	0.0	0.25
1593502420209	0.0	0.0	0.0	0.25
1593502420242	0.0	0.0	0.0	0.25
1593502420276	0.0	0.0	0.0	0.25
1593502420308	0.0	0.0	0.0	0.25
1593502420345	0.0	0.0	0.0	0.25
1593502420377	0.0	0.0	0.0	0.25
1593502420410	0.0	0.0	0.0	0.25
1593502420444	0.0	0.0	0.0	0.25
1593502420478	0.0	0.0	0.0	0.25
1593502420513	0.0	0.0	0.0	0.25
1593502420544	0.0	0.0	0.0	0.25
1593502420576	0.0	0.0	0.0	0.25
1593502420578	0.0	0.0	0.0	0.25
1593502420608	0.0	0.0	0.0	0.25
1593502420638	0.0	0.0	0.0	0.25
1593502420669	0.0	0.0	0.0	0.25
1593502420669	0.0	0.0	0.0	0.25
1593502420698	0.0	0.0	0.0	0.25
1593502420728	0.0	0.0	0.0	0.25
1593502420747	0.0	0.0	0.0	0.0
1593502420758	0.25	0.0	0.0	0.0
1593502420789	0.25	0.0	0.0	0.0
1593502420819	0.25	0.0	0.0	0.0
1593502420848	0.25	0.0	0.0	0.0
1593502420873	0.0	0.0	0.0	0.0
1593502420923	0.0	-0.25	0.0	0.0
1593502420968	0.0	-0.25	0.0	0.0
1593502420999	0.0	-0.25	0.0	0.0
1593502421034	0.0	-0.25	0.0	0.0
1593502421066	0.0	-0.25	0.0	0.0
1593502421102	0.0	-0.25	0.0	0.0
1593502421135	0.0	-0.25	0.0	0.0
1593502421175	0.0	-0.25	0.0	0.0
1593502421201	0.0	0.0	0.0	0.0
1593502421213	0.25	0.0	0.0	0.0
1593502421256	0.25	0.0	0.0	0.0
1593502421293	0.25	0.0	0.0	0.0
1593502421326	0.25	0.0	0.0	0.0
1593502421361	0.25	0.0	0.0	0.0
1593502421402	0.25	0.0	0.0	0.0
1593502421427	0.0	0.0	0.0	0.0
1593502422040	0.0	0.0	0.0	0.25
1593502422074	0.0	0.0	0.0	0.25
1593502422116	0.0	0.0	0.0	0.25
1593502422149	0.0	0.0	0.0	0.25
1593502422162	0.0	0.0	0.0	0.0
1593502422194	0.0	0.0	0.0	0.0
1593502422492	0.0	-0.25	0.0	0.0
1593502422535	0.0	-0.25	0.0	0.0
1593502422568	0.0	-0.25	0.0	0.0
1593502422600	0.0	-0.25	0.0	0.0
1593502422635	0.0	-0.25	0.0	0.0
1593502422670	0.0	-0.25	0.0	0.0
1593502422704	0.0	-0.25	0.0	0.0
1593502422741	0.0	-0.25	0.0	0.0
1593502422773	0.0	-0.25	0.0	0.0
1593502422804	0.0	-0.25	0.0	0.0
1593502422841	0.0	-0.25	0.0	0.0
1593502422872	0.0	-0.25	0.0	0.0
1593502422906	0.0	-0.25	0.0	0.0
1593502422948	0.0	-0.25	0.0	0.0
1593502422982	0.0	-0.25	0.0	0.0
1593502422988	0.0	-0.25	0.0	0.0
1593502423018	0.0	-0.25	0.0	0.0
1593502423048	0.0	-0.25	0.0	0.0
1593502423078	0.0	-0.25	0.0	0.0
1593502423108	0.0	-0.25	0.0	0.0
1593502423138	0.0	-0.25	0.0	0.0
1593502423167	0.0	-0.25	0.0	0.0
1593502423198	0.0	-0.25	0.0	0.0
1593502423228	0.0	-0.25	0.0	0.0
1593502423258	0.0	-0.25	0.0	0.0
1593502423287	0.0	-0.25	0.0	0.0
1593502423317	0.0	-0.25	0.0	0.0
1593502423347	0.0	-0.25	0.0	0.0
1593502423377	0.0	-0.25	0.0	0.0
1593502423407	0.0	-0.25	0.0	0.0
1593502423437	0.0	-0.25	0.0	0.0
1593502423471	0.0	-0.25	0.0	0.0
1593502423497	0.0	-0.25	0.0	0.0
1593502423527	0.0	-0.25	0.0	0.0
1593502423557	0.0	-0.25	0.0	0.0
1593502423587	0.0	-0.25	0.0	0.0
1593502423617	0.0	-0.25	0.0	0.0
1593502423647	0.0	-0.25	0.0	0.0
1593502423677	0.0	-0.25	0.0	0.0
1593502423707	0.0	-0.25	0.0	0.0
1593502423737	0.0	-0.25	0.0	0.0
1593502423768	0.0	-0.25	0.0	0.0
1593502423797	0.0	-0.25	0.0	0.0
1593502423827	0.0	-0.25	0.0	0.0
1593502423857	0.0	-0.25	0.0	0.0
1593502423887	0.0	-0.25	0.0	0.0
1593502423919	0.0	-0.25	0.0	0.0
1593502423946	0.0	-0.25	0.0	0.0
1593502423977	0.0	-0.25	0.0	0.0
1593502424007	0.0	-0.25	0.0	0.0
1593502424037	0.0	-0.25	0.0	0.0
1593502424067	0.0	-0.25	0.0	0.0
1593502424097	0.0	-0.25	0.0	0.0
1593502424127	0.0	0.0	0.0	0.0
1593502424648	0.0	-0.25	0.0	0.0
1593502424677	0.0	-0.25	0.0	0.0
1593502424708	0.0	-0.25	0.0	0.0
1593502424738	0.0	-0.25	0.0	0.0
1593502424768	0.0	-0.25	0.0	0.0
1593502424798	0.0	-0.25	0.0	0.0
1593502424828	0.0	-0.25	0.0	0.0
1593502424828	0.0	-0.25	0.0	0.0
1593502424858	0.0	-0.25	0.0	0.0
1593502424869	0.0	0.0	0.0	0.0
1593502425128	0.0	-0.25	0.0	0.0
1593502425171	0.0	-0.25	0.0	0.0
1593502425202	0.0	-0.25	0.0	0.0
1593502425237	0.0	-0.25	0.0	0.0
1593502425285	0.0	-0.25	0.0	0.0
1593502425322	0.0	-0.25	0.0	0.0
1593502425369	0.0	-0.25	0.0	0.0
1593502425402	0.0	-0.25	0.0	0.0
1593502425435	0.0	-0.25	0.0	0.0
1593502425470	0.0	-0.25	0.0	0.0
1593502425507	0.0	-0.25	0.0	0.0
1593502425539	0.0	-0.25	0.0	0.0
1593502425575	0.0	-0.25	0.0	0.0
1593502425611	0.0	-0.25	0.0	0.0
1593502425623	0.25	0.0	0.0	0.0
1593502425665	0.25	0.0	0.0	0.0
1593502425700	0.25	0.0	0.0	0.0
1593502425734	0.25	0.0	0.0	0.0
1593502425769	0.25	0.0	0.0	0.0
1593502425800	0.25	0.0	0.0	0.0
1593502425837	0.25	0.0	0.0	0.0
1593502425870	0.25	0.0	0.0	0.0
1593502425903	0.25	0.0	0.0	0.0
1593502425935	0.25	0.0	0.0	0.0
1593502425960	0.0	0.0	0.0	0.0
1593502426575	0.0	0.0	0.0	0.0
1593502426734	0.0	-0.25	0.0	0.0
1593502426766	0.0	-0.25	0.0	0.0
1593502426795	0.0	-0.25	0.0	0.0
1593502426828	0.0	-0.25	0.0	0.0
1593502426858	0.0	-0.25	0.0	0.0
1593502426892	0.0	-0.25	0.0	0.0
1593502426934	0.0	-0.25	0.0	0.0
1593502426967	0.0	-0.25	0.0	0.0
1593502427013	0.0	-0.25	0.0	0.0
1593502427051	0.0	-0.25	0.0	0.0
1593502427081	0.0	-0.25	0.0	0.0
1593502427114	0.0	-0.25	0.0	0.0
1593502427153	0.0	-0.25	0.0	0.0
1593502427186	0.0	-0.25	0.0	0.0
1593502427192	0.0	0.0	0.0	0.0
1593502427298	0.0	0.0	0.0	0.25
1593502427331	0.0	0.0	0.0	0.25
1593502427363	0.0	0.0	0.0	0.25
1593502427401	0.0	0.0	0.0	0.25
1593502427438	0.0	0.0	0.0	0.25
1593502427472	0.0	0.0	0.0	0.25
1593502427503	0.0	0.0	0.0	0.25
1593502427545	0.0	0.0	0.0	0.25
1593502427577	0.0	0.0	0.0	0.25
1593502427620	0.0	0.0	0.0	0.25
1593502427655	0.0	0.0	0.0	0.25
1593502427688	0.0	0.0	0.0	0.25
1593502427720	0.0	0.0	0.0	0.25
1593502427753	0.0	0.0	0.0	0.25
1593502427786	0.0	0.0	0.0	0.25
1593502427799	0.0	0.0	0.0	0.25
1593502427809	0.0	0.0	0.0	0.0
1593502427820	0.0	0.0	0.0	0.0
1593502427874	0.0	-0.25	0.0	0.0
1593502427913	0.0	-0.25	0.0	0.0
1593502427944	0.0	-0.25	0.0	0.0
1593502427982	0.0	-0.25	0.0	0.0
1593502428013	0.0	-0.25	0.0	0.0
1593502428053	0.0	-0.25	0.0	0.0
1593502428083	0.0	-0.25	0.0	0.0
1593502428118	0.0	-0.25	0.0	0.0
1593502428154	0.0	-0.25	0.0	0.0
1593502428191	0.0	-0.25	0.0	0.0
1593502428223	0.0	-0.25	0.0	0.0
1593502428258	0.0	-0.25	0.0	0.0
1593502428290	0.0	-0.25	0.0	0.0
1593502428326	0.0	-0.25	0.0	0.0
1593502428358	0.0	-0.25	0.0	0.0
1593502428370	0.0	-0.25	0.0	0.0
1593502428400	0.0	-0.25	0.0	0.0
1593502428430	0.0	-0.25	0.0	0.0
1593502428432	0.0	-0.25	0.0	0.0
1593502428459	0.0	-0.25	0.0	0.0
1593502428490	0.0	-0.25	0.0	0.0
1593502428520	0.0	-0.25	0.0	0.0
1593502428550	0.0	-0.25	0.0	0.0
1593502428580	0.0	-0.25	0.0	0.0
1593502428610	0.0	-0.25	0.0	0.0
1593502428640	0.0	-0.25	0.0	0.0
1593502428669	0.0	-0.25	0.0	0.0
1593502428699	0.0	-0.25	0.0	0.0
1593502428731	0.0	-0.25	0.0	0.0
1593502428760	0.0	-0.25	0.0	0.0
1593502428790	0.0	-0.25	0.0	0.0
1593502428821	0.0	-0.25	0.0	0.0
1593502428821	0.0	-0.25	0.0	0.0
1593502428851	0.0	-0.25	0.0	0.0
1593502428881	0.0	-0.25	0.0	0.0
1593502428912	0.0	-0.25	0.0	0.0
1593502428942	0.0	-0.25	0.0	0.0
1593502428971	0.0	-0.25	0.0	0.0
1593502429001	0.0	-0.25	0.0	0.0
1593502429034	0.0	-0.25	0.0	0.0
1593502429061	0.0	-0.25	0.0	0.0
1593502429091	0.0	-0.25	0.0	0.0
1593502429121	0.0	-0.25	0.0	0.0
1593502429150	0.0	-0.25	0.0	0.0
1593502429182	0.0	-0.25	0.0	0.0
1593502429211	0.0	-0.25	0.0	0.0
1593502429241	0.0	-0.25	0.0	0.0
1593502429271	0.0	-0.25	0.0	0.0
1593502429301	0.0	-0.25	0.0	0.0
1593502429334	0.0	-0.25	0.0	0.0
1593502429363	0.0	-0.25	0.0	0.0
1593502429392	0.0	-0.25	0.0	0.0
1593502429421	0.0	-0.25	0.0	0.0
1593502429450	0.0	-0.25	0.0	0.0
1593502429481	0.0	-0.25	0.0	0.0
1593502429512	0.0	-0.25	0.0	0.0
1593502429542	0.0	-0.25	0.0	0.0
1593502429571	0.0	-0.25	0.0	0.0
1593502429602	0.0	-0.25	0.0	0.0
1593502429632	0.0	-0.25	0.0	0.0
1593502429661	0.0	-0.25	0.0	0.0
1593502429691	0.0	-0.25	0.0	0.0
1593502429721	0.0	-0.25	0.0	0.0
1593502429751	0.0	-0.25	0.0	0.0
1593502429781	0.0	-0.25	0.0	0.0
1593502429811	0.0	-0.25	0.0	0.0
1593502429841	0.0	-0.25	0.0	0.0
1593502429871	0.0	-0.25	0.0	0.0
1593502429901	0.0	-0.25	0.0	0.0
1593502429934	0.0	-0.25	0.0	0.0
1593502429961	0.0	-0.25	0.0	0.0
1593502429991	0.0	-0.25	0.0	0.0
1593502430022	0.0	-0.25	0.0	0.0
1593502430052	0.0	-0.25	0.0	0.0
1593502430081	0.0	-0.25	0.0	0.0
1593502430111	0.0	-0.25	0.0	0.0
1593502430141	0.0	-0.25	0.0	0.0
1593502430171	0.0	-0.25	0.0	0.0
1593502430201	0.0	-0.25	0.0	0.0
1593502430233	0.0	-0.25	0.0	0.0
1593502430261	0.0	-0.25	0.0	0.0
1593502430291	0.0	-0.25	0.0	0.0
1593502430320	0.0	-0.25	0.0	0.0
1593502430350	0.0	-0.25	0.0	0.0
1593502430381	0.0	-0.25	0.0	0.0
1593502430410	0.0	-0.25	0.0	0.0
1593502430440	0.0	-0.25	0.0	0.0
1593502430469	0.0	-0.25	0.0	0.0
1593502430500	0.0	-0.25	0.0	0.0
1593502430531	0.0	-0.25	0.0	0.0
1593502430560	0.0	-0.25	0.0	0.0
1593502430590	0.0	-0.25	0.0	0.0
1593502430620	0.0	-0.25	0.0	0.0
1593502430650	0.0	-0.25	0.0	0.0
1593502430661	0.0	0.0	0.0	0.0
1593502432434	0.0	0.0	0.25	0.0
1593502432468	0.0	0.0	0.25	0.0
1593502432502	0.0	0.0	0.25	0.0
1593502432538	0.0	0.0	0.25	0.0
1593502432578	0.0	0.0	0.25	0.0
1593502432608	0.0	0.0	0.25	0.0
1593502432643	0.0	0.0	0.25	0.0
1593502432677	0.0	0.0	0.25	0.0
1593502432708	0.0	0.0	0.25	0.0
1593502432750	0.0	0.0	0.25	0.0
1593502432783	0.0	0.0	0.25	0.0
1593502432814	0.0	0.0	0.25	0.0
1593502432849	0.0	0.0	0.25	0.0
1593502432879	0.0	0.0	0.0	0.0
1593502433061	0.0	0.0	0.0	-0.25
1593502433095	0.0	0.0	0.0	-0.25
1593502433133	0.0	0.0	0.0	-0.25
1593502433168	0.0	0.0	0.0	-0.25
1593502433199	0.0	0.0	0.0	-0.25
1593502433235	0.0	0.0	0.0	-0.25
1593502433274	0.0	0.0	0.0	-0.25
1593502433305	0.0	0.0	0.0	-0.25
1593502433338	0.0	0.0	0.0	-0.25
1593502433375	0.0	0.0	0.0	-0.25
1593502433410	0.0	0.0	0.0	-0.25
1593502433442	0.0	0.0	0.0	-0.25
1593502433480	0.0	0.0	0.0	-0.25
1593502433514	0.0	0.0	0.0	-0.25
1593502433549	0.0	0.0	0.0	-0.25
1593502433556	0.0	0.0	0.0	-0.25
1593502433585	0.0	0.0	0.0	-0.25
1593502433616	0.0	0.0	0.0	-0.25
1593502433647	0.0	0.0	0.0	-0.25
1593502433676	0.0	0.0	0.0	-0.25
1593502433706	0.0	0.0	0.0	-0.25
1593502433736	0.0	0.0	0.0	-0.25
1593502433767	0.0	0.0	0.0	-0.25
1593502433797	0.0	0.0	0.0	-0.25
1593502433826	0.0	0.0	0.0	-0.25
1593502433856	0.0	0.0	0.0	-0.25
1593502433886	0.0	0.0	0.0	-0.25
1593502433915	0.0	0.0	0.0	-0.25
1593502433946	0.0	0.0	0.0	-0.25
1593502433976	0.0	0.0	0.0	-0.25
1593502434006	0.0	0.0	0.0	-0.25
1593502434036	0.0	0.0	0.0	-0.25
1593502434066	0.0	0.0	0.0	-0.25
1593502434096	0.0	0.0	0.0	-0.25
1593502434126	0.0	0.0	0.0	-0.25
1593502434156	0.0	0.0	0.0	-0.25
1593502434186	0.0	0.0	0.0	-0.25
1593502434215	0.0	0.0	0.0	-0.25
1593502434245	0.0	0.0	0.0	-0.25
1593502434275	0.0	0.0	0.0	-0.25
1593502434306	0.0	0.0	0.0	-0.25
1593502434335	0.0	0.0	0.0	-0.25
1593502434366	0.0	0.0	0.0	-0.25
1593502434396	0.0	0.0	0.0	-0.25
1593502434425	0.0	0.0	0.0	-0.25
1593502434455	0.0	0.0	0.0	-0.25
1593502434485	0.0	0.0	0.0	-0.25
1593502434516	0.0	0.0	0.0	-0.25
1593502434545	0.0	0.0	0.0	-0.25
1593502434575	0.0	0.0	0.0	-0.25
1593502434605	0.0	0.0	0.0	-0.25
1593502434635	0.0	0.0	0.0	-0.25
1593502434665	0.0	0.0	0.0	-0.25
1593502434695	0.0	0.0	0.0	-0.25
1593502434724	0.0	0.0	0.0	-0.25
1593502434755	0.0	0.0	0.0	-0.25
1593502434785	0.0	0.0	0.0	-0.25
1593502434815	0.0	0.0	0.0	-0.25
1593502434845	0.0	0.0	0.0	-0.25
1593502434875	0.0	0.0	0.0	-0.25
1593502434905	0.0	0.0	0.0	-0.25
1593502434934	0.0	0.0	0.0	-0.25
1593502434966	0.0	0.0	0.0	-0.25
1593502434995	0.0	0.0	0.0	-0.25
1593502435025	0.0	0.0	0.0	-0.25
1593502435054	0.0	0.0	0.0	-0.25
1593502435084	0.0	0.0	0.0	-0.25
1593502435114	0.0	0.0	0.0	-0.25
1593502435146	0.0	0.0	0.0	-0.25
1593502435174	0.0	0.0	0.0	-0.25
1593502435204	0.0	0.0	0.0	-0.25
1593502435205	0.0	0.0	0.0	-0.25
1593502435234	0.0	0.0	0.0	-0.25
1593502435264	0.0	0.0	0.0	-0.25
1593502435295	0.0	0.0	0.0	-0.25
1593502435324	0.0	0.0	0.0	-0.25
1593502435354	0.0	0.0	0.0	-0.25
1593502435384	0.0	0.0	0.0	-0.25
1593502435414	0.0	0.0	0.0	-0.25
1593502435444	0.0	0.0	0.0	-0.25
1593502435474	0.0	0.0	0.0	-0.25
1593502435504	0.0	0.0	0.0	-0.25
1593502435534	0.0	0.0	0.0	-0.25
1593502435564	0.0	0.0	0.0	-0.25
1593502435595	0.0	0.0	0.0	-0.25
1593502435623	0.0	0.0	0.0	-0.25
1593502435653	0.0	0.0	0.0	-0.25
1593502435683	0.0	0.0	0.0	-0.25
1593502435713	0.0	0.0	0.0	-0.25
1593502435743	0.0	0.0	0.0	-0.25
1593502435773	0.0	0.0	0.0	-0.25
1593502435804	0.0	0.0	0.0	-0.25
1593502435833	0.0	0.0	0.0	-0.25
1593502435863	0.0	0.0	0.0	-0.25
1593502435895	0.0	0.0	0.0	-0.25
1593502435910	0.0	0.0	0.0	0.0
1593502435924	-0.25	0.0	0.0	0.0
1593502435954	-0.25	0.0	0.0	0.0
1593502435984	-0.25	0.0	0.0	0.0
1593502436014	-0.25	0.0	0.0	0.0
1593502436045	-0.25	0.0	0.0	0.0
1593502436074	-0.25	0.0	0.0	0.0
1593502436101	0.0	0.0	0.0	0.0
1593502436357	0.0	0.25	0.0	0.0
1593502436401	0.0	0.25	0.0	0.0
1593502436442	0.0	0.25	0.0	0.0
1593502436475	0.0	0.25	0.0	0.0
1593502436506	0.0	0.25	0.0	0.0
1593502436553	0.0	0.25	0.0	0.0
1593502436590	0.0	0.25	0.0	0.0
1593502436626	0.0	0.25	0.0	0.0
1593502436657	0.0	0.25	0.0	0.0
1593502436659	0.25	0.0	0.0	0.0
1593502436694	0.25	0.0	0.0	0.0
1593502436726	0.25	0.0	0.0	0.0
1593502436757	0.25	0.0	0.0	0.0
1593502436790	0.25	0.0	0.0	0.0
1593502436821	0.25	0.0	0.0	0.0
1593502436856	0.25	0.0	0.0	0.0
1593502436893	0.25	0.0	0.0	0.0
1593502436929	0.25	0.0	0.0	0.0
1593502436962	0.25	0.0	0.0	0.0
1593502436997	0.25	0.0	0.0	0.0
1593502437031	0.25	0.0	0.0	0.0
1593502437073	0.25	0.0	0.0	0.0
1593502437105	0.25	0.0	0.0	0.0
1593502437136	0.25	0.0	0.0	0.0
1593502437156	0.25	0.0	0.0	0.0
1593502437184	0.25	0.0	0.0	0.0
1593502437215	0.25	0.0	0.0	0.0
1593502437245	0.25	0.0	0.0	0.0
1593502437276	0.25	0.0	0.0	0.0
1593502437306	0.25	0.0	0.0	0.0
1593502437335	0.25	0.0	0.0	0.0
1593502437368	0.25	0.0	0.0	0.0
1593502437396	0.25	0.0	0.0	0.0
1593502437427	0.25	0.0	0.0	0.0
1593502437455	0.25	0.0	0.0	0.0
1593502437486	0.25	0.0	0.0	0.0
1593502437516	0.25	0.0	0.0	0.0
1593502437545	0.25	0.0	0.0	0.0
1593502437576	0.25	0.0	0.0	0.0
1593502437606	0.25	0.0	0.0	0.0
1593502437635	0.25	0.0	0.0	0.0
1593502437665	0.25	0.0	0.0	0.0
1593502437695	0.25	0.0	0.0	0.0
1593502437726	0.25	0.0	0.0	0.0
1593502437755	0.25	0.0	0.0	0.0
1593502437785	0.25	0.0	0.0	0.0
1593502437814	0.25	0.0	0.0	0.0
1593502437844	0.25	0.0	0.0	0.0
1593502437875	0.25	0.0	0.0	0.0
1593502437905	0.25	0.0	0.0	0.0
1593502437935	0.25	0.0	0.0	0.0
1593502437966	0.25	0.0	0.0	0.0
1593502437995	0.25	0.0	0.0	0.0
1593502438025	0.25	0.0	0.0	0.0
1593502438055	0.25	0.0	0.0	0.0
1593502438084	0.25	0.0	0.0	0.0
1593502438115	0.25	0.0	0.0	0.0
1593502438144	0.25	0.0	0.0	0.0
1593502438174	0.25	0.0	0.0	0.0
1593502438176	0.25	0.0	0.0	0.0
1593502438204	0.25	0.0	0.0	0.0
1593502438234	0.25	0.0	0.0	0.0
1593502438264	0.25	0.0	0.0	0.0
1593502438280	0.0	0.0	0.0	0.0
1593502438294	0.0	0.0	0.0	0.0
1593502438835	0.0	0.0	0.0	-0.25
1593502438880	0.0	0.0	0.0	-0.25
1593502438924	0.0	0.0	0.0	-0.25
1593502438961	0.0	0.0	0.0	-0.25
1593502439001	0.0	0.0	0.0	-0.25
1593502439034	0.0	0.0	0.0	-0.25
1593502439077	0.0	0.0	0.0	-0.25
1593502439112	0.0	0.0	0.0	-0.25
1593502439150	0.0	0.0	0.0	-0.25
1593502439182	0.0	0.0	0.0	-0.25
1593502439224	0.0	0.0	0.0	-0.25
1593502439271	0.0	0.0	0.0	-0.25
1593502439302	0.0	0.0	0.0	-0.25
1593502439332	0.0	0.0	0.0	-0.25
1593502439360	0.0	0.0	0.0	-0.25
1593502439392	0.0	0.0	0.0	-0.25
1593502439421	0.0	0.0	0.0	-0.25
1593502439451	0.0	0.0	0.0	-0.25
1593502439481	0.0	0.0	0.0	-0.25
1593502439511	0.0	0.0	0.0	-0.25
1593502439542	0.0	0.0	0.0	-0.25
1593502439572	0.0	0.0	0.0	-0.25
1593502439602	0.0	0.0	0.0	-0.25
1593502439632	0.0	0.0	0.0	-0.25
1593502439661	0.0	0.0	0.0	-0.25
1593502439692	0.0	0.0	0.0	-0.25
1593502439721	0.0	0.0	0.0	-0.25
1593502439751	0.0	0.0	0.0	-0.25
1593502439781	0.0	0.0	0.0	-0.25
1593502439811	0.0	0.0	0.0	-0.25
1593502439841	0.0	0.0	0.0	-0.25
1593502439871	0.0	0.0	0.0	-0.25
1593502439901	0.0	0.0	0.0	-0.25
1593502439932	0.0	0.0	0.0	-0.25
1593502439962	0.0	0.0	0.0	-0.25
1593502439992	0.0	0.0	0.0	-0.25
1593502440021	0.0	0.0	0.0	-0.25
1593502440050	0.0	0.0	0.0	-0.25
1593502440081	0.0	0.0	0.0	-0.25
1593502440111	0.0	0.0	0.0	-0.25
1593502440140	0.0	0.0	0.0	-0.25
1593502440141	0.0	0.0	0.0	-0.25
1593502440171	0.0	0.0	0.0	-0.25
1593502440172	0.0	0.0	0.0	-0.25
1593502440201	0.0	0.0	0.0	-0.25
1593502440232	0.0	0.0	0.0	-0.25
1593502440262	0.0	0.0	0.0	-0.25
1593502440292	0.0	0.0	0.0	-0.25
1593502440322	0.0	0.0	0.0	-0.25
1593502440351	0.0	0.0	0.0	-0.25
1593502440382	0.0	0.0	0.0	-0.25
1593502440412	0.0	0.0	0.0	-0.25
1593502440442	0.0	0.0	0.0	-0.25
1593502440471	0.0	0.0	0.0	-0.25
1593502440501	0.0	0.0	0.0	-0.25
1593502440532	0.0	0.0	0.0	-0.25
1593502440561	0.0	0.0	0.0	-0.25
1593502440592	0.0	0.0	0.0	-0.25
1593502440621	0.0	0.0	0.0	-0.25
1593502440651	0.0	0.0	0.0	-0.25
1593502440681	0.0	0.0	0.0	-0.25
1593502440711	0.0	0.0	0.0	-0.25
1593502440742	0.0	0.0	0.0	-0.25
1593502440772	0.0	0.0	0.0	-0.25
1593502440802	0.0	0.0	0.0	-0.25
1593502440831	0.0	0.0	0.0	-0.25
1593502440861	0.0	0.0	0.0	-0.25
1593502440892	0.0	0.0	0.0	-0.25
1593502440922	0.0	0.0	0.0	-0.25
1593502440952	0.0	0.0	0.0	-0.25
1593502440982	0.0	0.0	0.0	-0.25
1593502441012	0.0	0.0	0.0	-0.25
1593502441042	0.0	0.0	0.0	-0.25
1593502441072	0.0	0.0	0.0	-0.25
1593502441101	0.0	0.0	0.0	-0.25
1593502441132	0.0	0.0	0.0	-0.25
1593502441161	0.0	0.0	0.0	-0.25
1593502441195	0.0	0.0	0.0	-0.25
1593502441223	0.0	0.0	0.0	-0.25
1593502441253	0.0	0.0	0.0	-0.25
1593502441283	0.0	0.0	0.0	-0.25
1593502441313	0.0	0.0	0.0	-0.25
1593502441343	0.0	0.0	0.0	-0.25
1593502441375	0.0	0.0	0.0	-0.25
1593502441404	0.0	0.0	0.0	-0.25
1593502441435	0.0	0.0	0.0	-0.25
1593502441464	0.0	0.0	0.0	-0.25
1593502441493	0.0	0.0	0.0	-0.25
1593502441524	0.0	0.0	0.0	-0.25
1593502441554	0.0	0.0	0.0	-0.25
1593502441583	0.0	0.0	0.0	-0.25
1593502441613	0.0	0.0	0.0	-0.25
1593502441644	0.0	0.0	0.0	-0.25
1593502441673	0.0	0.0	0.0	-0.25
1593502441704	0.0	0.0	0.0	-0.25
1593502441734	0.0	0.0	0.0	-0.25
1593502441735	0.0	0.0	0.0	-0.25
1593502441763	0.0	0.0	0.0	-0.25
1593502441792	0.0	0.0	0.0	-0.25
1593502441824	0.0	0.0	0.0	-0.25
1593502441854	0.0	0.0	0.0	-0.25
1593502441884	0.0	0.0	0.0	-0.25
1593502441914	0.0	0.0	0.0	-0.25
1593502441944	0.0	0.0	0.0	-0.25
1593502441975	0.0	0.0	0.0	-0.25
1593502442006	0.0	0.0	0.0	-0.25
1593502442036	0.0	0.0	0.0	-0.25
1593502442065	0.0	0.0	0.0	-0.25
1593502442096	0.0	0.0	0.0	-0.25
1593502442124	0.0	0.0	0.0	-0.25
1593502442154	0.0	0.0	0.0	-0.25
1593502442155	0.0	0.0	0.0	-0.25
1593502442185	0.0	0.0	0.0	-0.25
1593502442215	0.0	0.0	0.0	-0.25
1593502442245	0.0	0.0	0.0	-0.25
1593502442276	0.0	0.0	0.0	-0.25
1593502442306	0.0	0.0	0.0	-0.25
1593502442336	0.0	0.0	0.0	-0.25
1593502442366	0.0	0.0	0.0	-0.25
1593502442396	0.0	0.0	0.0	-0.25
1593502442425	0.0	0.0	0.0	-0.25
1593502442457	0.0	0.0	0.0	-0.25
1593502442486	0.0	0.0	0.0	-0.25
1593502442516	0.0	0.0	0.0	-0.25
1593502442546	0.0	0.0	0.0	-0.25
1593502442576	0.0	0.0	0.0	-0.25
1593502442605	0.0	0.0	0.0	-0.25
1593502442636	0.0	0.0	0.0	-0.25
1593502442666	0.0	0.0	0.0	-0.25
1593502442696	0.0	0.0	0.0	-0.25
1593502442726	0.0	0.0	0.0	-0.25
1593502442758	0.0	0.0	0.0	-0.25
1593502442785	0.0	0.0	0.0	-0.25
1593502442815	0.0	0.0	0.0	-0.25
1593502442846	0.0	0.0	0.0	-0.25
1593502442876	0.0	0.0	0.0	-0.25
1593502442906	0.0	0.0	0.0	-0.25
1593502442937	0.0	0.0	0.0	-0.25
1593502442966	0.0	0.0	0.0	-0.25
1593502442996	0.0	0.0	0.0	-0.25
1593502443028	0.0	0.0	0.0	-0.25
1593502443056	0.0	0.0	0.0	-0.25
1593502443086	0.0	0.0	0.0	-0.25
1593502443116	0.0	0.0	0.0	-0.25
1593502443146	0.0	0.0	0.0	-0.25
1593502443177	0.0	0.0	0.0	-0.25
1593502443207	0.0	0.0	0.0	-0.25
1593502443238	0.0	0.0	0.0	-0.25
1593502443266	0.0	0.0	0.0	-0.25
1593502443297	0.0	0.0	0.0	-0.25
1593502443326	0.0	0.0	0.0	-0.25
1593502443358	0.0	0.0	0.0	-0.25
1593502443386	0.0	0.0	0.0	-0.25
1593502443416	0.0	0.0	0.0	-0.25
1593502443447	0.0	0.0	0.0	-0.25
1593502443478	0.0	0.0	0.0	-0.25
1593502443507	0.0	0.0	0.0	-0.25
1593502443538	0.0	0.0	0.0	-0.25
1593502443567	0.0	0.0	0.0	-0.25
1593502443597	0.0	0.0	0.0	-0.25
1593502443627	0.0	0.0	0.0	-0.25
1593502443657	0.0	0.0	0.0	-0.25
1593502443687	0.0	0.0	0.0	-0.25
1593502443717	0.0	0.0	0.0	-0.25
1593502443747	0.0	0.0	0.0	-0.25
1593502443777	0.0	0.0	0.0	-0.25
1593502443808	0.0	0.0	0.0	-0.25
1593502443840	0.0	0.0	0.0	-0.25
1593502443840	0.0	0.0	0.0	-0.25
1593502443867	0.0	0.0	0.0	-0.25
1593502443897	0.0	0.0	0.0	-0.25
1593502443925	0.0	0.0	0.0	-0.25
1593502443957	0.0	0.0	0.0	-0.25
1593502443987	0.0	0.0	0.0	-0.25
1593502444017	0.0	0.0	0.0	-0.25
1593502444048	0.0	0.0	0.0	-0.25
1593502444076	0.0	0.0	0.0	-0.25
1593502444108	0.0	0.0	0.0	-0.25
1593502444137	0.0	0.0	0.0	-0.25
1593502444167	0.0	0.0	0.0	-0.25
1593502444197	0.0	0.0	0.0	-0.25
1593502444227	0.0	0.0	0.0	-0.25
1593502444256	0.0	0.0	0.0	-0.25
1593502444258	0.0	0.0	0.0	-0.25
1593502444287	0.0	0.0	0.0	-0.25
1593502444317	0.0	0.0	0.0	-0.25
1593502444324	0.0	0.0	0.25	0.0
1593502444346	0.0	0.0	0.0	0.0
1593502444363	0.0	0.0	0.0	0.0
1593502444818	0.0	-0.25	0.0	0.0
1593502444847	0.0	-0.25	0.0	0.0
1593502444877	0.0	-0.25	0.0	0.0
1593502444907	0.0	-0.25	0.0	0.0
1593502444937	0.0	-0.25	0.0	0.0
1593502444966	0.0	-0.25	0.0	0.0
1593502444996	0.0	-0.25	0.0	0.0
1593502445027	0.0	-0.25	0.0	0.0
1593502445057	0.0	-0.25	0.0	0.0
1593502445087	0.0	-0.25	0.0	0.0
1593502445117	0.0	-0.25	0.0	0.0
1593502445147	0.0	-0.25	0.0	0.0
1593502445177	0.0	-0.25	0.0	0.0
1593502445207	0.0	-0.25	0.0	0.0
1593502445240	0.0	-0.25	0.0	0.0
1593502445240	0.0	-0.25	0.0	0.0
1593502445267	0.0	-0.25	0.0	0.0
1593502445297	0.0	-0.25	0.0	0.0
1593502445327	0.0	-0.25	0.0	0.0
1593502445358	0.0	-0.25	0.0	0.0
1593502445387	0.0	-0.25	0.0	0.0
1593502445417	0.0	-0.25	0.0	0.0
1593502445447	0.0	-0.25	0.0	0.0
1593502445476	0.0	-0.25	0.0	0.0
1593502445506	0.0	-0.25	0.0	0.0
1593502445537	0.0	-0.25	0.0	0.0
1593502445566	0.0	-0.25	0.0	0.0
1593502445596	0.0	-0.25	0.0	0.0
1593502445625	0.0	-0.25	0.0	0.0
1593502445656	0.0	-0.25	0.0	0.0
1593502445687	0.0	-0.25	0.0	0.0
1593502445710	-0.25	0.0	0.0	0.0
1593502445754	-0.25	0.0	0.0	0.0
1593502445789	-0.25	0.0	0.0	0.0
1593502445821	-0.25	0.0	0.0	0.0
1593502445842	0.0	0.0	0.0	0.0
1593502446530	0.0	0.0	0.0	0.0
1593502446596	0.0	-0.25	0.0	0.0
1593502446637	0.0	-0.25	0.0	0.0
1593502446670	0.0	0.0	0.0	0.0
1593502446771	-0.25	0.0	0.0	0.0
1593502446815	-0.25	0.0	0.0	0.0
1593502446846	-0.25	0.0	0.0	0.0
1593502446877	-0.25	0.0	0.0	0.0
1593502446911	-0.25	0.0	0.0	0.0
1593502446947	-0.25	0.0	0.0	0.0
1593502446982	-0.25	0.0	0.0	0.0
1593502447014	-0.25	0.0	0.0	0.0
1593502447048	-0.25	0.0	0.0	0.0
1593502447084	-0.25	0.0	0.0	0.0
1593502447122	-0.25	0.0	0.0	0.0
1593502447156	-0.25	0.0	0.0	0.0
1593502447190	-0.25	0.0	0.0	0.0
1593502447227	-0.25	0.0	0.0	0.0
1593502447262	-0.25	0.0	0.0	0.0
1593502447293	-0.25	0.0	0.0	0.0
1593502447326	-0.25	0.0	0.0	0.0
1593502447362	-0.25	0.0	0.0	0.0
1593502447393	-0.25	0.0	0.0	0.0
1593502447428	-0.25	0.0	0.0	0.0
1593502447433	0.0	0.0	0.0	0.0
1593502447443	0.0	0.0	0.0	0.0
1593502447801	0.0	-0.25	0.0	0.0
1593502447835	0.0	-0.25	0.0	0.0
1593502447868	0.0	-0.25	0.0	0.0
1593502447907	0.0	-0.25	0.0	0.0
1593502447944	0.0	-0.25	0.0	0.0
1593502447981	0.0	-0.25	0.0	0.0
1593502448018	0.0	-0.25	0.0	0.0
1593502448053	0.0	-0.25	0.0	0.0
1593502448089	0.0	-0.25	0.0	0.0
1593502448123	0.0	-0.25	0.0	0.0
1593502448154	0.0	-0.25	0.0	0.0
1593502448188	0.0	-0.25	0.0	0.0
1593502448224	0.0	-0.25	0.0	0.0
1593502448258	0.0	-0.25	0.0	0.0
1593502448293	0.0	-0.25	0.0	0.0
1593502448298	0.0	-0.25	0.0	0.0
1593502448328	0.0	-0.25	0.0	0.0
1593502448358	0.0	-0.25	0.0	0.0
1593502448389	0.0	-0.25	0.0	0.0
1593502448418	0.0	-0.25	0.0	0.0
1593502448448	0.0	-0.25	0.0	0.0
1593502448477	0.0	-0.25	0.0	0.0
1593502448507	0.0	-0.25	0.0	0.0
1593502448541	0.0	-0.25	0.0	0.0
1593502448567	0.0	-0.25	0.0	0.0
1593502448597	0.0	-0.25	0.0	0.0
1593502448627	0.0	-0.25	0.0	0.0
1593502448657	0.0	-0.25	0.0	0.0
1593502448688	0.0	-0.25	0.0	0.0
1593502448717	0.0	-0.25	0.0	0.0
1593502448747	0.0	-0.25	0.0	0.0
1593502448777	0.0	-0.25	0.0	0.0
1593502448807	0.0	-0.25	0.0	0.0
1593502448838	0.0	-0.25	0.0	0.0
1593502448867	0.0	-0.25	0.0	0.0
1593502448897	0.0	-0.25	0.0	0.0
1593502448926	0.0	-0.25	0.0	0.0
1593502448957	0.0	-0.25	0.0	0.0
1593502448987	0.0	-0.25	0.0	0.0
1593502449016	0.0	-0.25	0.0	0.0
1593502449046	0.0	-0.25	0.0	0.0
1593502449076	0.0	-0.25	0.0	0.0
1593502449106	0.0	-0.25	0.0	0.0
1593502449136	0.0	-0.25	0.0	0.0
1593502449166	0.0	-0.25	0.0	0.0
1593502449196	0.0	-0.25	0.0	0.0
1593502449226	0.0	-0.25	0.0	0.0
1593502449256	0.0	-0.25	0.0	0.0
1593502449287	0.0	-0.25	0.0	0.0
1593502449316	0.0	-0.25	0.0	0.0
1593502449346	0.0	-0.25	0.0	0.0
1593502449376	0.0	-0.25	0.0	0.0
1593502449406	0.0	-0.25	0.0	0.0
1593502449437	0.0	-0.25	0.0	0.0
1593502449466	0.0	-0.25	0.0	0.0
1593502449496	0.0	-0.25	0.0	0.0
1593502449526	0.0	-0.25	0.0	0.0
1593502449556	0.0	-0.25	0.0	0.0
1593502449586	0.0	-0.25	0.0	0.0
1593502449616	0.0	-0.25	0.0	0.0
1593502449646	0.0	-0.25	0.0	0.0
1593502449676	0.0	-0.25	0.0	0.0
1593502449706	0.0	-0.25	0.0	0.0
1593502449737	0.0	-0.25	0.0	0.0
1593502449767	0.0	-0.25	0.0	0.0
1593502449795	0.0	-0.25	0.0	0.0
1593502449825	0.0	-0.25	0.0	0.0
1593502449856	0.0	-0.25	0.0	0.0
1593502449886	0.0	-0.25	0.0	0.0
1593502449915	0.0	-0.25	0.0	0.0
1593502449945	0.0	-0.25	0.0	0.0
1593502449975	0.0	-0.25	0.0	0.0
1593502450005	0.0	-0.25	0.0	0.0
1593502450035	0.0	-0.25	0.0	0.0
1593502450035	0.0	-0.25	0.0	0.0
1593502450065	0.0	-0.25	0.0	0.0
1593502450095	0.0	-0.25	0.0	0.0
1593502450125	0.0	-0.25	0.0	0.0
1593502450155	0.0	-0.25	0.0	0.0
1593502450185	0.0	-0.25	0.0	0.0
1593502450215	0.0	-0.25	0.0	0.0
1593502450216	0.0	-0.25	0.0	0.0
1593502450245	0.0	-0.25	0.0	0.0
1593502450257	0.0	0.0	0.0	0.0
1593502450689	-0.25	0.0	0.0	0.0
1593502450734	-0.25	0.0	0.0	0.0
1593502450765	-0.25	0.0	0.0	0.0
1593502450799	-0.25	0.0	0.0	0.0
1593502450834	-0.25	0.0	0.0	0.0
1593502450841	0.0	0.0	0.0	0.0
1593502450896	-0.25	0.0	0.0	0.0
1593502450934	-0.25	0.0	0.0	0.0
1593502450976	-0.25	0.0	0.0	0.0
1593502451002	0.0	0.0	0.0	0.0
1593502451195	-0.25	0.0	0.0	0.0
1593502451235	-0.25	0.0	0.0	0.0
1593502451275	-0.25	0.0	0.0	0.0
1593502451277	0.0	0.0	0.0	0.0
1593502451348	-0.25	0.0	0.0	0.0
1593502451380	-0.25	0.0	0.0	0.0
1593502451411	-0.25	0.0	0.0	0.0
1593502451434	0.0	0.0	0.0	0.0
1593502451501	-0.25	0.0	0.0	0.0
1593502451545	-0.25	0.0	0.0	0.0
1593502451576	-0.25	0.0	0.0	0.0
1593502451582	0.0	0.0	0.0	0.0
1593502451662	-0.25	0.0	0.0	0.0
1593502451706	-0.25	0.0	0.0	0.0
1593502451736	0.0	0.0	0.0	0.0
1593502451828	-0.25	0.0	0.0	0.0
1593502451861	-0.25	0.0	0.0	0.0
1593502451894	-0.25	0.0	0.0	0.0
1593502451895	0.0	0.0	0.0	0.0
1593502452220	0.0	0.0	0.0	-0.25
1593502452262	0.0	0.0	0.0	-0.25
1593502452296	0.0	0.0	0.0	-0.25
1593502452330	0.0	0.0	0.0	-0.25
1593502452363	0.0	0.0	0.0	-0.25
1593502452398	0.0	0.0	0.0	-0.25
1593502452443	0.0	0.0	0.0	-0.25
1593502452477	0.0	0.0	0.0	-0.25
1593502452512	0.0	0.0	0.0	-0.25
1593502452547	0.0	0.0	0.0	-0.25
1593502452581	0.0	0.0	0.0	-0.25
1593502452617	0.0	0.0	0.0	-0.25
1593502452657	0.0	0.0	0.0	-0.25
1593502452694	0.0	0.0	0.0	-0.25
1593502452720	0.0	0.0	0.0	-0.25
1593502452748	0.0	0.0	0.0	-0.25
1593502452778	0.0	0.0	0.0	-0.25
1593502452807	0.0	0.0	0.0	-0.25
1593502452838	0.0	0.0	0.0	-0.25
1593502452869	0.0	0.0	0.0	-0.25
1593502452898	0.0	0.0	0.0	-0.25
1593502452927	0.0	0.0	0.0	-0.25
1593502452958	0.0	0.0	0.0	-0.25
1593502452987	0.0	0.0	0.0	-0.25
1593502453018	0.0	0.0	0.0	-0.25
1593502453047	0.0	0.0	0.0	-0.25
1593502453077	0.0	0.0	0.0	-0.25
1593502453107	0.0	0.0	0.0	-0.25
1593502453137	0.0	0.0	0.0	-0.25
1593502453170	0.0	0.0	0.0	-0.25
1593502453199	0.0	0.0	0.0	-0.25
1593502453207	0.0	0.0	0.0	0.0
1593502453230	-0.25	0.0	0.0	0.0
1593502453263	-0.25	0.0	0.0	0.0
1593502453289	-0.25	0.0	0.0	0.0
1593502453319	-0.25	0.0	0.0	0.0
1593502453350	-0.25	0.0	0.0	0.0
1593502453380	-0.25	0.0	0.0	0.0
1593502453380	-0.25	0.0	0.0	0.0
1593502453410	-0.25	0.0	0.0	0.0
1593502453439	-0.25	0.0	0.0	0.0
1593502453454	0.0	0.0	0.0	0.0
1593502453891	0.0	0.0	0.0	-0.25
1593502453930	0.0	0.0	0.0	-0.25
1593502453968	0.0	0.0	0.0	-0.25
1593502454006	0.0	0.0	0.0	-0.25
1593502454038	0.0	0.0	0.0	-0.25
1593502454039	0.0	0.0	0.0	0.0
1593502454102	0.0	0.0	0.0	-0.25
1593502454146	0.0	0.0	0.0	-0.25
1593502454171	0.0	0.0	0.0	0.0
1593502454265	0.0	0.0	0.0	-0.25
1593502454310	0.0	0.0	0.0	-0.25
1593502454339	0.0	0.0	0.0	0.0
1593502454431	0.0	0.0	0.0	-0.25
1593502454468	0.0	0.0	0.0	-0.25
1593502454500	0.0	0.0	0.0	-0.25
1593502454517	0.0	0.0	0.0	0.0
1593502454615	0.0	0.0	0.0	-0.25
1593502454648	0.0	0.0	0.0	-0.25
1593502454682	0.0	0.0	0.0	-0.25
1593502454696	0.0	0.0	0.0	0.0
1593502454798	0.0	0.0	0.0	-0.25
1593502454828	0.0	0.0	0.0	-0.25
1593502454864	0.0	0.0	0.0	-0.25
1593502454873	0.0	0.0	0.0	0.0
1593502454981	0.0	0.0	0.0	-0.25
1593502455018	0.0	0.0	0.0	-0.25
1593502455032	0.0	0.0	0.0	0.0
1593502455045	0.0	0.0	0.0	0.0
1593502455939	0.0	-0.25	0.0	0.0
1593502455981	0.0	-0.25	0.0	0.0
1593502456013	0.0	-0.25	0.0	0.0
1593502456059	0.0	-0.25	0.0	0.0
1593502456091	0.0	-0.25	0.0	0.0
1593502456125	0.0	-0.25	0.0	0.0
1593502456161	0.0	-0.25	0.0	0.0
1593502456196	0.0	-0.25	0.0	0.0
1593502456230	0.0	-0.25	0.0	0.0
1593502456263	0.0	-0.25	0.0	0.0
1593502456296	0.0	-0.25	0.0	0.0
1593502456329	0.0	-0.25	0.0	0.0
1593502456370	0.0	-0.25	0.0	0.0
1593502456407	0.0	-0.25	0.0	0.0
1593502456438	0.0	-0.25	0.0	0.0
1593502456468	0.0	-0.25	0.0	0.0
1593502456497	0.0	-0.25	0.0	0.0
1593502456527	0.0	-0.25	0.0	0.0
1593502456557	0.0	-0.25	0.0	0.0
1593502456587	0.0	-0.25	0.0	0.0
1593502456616	0.0	-0.25	0.0	0.0
1593502456646	0.0	-0.25	0.0	0.0
1593502456677	0.0	-0.25	0.0	0.0
1593502456707	0.0	-0.25	0.0	0.0
1593502456737	0.0	-0.25	0.0	0.0
1593502456767	0.0	-0.25	0.0	0.0
1593502456797	0.0	-0.25	0.0	0.0
1593502456827	0.0	-0.25	0.0	0.0
1593502456857	0.0	-0.25	0.0	0.0
1593502456887	0.0	-0.25	0.0	0.0
1593502456917	0.0	-0.25	0.0	0.0
1593502456947	0.0	-0.25	0.0	0.0
1593502456977	0.0	-0.25	0.0	0.0
1593502457007	0.0	-0.25	0.0	0.0
1593502457037	0.0	-0.25	0.0	0.0
1593502457073	0.0	-0.25	0.0	0.0
1593502457097	0.0	-0.25	0.0	0.0
1593502457127	0.0	-0.25	0.0	0.0
1593502457157	0.0	-0.25	0.0	0.0
1593502457187	0.0	-0.25	0.0	0.0
1593502457217	0.0	-0.25	0.0	0.0
1593502457247	0.0	-0.25	0.0	0.0
1593502457277	0.0	-0.25	0.0	0.0
1593502457307	0.0	-0.25	0.0	0.0
1593502457337	0.0	-0.25	0.0	0.0
1593502457368	0.0	-0.25	0.0	0.0
1593502457395	0.0	-0.25	0.0	0.0
1593502457427	0.0	-0.25	0.0	0.0
1593502457457	0.0	-0.25	0.0	0.0
1593502457487	0.0	-0.25	0.0	0.0
1593502457517	0.0	-0.25	0.0	0.0
1593502457547	0.0	-0.25	0.0	0.0
1593502457577	0.0	-0.25	0.0	0.0
1593502457607	0.0	-0.25	0.0	0.0
1593502457636	0.0	-0.25	0.0	0.0
1593502457666	0.0	-0.25	0.0	0.0
1593502457696	0.0	-0.25	0.0	0.0
1593502457726	0.0	-0.25	0.0	0.0
1593502457756	0.0	-0.25	0.0	0.0
1593502457787	0.0	-0.25	0.0	0.0
1593502457818	0.0	-0.25	0.0	0.0
1593502457847	0.0	-0.25	0.0	0.0
1593502457876	0.0	-0.25	0.0	0.0
1593502457906	0.0	-0.25	0.0	0.0
1593502457936	0.0	-0.25	0.0	0.0
1593502457967	0.0	-0.25	0.0	0.0
1593502457996	0.0	-0.25	0.0	0.0
1593502458026	0.0	-0.25	0.0	0.0
1593502458056	0.0	-0.25	0.0	0.0
1593502458085	0.0	-0.25	0.0	0.0
1593502458116	0.0	-0.25	0.0	0.0
1593502458146	0.0	-0.25	0.0	0.0
1593502458175	0.0	-0.25	0.0	0.0
1593502458206	0.0	-0.25	0.0	0.0
1593502458236	0.0	-0.25	0.0	0.0
1593502458266	0.0	-0.25	0.0	0.0
1593502458267	0.0	-0.25	0.0	0.0
1593502458296	0.0	-0.25	0.0	0.0
1593502458326	0.0	-0.25	0.0	0.0
1593502458355	0.0	-0.25	0.0	0.0
1593502458386	0.0	-0.25	0.0	0.0
1593502458417	0.0	-0.25	0.0	0.0
1593502458444	0.0	-0.25	0.0	0.0
1593502458475	0.0	-0.25	0.0	0.0
1593502458504	0.0	-0.25	0.0	0.0
1593502458535	0.0	-0.25	0.0	0.0
1593502458566	0.0	-0.25	0.0	0.0
1593502458595	0.0	-0.25	0.0	0.0
1593502458625	0.0	-0.25	0.0	0.0
1593502458656	0.0	0.0	0.0	0.0
1593502459091	0.0	-0.25	0.0	0.0
1593502459130	0.0	-0.25	0.0	0.0
1593502459165	0.0	-0.25	0.0	0.0
1593502459199	0.0	-0.25	0.0	0.0
1593502459236	0.0	-0.25	0.0	0.0
1593502459274	0.0	-0.25	0.0	0.0
1593502459312	0.0	-0.25	0.0	0.0
1593502459348	0.0	-0.25	0.0	0.0
1593502459385	0.0	-0.25	0.0	0.0
1593502459431	0.0	-0.25	0.0	0.0
1593502459473	0.0	-0.25	0.0	0.0
1593502459506	0.0	-0.25	0.0	0.0
1593502459545	0.0	-0.25	0.0	0.0
1593502459577	0.0	-0.25	0.0	0.0
1593502459591	0.0	-0.25	0.0	0.0
1593502459621	0.0	-0.25	0.0	0.0
1593502459650	0.0	-0.25	0.0	0.0
1593502459681	0.0	-0.25	0.0	0.0
1593502459710	0.0	-0.25	0.0	0.0
1593502459740	0.0	-0.25	0.0	0.0
1593502459773	0.0	-0.25	0.0	0.0
1593502459800	0.0	-0.25	0.0	0.0
1593502459832	0.0	-0.25	0.0	0.0
1593502459860	0.0	-0.25	0.0	0.0
1593502459890	0.0	-0.25	0.0	0.0
1593502459920	0.0	-0.25	0.0	0.0
1593502459950	0.0	-0.25	0.0	0.0
1593502459981	0.0	-0.25	0.0	0.0
1593502460010	0.0	-0.25	0.0	0.0
1593502460041	0.0	-0.25	0.0	0.0
1593502460071	0.0	-0.25	0.0	0.0
1593502460100	0.0	-0.25	0.0	0.0
1593502460129	0.0	-0.25	0.0	0.0
1593502460132	0.0	-0.25	0.0	0.0
1593502460160	0.0	-0.25	0.0	0.0
1593502460191	0.0	-0.25	0.0	0.0
1593502460220	0.0	-0.25	0.0	0.0
1593502460251	0.0	-0.25	0.0	0.0
1593502460282	0.0	-0.25	0.0	0.0
1593502460312	0.0	-0.25	0.0	0.0
1593502460342	0.0	-0.25	0.0	0.0
1593502460373	0.0	-0.25	0.0	0.0
1593502460402	0.0	-0.25	0.0	0.0
1593502460433	0.0	-0.25	0.0	0.0
1593502460462	0.0	-0.25	0.0	0.0
1593502460492	0.0	-0.25	0.0	0.0
1593502460522	0.0	-0.25	0.0	0.0
1593502460552	0.0	-0.25	0.0	0.0
1593502460582	0.0	-0.25	0.0	0.0
1593502460612	0.0	-0.25	0.0	0.0
1593502460641	0.0	-0.25	0.0	0.0
1593502460674	0.0	-0.25	0.0	0.0
1593502460674	0.0	-0.25	0.0	0.0
1593502460702	0.0	-0.25	0.0	0.0
1593502460732	0.0	-0.25	0.0	0.0
1593502460753	0.0	0.0	0.0	0.0
1593502461077	0.0	0.25	0.0	0.0
1593502461110	0.0	0.25	0.0	0.0
1593502461144	0.0	0.25	0.0	0.0
1593502461184	0.0	0.25	0.0	0.0
1593502461221	0.0	0.25	0.0	0.0
1593502461259	0.0	0.25	0.0	0.0
1593502461298	0.0	0.25	0.0	0.0
1593502461333	0.0	0.25	0.0	0.0
1593502461365	0.0	0.25	0.0	0.0
1593502461398	0.0	0.25	0.0	0.0
1593502461439	0.0	0.25	0.0	0.0
1593502461473	0.0	0.25	0.0	0.0
1593502461507	0.0	0.25	0.0	0.0
1593502461553	0.0	0.25	0.0	0.0
1593502461575	0.0	0.25	0.0	0.0
1593502461607	0.0	0.25	0.0	0.0
1593502461636	0.0	0.25	0.0	0.0
1593502461665	0.0	0.25	0.0	0.0
1593502461696	0.0	0.25	0.0	0.0
1593502461726	0.0	0.25	0.0	0.0
1593502461756	0.0	0.25	0.0	0.0
1593502461786	0.0	0.25	0.0	0.0
1593502461816	0.0	0.25	0.0	0.0
1593502461846	0.0	0.25	0.0	0.0
1593502461876	0.0	0.25	0.0	0.0
1593502461876	0.0	0.25	0.0	0.0
1593502461906	0.0	0.25	0.0	0.0
1593502461936	0.0	0.25	0.0	0.0
1593502461966	0.0	0.25	0.0	0.0
1593502461996	0.0	0.25	0.0	0.0
1593502462025	0.0	0.25	0.0	0.0
1593502462056	0.0	0.25	0.0	0.0
1593502462085	0.0	0.25	0.0	0.0
1593502462107	0.0	0.0	0.0	0.0
1593502462683	0.0	0.0	0.0	-0.25
1593502462731	0.0	0.0	0.0	-0.25
1593502462771	0.0	0.0	0.0	-0.25
1593502462803	0.0	0.0	0.0	-0.25
1593502462835	0.0	0.0	0.0	-0.25
1593502462880	0.0	0.0	0.0	-0.25
1593502462917	0.0	0.0	0.0	-0.25
1593502462958	0.0	0.0	0.0	-0.25
1593502462990	0.0	0.0	0.0	-0.25
1593502463023	0.0	0.0	0.0	-0.25
1593502463054	0.0	0.0	0.0	-0.25
1593502463088	0.0	0.0	0.0	-0.25
1593502463118	0.0	0.0	0.0	-0.25
1593502463150	0.0	0.0	0.0	-0.25
1593502463181	0.0	0.0	0.0	-0.25
1593502463184	0.0	0.0	0.0	-0.25
1593502463214	0.0	0.0	0.0	-0.25
1593502463244	0.0	0.0	0.0	-0.25
1593502463274	0.0	0.0	0.0	-0.25
1593502463304	0.0	0.0	0.0	-0.25
1593502463334	0.0	0.0	0.0	-0.25
1593502463365	0.0	0.0	0.0	-0.25
1593502463393	0.0	0.0	0.0	-0.25
1593502463423	0.0	0.0	0.0	-0.25
1593502463453	0.0	0.0	0.0	-0.25
1593502463483	0.0	0.0	0.0	-0.25
1593502463514	0.0	0.0	0.0	-0.25
1593502463544	0.0	0.0	0.0	-0.25
1593502463575	0.0	0.0	0.0	-0.25
1593502463604	0.0	0.0	0.0	-0.25
1593502463634	0.0	0.0	0.0	-0.25
1593502463663	0.0	0.0	0.0	-0.25
1593502463694	0.0	0.0	0.0	-0.25
1593502463724	0.0	0.0	0.0	-0.25
1593502463754	0.0	0.0	0.0	-0.25
1593502463784	0.0	0.0	0.0	-0.25
1593502463814	0.0	0.0	0.0	-0.25
1593502463844	0.0	0.0	0.0	-0.25
1593502463874	0.0	0.0	0.0	-0.25
1593502463903	0.0	0.0	0.0	-0.25
1593502463933	0.0	0.0	0.0	-0.25
1593502463964	0.0	0.0	0.0	-0.25
1593502463993	0.0	0.0	0.0	-0.25
1593502464023	0.0	0.0	0.0	-0.25
1593502464054	0.0	0.0	0.0	-0.25
1593502464084	0.0	0.0	0.0	-0.25
1593502464114	0.0	0.0	0.0	-0.25
1593502464143	0.0	0.0	0.0	-0.25
1593502464174	0.0	0.0	0.0	-0.25
1593502464203	0.0	0.0	0.0	-0.25
1593502464234	0.0	0.0	0.0	-0.25
1593502464264	0.0	0.0	0.0	-0.25
1593502464293	0.0	0.0	0.0	-0.25
1593502464323	0.0	0.0	0.0	-0.25
1593502464353	0.0	0.0	0.0	-0.25
1593502464383	0.0	0.0	0.0	-0.25
1593502464414	0.0	0.0	0.0	-0.25
1593502464443	0.0	0.0	0.0	-0.25
1593502464474	0.0	0.0	0.0	-0.25
1593502464504	0.0	0.0	0.0	-0.25
1593502464533	0.0	0.0	0.0	-0.25
1593502464564	0.0	0.0	0.0	-0.25
1593502464593	0.0	0.0	0.0	-0.25
1593502464623	0.0	0.0	0.0	-0.25
1593502464652	0.0	0.0	0.0	-0.25
1593502464683	0.0	0.0	0.0	-0.25
1593502464713	0.0	0.0	0.0	-0.25
1593502464744	0.0	0.0	0.0	-0.25
1593502464775	0.0	0.0	0.0	-0.25
1593502464803	0.0	0.0	0.0	-0.25
1593502464834	0.0	0.0	0.0	-0.25
1593502464863	0.0	0.0	0.0	-0.25
1593502464863	0.0	0.0	0.0	-0.25
1593502464893	0.0	0.0	0.0	-0.25
1593502464923	0.0	0.0	0.0	-0.25
1593502464953	0.0	0.0	0.0	-0.25
1593502464984	0.0	0.0	0.0	-0.25
1593502465014	0.0	0.0	0.0	-0.25
1593502465044	0.0	0.0	0.0	-0.25
1593502465075	0.0	0.0	0.0	-0.25
1593502465104	0.0	0.0	0.0	-0.25
1593502465134	0.0	0.0	0.0	-0.25
1593502465164	0.0	0.0	0.0	-0.25
1593502465194	0.0	0.0	0.0	-0.25
1593502465224	0.0	0.0	0.0	-0.25
1593502465254	0.0	0.0	0.0	-0.25
1593502465284	0.0	0.0	0.0	-0.25
1593502465314	0.0	0.0	0.0	-0.25
1593502465346	0.0	0.0	0.0	-0.25
1593502465376	0.0	0.0	0.0	-0.25
1593502465404	0.0	0.0	0.0	-0.25
1593502465435	0.0	0.0	0.0	-0.25
1593502465464	0.0	0.0	0.0	-0.25
1593502465495	0.0	0.0	0.0	-0.25
1593502465524	0.0	0.0	0.0	-0.25
1593502465554	0.0	0.0	0.0	-0.25
1593502465584	0.0	0.0	0.0	-0.25
1593502465614	0.0	0.0	0.0	-0.25
1593502465645	0.0	0.0	0.0	-0.25
1593502465674	0.0	0.0	0.0	-0.25
1593502465704	0.0	0.0	0.0	-0.25
1593502465734	0.0	0.0	0.0	-0.25
1593502465764	0.0	0.0	0.0	-0.25
1593502465794	0.0	0.0	0.0	-0.25
1593502465794	0.0	0.0	0.0	-0.25
1593502465824	0.0	0.0	0.0	-0.25
1593502465854	0.0	0.0	0.0	-0.25
1593502465884	0.0	0.0	0.0	-0.25
1593502465915	0.0	0.0	0.0	-0.25
1593502465947	0.0	0.0	0.0	-0.25
1593502465975	0.0	0.0	0.0	-0.25
1593502466005	0.0	0.0	0.0	-0.25
1593502466036	0.0	0.0	0.0	-0.25
1593502466066	0.0	0.0	0.0	-0.25
1593502466097	0.0	0.0	0.0	-0.25
1593502466125	0.0	0.0	0.0	-0.25
1593502466154	0.0	0.0	0.0	-0.25
1593502466184	0.0	0.0	0.0	-0.25
1593502466214	0.0	0.0	0.0	-0.25
1593502466245	0.0	0.0	0.0	-0.25
1593502466276	0.0	0.0	0.0	-0.25
1593502466305	0.0	0.0	0.0	-0.25
1593502466335	0.0	0.0	0.0	-0.25
1593502466365	0.0	0.0	0.0	-0.25
1593502466395	0.0	0.0	0.0	-0.25
1593502466425	0.0	0.0	0.0	-0.25
1593502466455	0.0	0.0	0.0	-0.25
1593502466485	0.0	0.0	0.0	-0.25
1593502466515	0.0	0.0	0.0	-0.25
1593502466545	0.0	0.0	0.0	-0.25
1593502466575	0.0	0.0	0.0	-0.25
1593502466604	0.0	0.0	0.0	-0.25
1593502466635	0.0	0.0	0.0	-0.25
1593502466664	0.0	0.0	0.0	-0.25
1593502466695	0.0	0.0	0.0	-0.25
1593502466724	0.0	0.0	0.0	-0.25
1593502466754	0.0	0.0	0.0	-0.25
1593502466785	0.0	0.0	0.0	-0.25
1593502466815	0.0	0.0	0.0	-0.25
1593502466846	0.0	0.0	0.0	-0.25
1593502466875	0.0	0.0	0.0	-0.25
1593502466876	0.0	0.0	0.0	-0.25
1593502466905	0.0	0.0	0.0	-0.25
1593502466935	0.0	0.0	0.0	-0.25
1593502466955	0.0	0.0	-0.25	0.0
1593502466965	0.0	0.0	0.0	0.0
1593502466975	0.0	0.0	0.0	0.0
1593502467147	0.25	0.0	0.0	0.0
1593502467176	0.25	0.0	0.0	0.0
1593502467210	0.25	0.0	0.0	0.0
1593502467243	0.25	0.0	0.0	0.0
1593502467275	0.25	0.0	0.0	0.0
1593502467307	0.25	0.0	0.0	0.0
1593502467350	0.25	0.0	0.0	0.0
1593502467382	0.25	0.0	0.0	0.0
1593502467413	0.25	0.0	0.0	0.0
1593502467447	0.25	0.0	0.0	0.0
1593502467480	0.25	0.0	0.0	0.0
1593502467513	0.25	0.0	0.0	0.0
1593502467550	0.25	0.0	0.0	0.0
1593502467595	0.25	0.0	0.0	0.0
1593502467629	0.25	0.0	0.0	0.0
1593502467644	0.25	0.0	0.0	0.0
1593502467673	0.25	0.0	0.0	0.0
1593502467703	0.25	0.0	0.0	0.0
1593502467732	0.25	0.0	0.0	0.0
1593502467763	0.25	0.0	0.0	0.0
1593502467793	0.25	0.0	0.0	0.0
1593502467822	0.25	0.0	0.0	0.0
1593502467853	0.25	0.0	0.0	0.0
1593502467882	0.25	0.0	0.0	0.0
1593502467913	0.25	0.0	0.0	0.0
1593502467942	0.25	0.0	0.0	0.0
1593502467973	0.25	0.0	0.0	0.0
1593502468002	0.25	0.0	0.0	0.0
1593502468033	0.25	0.0	0.0	0.0
1593502468061	0.25	0.0	0.0	0.0
1593502468092	0.25	0.0	0.0	0.0
1593502468121	0.25	0.0	0.0	0.0
1593502468152	0.25	0.0	0.0	0.0
1593502468182	0.25	0.0	0.0	0.0
1593502468213	0.25	0.0	0.0	0.0
1593502468242	0.25	0.0	0.0	0.0
1593502468272	0.25	0.0	0.0	0.0
1593502468303	0.25	0.0	0.0	0.0
1593502468315	0.0	0.0	0.0	0.0
1593502468328	0.0	0.0	0.0	0.0
1593502468474	0.0	0.25	0.0	0.0
1593502468505	0.0	0.25	0.0	0.0
1593502468536	0.0	0.25	0.0	0.0
1593502468573	0.0	0.25	0.0	0.0
1593502468604	0.0	0.25	0.0	0.0
1593502468637	0.0	0.25	0.0	0.0
1593502468679	0.0	0.25	0.0	0.0
1593502468714	0.0	0.25	0.0	0.0
1593502468755	0.0	0.25	0.0	0.0
1593502468793	0.0	0.25	0.0	0.0
1593502468830	0.0	0.25	0.0	0.0
1593502468865	0.0	0.25	0.0	0.0
1593502468897	0.0	0.25	0.0	0.0
1593502468930	0.0	0.25	0.0	0.0
1593502468962	0.0	0.25	0.0	0.0
1593502468974	0.0	0.25	0.0	0.0
1593502469004	0.0	0.25	0.0	0.0
1593502469034	0.0	0.25	0.0	0.0
1593502469063	0.0	0.25	0.0	0.0
1593502469097	0.0	0.25	0.0	0.0
1593502469124	0.0	0.25	0.0	0.0
1593502469154	0.0	0.25	0.0	0.0
1593502469184	0.0	0.25	0.0	0.0
1593502469214	0.0	0.25	0.0	0.0
1593502469245	0.0	0.25	0.0	0.0
1593502469255	0.0	0.0	0.0	0.0
1593502469290	0.25	0.0	0.0	0.0
1593502469325	0.25	0.0	0.0	0.0
1593502469358	0.25	0.0	0.0	0.0
1593502469397	0.25	0.0	0.0	0.0
1593502469435	0.25	0.0	0.0	0.0
1593502469467	0.25	0.0	0.0	0.0
1593502469498	0.25	0.0	0.0	0.0
1593502469529	0.25	0.0	0.0	0.0
1593502469566	0.25	0.0	0.0	0.0
1593502469603	0.25	0.0	0.0	0.0
1593502469628	0.0	0.0	0.0	0.0
1593502469846	0.0	0.0	0.0	-0.25
1593502469876	0.0	0.0	0.0	-0.25
1593502469908	0.0	0.0	0.0	-0.25
1593502469954	0.0	0.0	0.0	-0.25
1593502469988	0.0	0.0	0.0	-0.25
1593502470024	0.0	0.0	0.0	-0.25
1593502470057	0.0	0.0	0.0	-0.25
1593502470093	0.0	0.0	0.0	-0.25
1593502470127	0.0	0.0	0.0	-0.25
1593502470158	0.0	0.0	0.0	-0.25
1593502470192	0.0	0.0	0.0	-0.25
1593502470227	0.0	0.0	0.0	-0.25
1593502470259	0.0	0.0	0.0	-0.25
1593502470291	0.0	0.0	0.0	-0.25
1593502470328	0.0	0.0	0.0	-0.25
1593502470343	0.0	0.0	0.0	-0.25
1593502470372	0.0	0.0	0.0	-0.25
1593502470402	0.0	0.0	0.0	-0.25
1593502470432	0.0	0.0	0.0	-0.25
1593502470462	0.0	0.0	0.0	-0.25
1593502470494	0.0	0.0	0.0	-0.25
1593502470523	0.0	0.0	0.0	-0.25
1593502470552	0.0	0.0	0.0	-0.25
1593502470582	0.0	0.0	0.0	-0.25
1593502470613	0.0	0.0	0.0	-0.25
1593502470643	0.0	0.0	0.0	-0.25
1593502470672	0.0	0.0	0.0	-0.25
1593502470702	0.0	0.0	0.0	-0.25
1593502470732	0.0	0.0	0.0	-0.25
1593502470762	0.0	0.0	0.0	-0.25
1593502470791	0.0	0.0	0.0	-0.25
1593502470822	0.0	0.0	0.0	-0.25
1593502470852	0.0	0.0	0.0	-0.25
1593502470883	0.0	0.0	0.0	-0.25
1593502470913	0.0	0.0	0.0	-0.25
1593502470944	0.0	0.0	0.0	-0.25
1593502470972	0.0	0.0	0.0	-0.25
1593502471002	0.0	0.0	0.0	-0.25
1593502471032	0.0	0.0	0.0	-0.25
1593502471062	0.0	0.0	0.0	-0.25
1593502471093	0.0	0.0	0.0	-0.25
1593502471111	0.0	0.0	0.0	0.0
1593502471122	0.0	0.0	0.0	0.0
1593502471132	0.0	-0.25	0.0	0.0
1593502471174	0.0	-0.25	0.0	0.0
1593502471211	0.0	-0.25	0.0	0.0
1593502471253	0.0	-0.25	0.0	0.0
1593502471291	0.0	-0.25	0.0	0.0
1593502471325	0.0	-0.25	0.0	0.0
1593502471360	0.0	-0.25	0.0	0.0
1593502471392	0.0	-0.25	0.0	0.0
1593502471430	0.0	-0.25	0.0	0.0
1593502471462	0.0	-0.25	0.0	0.0
1593502471494	0.0	-0.25	0.0	0.0
1593502471534	0.0	-0.25	0.0	0.0
1593502471569	0.0	-0.25	0.0	0.0
1593502471610	0.0	-0.25	0.0	0.0
1593502471629	0.0	0.0	0.0	0.0
1593502471766	0.0	0.0	0.0	-0.25
1593502471806	0.0	0.0	0.0	-0.25
1593502471841	0.0	0.0	0.0	-0.25
1593502471881	0.0	0.0	0.0	-0.25
1593502471915	0.0	0.0	0.0	-0.25
1593502471946	0.0	0.0	0.0	-0.25
1593502471988	0.0	0.0	0.0	-0.25
1593502472029	0.0	0.0	0.0	-0.25
1593502472063	0.0	0.0	0.0	-0.25
1593502472104	0.0	0.0	0.0	-0.25
1593502472138	0.0	0.0	0.0	-0.25
1593502472170	0.0	0.0	0.0	-0.25
1593502472201	0.0	0.0	0.0	-0.25
1593502472235	0.0	0.0	0.0	-0.25
1593502472262	0.0	0.0	0.0	-0.25
1593502472292	0.0	0.0	0.0	-0.25
1593502472322	0.0	0.0	0.0	-0.25
1593502472351	0.0	0.0	0.0	-0.25
1593502472382	0.0	0.0	0.0	-0.25
1593502472412	0.0	0.0	0.0	-0.25
1593502472450	0.0	0.0	0.0	-0.25
1593502472472	0.0	0.0	0.0	-0.25
1593502472503	0.0	0.0	0.0	-0.25
1593502472532	0.0	0.0	0.0	-0.25
1593502472563	0.0	0.0	0.0	-0.25
1593502472593	0.0	0.0	0.0	-0.25
1593502472623	0.0	0.0	0.0	-0.25
1593502472653	0.0	0.0	0.0	-0.25
1593502472682	0.0	0.0	0.0	-0.25
1593502472712	0.0	0.0	0.0	-0.25
1593502472743	0.0	0.0	0.0	-0.25
1593502472772	0.0	0.0	0.0	-0.25
1593502472801	0.0	0.0	0.0	-0.25
1593502472832	0.0	0.0	0.0	-0.25
1593502472862	0.0	0.0	0.0	-0.25
1593502472892	0.0	0.0	0.0	-0.25
1593502472922	0.0	0.0	0.0	-0.25
1593502472952	0.0	0.0	0.0	-0.25
1593502472982	0.0	0.0	0.0	-0.25
1593502473012	0.0	0.0	0.0	-0.25
1593502473042	0.0	0.0	0.0	-0.25
1593502473076	0.0	0.0	0.0	-0.25
1593502473101	0.0	0.0	0.0	-0.25
1593502473132	0.0	0.0	0.0	-0.25
1593502473162	0.0	0.0	0.0	-0.25
1593502473192	0.0	0.0	0.0	-0.25
1593502473222	0.0	0.0	0.0	-0.25
1593502473251	0.0	0.0	0.0	-0.25
1593502473282	0.0	0.0	0.0	-0.25
1593502473311	0.0	0.0	0.0	-0.25
1593502473342	0.0	0.0	0.0	-0.25
1593502473371	0.0	0.0	0.0	-0.25
1593502473402	0.0	0.0	0.0	-0.25
1593502473431	0.0	0.0	0.0	-0.25
1593502473462	0.0	0.0	0.0	-0.25
1593502473492	0.0	0.0	0.0	-0.25
1593502473521	0.0	0.0	0.0	-0.25
1593502473556	0.0	0.0	0.0	-0.25
1593502473558	0.0	0.0	0.0	-0.25
1593502473581	0.0	0.0	0.0	-0.25
1593502473612	0.0	0.0	0.0	-0.25
1593502473643	0.0	0.0	0.0	-0.25
1593502473672	0.0	0.0	0.0	-0.25
1593502473702	0.0	0.0	0.0	-0.25
1593502473731	0.0	0.0	0.0	-0.25
1593502473762	0.0	0.0	0.0	-0.25
1593502473792	0.0	0.0	0.0	-0.25
1593502473822	0.0	0.0	0.0	-0.25
1593502473824	0.0	0.0	0.0	-0.25
1593502473852	0.0	0.0	0.0	-0.25
1593502473882	0.0	0.0	0.0	-0.25
1593502473911	0.0	0.0	0.0	-0.25
1593502473941	0.0	0.0	0.0	-0.25
1593502473972	0.0	0.0	0.0	-0.25
1593502474002	0.0	0.0	0.0	-0.25
1593502474032	0.0	0.0	0.0	-0.25
1593502474062	0.0	0.0	0.0	-0.25
1593502474092	0.0	0.0	0.0	-0.25
1593502474122	0.0	0.0	0.0	-0.25
1593502474151	0.0	0.0	0.0	-0.25
1593502474181	0.0	0.0	0.0	-0.25
1593502474211	0.0	0.0	0.0	-0.25
1593502474243	0.0	0.0	0.0	-0.25
1593502474271	0.0	0.0	0.0	-0.25
1593502474301	0.0	0.0	0.0	-0.25
1593502474331	0.0	0.0	0.0	-0.25
1593502474362	0.0	0.0	0.0	-0.25
1593502474392	0.0	0.0	0.0	-0.25
1593502474422	0.0	0.0	0.0	-0.25
1593502474451	0.0	0.0	0.0	-0.25
1593502474481	0.0	0.0	0.0	-0.25
1593502474511	0.0	0.0	0.0	-0.25
1593502474542	0.0	0.0	0.0	-0.25
1593502474571	0.0	0.0	0.0	-0.25
1593502474601	0.0	0.0	0.0	-0.25
1593502474631	0.0	0.0	0.0	-0.25
1593502474661	0.0	0.0	0.0	-0.25
1593502474690	0.0	0.0	0.0	-0.25
1593502474721	0.0	0.0	0.0	-0.25
1593502474750	0.0	0.0	0.0	-0.25
1593502474781	0.0	0.0	0.0	-0.25
1593502474811	0.0	0.0	0.0	-0.25
1593502474843	0.0	0.0	0.0	-0.25
1593502474870	0.0	0.0	0.0	-0.25
1593502474900	0.0	0.0	0.0	-0.25
1593502474930	0.0	0.0	0.0	-0.25
1593502474954	0.0	0.0	0.0	0.0
1593502474960	-0.25	0.0	0.0	0.0
1593502474969	0.0	0.0	0.0	0.0
1593502476270	-0.25	0.0	0.0	0.0
1593502476312	-0.25	0.0	0.0	0.0
1593502476348	-0.25	0.0	0.0	0.0
1593502476384	-0.25	0.0	0.0	0.0
1593502476418	-0.25	0.0	0.0	0.0
1593502476458	-0.25	0.0	0.0	0.0
1593502476499	-0.25	0.0	0.0	0.0
1593502476535	-0.25	0.0	0.0	0.0
1593502476574	-0.25	0.0	0.0	0.0
1593502476609	-0.25	0.0	0.0	0.0
1593502476612	0.0	0.0	0.0	0.0
1593502476726	0.25	0.0	0.0	0.0
1593502476762	0.25	0.0	0.0	0.0
1593502476795	0.25	0.0	0.0	0.0
1593502476832	0.25	0.0	0.0	0.0
1593502476867	0.25	0.0	0.0	0.0
1593502476898	0.25	0.0	0.0	0.0
1593502476929	0.25	0.0	0.0	0.0
1593502476965	0.25	0.0	0.0	0.0
1593502477004	0.25	0.0	0.0	0.0
1593502477042	0.25	0.0	0.0	0.0
1593502477077	0.25	0.0	0.0	0.0
1593502477131	0.25	0.0	0.0	0.0
1593502477165	0.25	0.0	0.0	0.0
1593502477206	0.25	0.0	0.0	0.0
1593502477223	0.25	0.0	0.0	0.0
1593502477251	0.25	0.0	0.0	0.0
1593502477282	0.25	0.0	0.0	0.0
1593502477312	0.25	0.0	0.0	0.0
1593502477342	0.25	0.0	0.0	0.0
1593502477372	0.25	0.0	0.0	0.0
1593502477372	0.25	0.0	0.0	0.0
1593502477402	0.25	0.0	0.0	0.0
1593502477432	0.25	0.0	0.0	0.0
1593502477468	0.25	0.0	0.0	0.0
1593502477493	0.25	0.0	0.0	0.0
1593502477523	0.25	0.0	0.0	0.0
1593502477553	0.25	0.0	0.0	0.0
1593502477583	0.25	0.0	0.0	0.0
1593502477613	0.25	0.0	0.0	0.0
1593502477643	0.25	0.0	0.0	0.0
1593502477674	0.25	0.0	0.0	0.0
1593502477703	0.25	0.0	0.0	0.0
1593502477733	0.25	0.0	0.0	0.0
1593502477763	0.25	0.0	0.0	0.0
1593502477793	0.25	0.0	0.0	0.0
1593502477823	0.25	0.0	0.0	0.0
1593502477824	0.25	0.0	0.0	0.0
1593502477853	0.25	0.0	0.0	0.0
1593502477883	0.25	0.0	0.0	0.0
1593502477913	0.25	0.0	0.0	0.0
1593502477943	0.25	0.0	0.0	0.0
1593502477974	0.25	0.0	0.0	0.0
1593502478003	0.25	0.0	0.0	0.0
1593502478033	0.25	0.0	0.0	0.0
1593502478062	0.25	0.0	0.0	0.0
1593502478092	0.25	0.0	0.0	0.0
1593502478123	0.25	0.0	0.0	0.0
1593502478153	0.25	0.0	0.0	0.0
1593502478183	0.25	0.0	0.0	0.0
1593502478206	0.0	0.0	0.0	0.0
1593502478919	0.0	-0.25	0.0	0.0
1593502478950	0.0	0.0	0.0	0.0
1593502479180	0.0	-0.25	0.0	0.0
1593502479217	0.0	-0.25	0.0	0.0
1593502479248	0.0	-0.25	0.0	0.0
1593502479282	0.0	-0.25	0.0	0.0
1593502479313	0.0	-0.25	0.0	0.0
1593502479345	0.0	-0.25	0.0	0.0
1593502479386	0.0	-0.25	0.0	0.0
1593502479419	0.0	-0.25	0.0	0.0
1593502479456	0.0	-0.25	0.0	0.0
1593502479487	0.0	-0.25	0.0	0.0
1593502479521	0.0	-0.25	0.0	0.0
1593502479563	0.0	-0.25	0.0	0.0
1593502479595	0.0	-0.25	0.0	0.0
1593502479626	0.0	-0.25	0.0	0.0
1593502479663	0.0	-0.25	0.0	0.0
1593502479680	0.0	-0.25	0.0	0.0
1593502479710	0.0	-0.25	0.0	0.0
1593502479739	0.0	-0.25	0.0	0.0
1593502479769	0.0	-0.25	0.0	0.0
1593502479770	0.0	-0.25	0.0	0.0
1593502479800	0.0	-0.25	0.0	0.0
1593502479829	0.0	-0.25	0.0	0.0
1593502479860	0.0	-0.25	0.0	0.0
1593502479892	0.0	-0.25	0.0	0.0
1593502479921	0.0	-0.25	0.0	0.0
1593502479949	0.0	-0.25	0.0	0.0
1593502479980	0.0	-0.25	0.0	0.0
1593502480009	0.0	-0.25	0.0	0.0
1593502480039	0.0	-0.25	0.0	0.0
1593502480069	0.0	-0.25	0.0	0.0
1593502480099	0.0	-0.25	0.0	0.0
1593502480129	0.0	-0.25	0.0	0.0
1593502480159	0.0	-0.25	0.0	0.0
1593502480190	0.0	-0.25	0.0	0.0
1593502480219	0.0	-0.25	0.0	0.0
1593502480249	0.0	-0.25	0.0	0.0
1593502480280	0.0	-0.25	0.0	0.0
1593502480311	0.0	-0.25	0.0	0.0
1593502480341	0.0	-0.25	0.0	0.0
1593502480372	0.0	-0.25	0.0	0.0
1593502480401	0.0	-0.25	0.0	0.0
1593502480430	0.0	-0.25	0.0	0.0
1593502480461	0.0	-0.25	0.0	0.0
1593502480492	0.0	-0.25	0.0	0.0
1593502480522	0.0	-0.25	0.0	0.0
1593502480550	0.0	-0.25	0.0	0.0
1593502480580	0.0	-0.25	0.0	0.0
1593502480610	0.0	-0.25	0.0	0.0
1593502480641	0.0	-0.25	0.0	0.0
1593502480672	0.0	-0.25	0.0	0.0
1593502480700	0.0	-0.25	0.0	0.0
1593502480730	0.0	-0.25	0.0	0.0
1593502480760	0.0	-0.25	0.0	0.0
1593502480791	0.0	-0.25	0.0	0.0
1593502480822	0.0	-0.25	0.0	0.0
1593502480851	0.0	-0.25	0.0	0.0
1593502480880	0.0	-0.25	0.0	0.0
1593502480910	0.0	-0.25	0.0	0.0
1593502480940	0.0	-0.25	0.0	0.0
1593502480971	0.0	-0.25	0.0	0.0
1593502481000	0.0	-0.25	0.0	0.0
1593502481030	0.0	-0.25	0.0	0.0
1593502481060	0.0	-0.25	0.0	0.0
1593502481093	0.0	-0.25	0.0	0.0
1593502481121	0.0	-0.25	0.0	0.0
1593502481149	0.0	-0.25	0.0	0.0
1593502481180	0.0	-0.25	0.0	0.0
1593502481210	0.0	-0.25	0.0	0.0
1593502481240	0.0	-0.25	0.0	0.0
1593502481271	0.0	-0.25	0.0	0.0
1593502481300	0.0	-0.25	0.0	0.0
1593502481330	0.0	-0.25	0.0	0.0
1593502481360	0.0	-0.25	0.0	0.0
1593502481391	0.0	-0.25	0.0	0.0
1593502481420	0.0	-0.25	0.0	0.0
1593502481421	0.0	-0.25	0.0	0.0
1593502481450	0.0	-0.25	0.0	0.0
1593502481480	0.0	-0.25	0.0	0.0
1593502481510	0.0	-0.25	0.0	0.0
1593502481540	0.0	-0.25	0.0	0.0
1593502481570	0.0	-0.25	0.0	0.0
1593502481600	0.0	-0.25	0.0	0.0
1593502481630	0.0	-0.25	0.0	0.0
1593502481659	0.0	-0.25	0.0	0.0
1593502481690	0.0	-0.25	0.0	0.0
1593502481719	0.0	-0.25	0.0	0.0
1593502481750	0.0	-0.25	0.0	0.0
1593502481779	0.0	-0.25	0.0	0.0
1593502481809	0.0	-0.25	0.0	0.0
1593502481839	0.0	-0.25	0.0	0.0
1593502481869	0.0	-0.25	0.0	0.0
1593502481899	0.0	-0.25	0.0	0.0
1593502481929	0.0	-0.25	0.0	0.0
1593502481958	0.0	-0.25	0.0	0.0
1593502481992	0.0	-0.25	0.0	0.0
1593502482020	0.0	-0.25	0.0	0.0
1593502482050	0.0	-0.25	0.0	0.0
1593502482084	0.0	-0.25	0.0	0.0
1593502482109	0.0	-0.25	0.0	0.0
1593502482139	0.0	-0.25	0.0	0.0
1593502482169	0.0	-0.25	0.0	0.0
1593502482198	0.0	-0.25	0.0	0.0
1593502482228	0.0	-0.25	0.0	0.0
1593502482259	0.0	-0.25	0.0	0.0
1593502482290	0.0	-0.25	0.0	0.0
1593502482319	0.0	-0.25	0.0	0.0
1593502482349	0.0	-0.25	0.0	0.0
1593502482378	0.0	-0.25	0.0	0.0
1593502482409	0.0	-0.25	0.0	0.0
1593502482439	0.0	-0.25	0.0	0.0
1593502482470	0.0	-0.25	0.0	0.0
1593502482499	0.0	-0.25	0.0	0.0
1593502482529	0.0	-0.25	0.0	0.0
1593502482559	0.0	-0.25	0.0	0.0
1593502482589	0.0	-0.25	0.0	0.0
1593502482619	0.0	-0.25	0.0	0.0
1593502482649	0.0	-0.25	0.0	0.0
1593502482679	0.0	-0.25	0.0	0.0
1593502482708	0.0	-0.25	0.0	0.0
1593502482738	0.0	-0.25	0.0	0.0
1593502482769	0.0	-0.25	0.0	0.0
1593502482798	0.0	-0.25	0.0	0.0
1593502482829	0.0	-0.25	0.0	0.0
1593502482857	0.0	-0.25	0.0	0.0
1593502482888	0.0	-0.25	0.0	0.0
1593502482917	0.0	-0.25	0.0	0.0
1593502482947	0.0	-0.25	0.0	0.0
1593502482978	0.0	-0.25	0.0	0.0
1593502483007	0.0	-0.25	0.0	0.0
1593502483038	0.0	-0.25	0.0	0.0
1593502483067	0.0	-0.25	0.0	0.0
1593502483098	0.0	-0.25	0.0	0.0
1593502483128	0.0	-0.25	0.0	0.0
1593502483157	0.0	-0.25	0.0	0.0
1593502483190	0.0	-0.25	0.0	0.0
1593502483218	0.0	-0.25	0.0	0.0
1593502483248	0.0	-0.25	0.0	0.0
1593502483278	0.0	-0.25	0.0	0.0
1593502483307	0.0	-0.25	0.0	0.0
1593502483338	0.0	-0.25	0.0	0.0
1593502483369	0.0	-0.25	0.0	0.0
1593502483398	0.0	-0.25	0.0	0.0
1593502483428	0.0	-0.25	0.0	0.0
1593502483458	0.0	-0.25	0.0	0.0
1593502483489	0.0	-0.25	0.0	0.0
1593502483519	0.0	-0.25	0.0	0.0
1593502483547	0.0	-0.25	0.0	0.0
1593502483577	0.0	-0.25	0.0	0.0
1593502483607	0.0	-0.25	0.0	0.0
1593502483636	0.0	-0.25	0.0	0.0
1593502483668	0.0	-0.25	0.0	0.0
1593502483697	0.0	-0.25	0.0	0.0
1593502483727	0.0	-0.25	0.0	0.0
1593502483757	0.0	-0.25	0.0	0.0
1593502483786	0.0	-0.25	0.0	0.0
1593502483817	0.0	-0.25	0.0	0.0
1593502483847	0.0	-0.25	0.0	0.0
1593502483877	0.0	-0.25	0.0	0.0
1593502483907	0.0	-0.25	0.0	0.0
1593502483936	0.0	-0.25	0.0	0.0
1593502483967	0.0	-0.25	0.0	0.0
1593502483997	0.0	-0.25	0.0	0.0
1593502484027	0.0	-0.25	0.0	0.0
1593502484057	0.0	-0.25	0.0	0.0
1593502484086	0.0	-0.25	0.0	0.0
1593502484090	0.0	-0.25	0.0	0.0
1593502484118	0.0	-0.25	0.0	0.0
1593502484147	0.0	-0.25	0.0	0.0
1593502484177	0.0	-0.25	0.0	0.0
1593502484207	0.0	-0.25	0.0	0.0
1593502484237	0.0	-0.25	0.0	0.0
1593502484267	0.0	-0.25	0.0	0.0
1593502484297	0.0	-0.25	0.0	0.0
1593502484327	0.0	-0.25	0.0	0.0
1593502484357	0.0	-0.25	0.0	0.0
1593502484387	0.0	-0.25	0.0	0.0
1593502484417	0.0	-0.25	0.0	0.0
1593502484447	0.0	-0.25	0.0	0.0
1593502484476	0.0	-0.25	0.0	0.0
1593502484507	0.0	-0.25	0.0	0.0
1593502484537	0.0	-0.25	0.0	0.0
1593502484568	0.0	-0.25	0.0	0.0
1593502484596	0.0	-0.25	0.0	0.0
1593502484626	0.0	-0.25	0.0	0.0
1593502484657	0.0	-0.25	0.0	0.0
1593502484689	0.0	-0.25	0.0	0.0
1593502484716	0.0	-0.25	0.0	0.0
1593502484746	0.0	-0.25	0.0	0.0
1593502484776	0.0	-0.25	0.0	0.0
1593502484807	0.0	-0.25	0.0	0.0
1593502484837	0.0	-0.25	0.0	0.0
1593502484867	0.0	-0.25	0.0	0.0
1593502484897	0.0	-0.25	0.0	0.0
1593502484926	0.0	-0.25	0.0	0.0
1593502484948	0.0	0.0	0.0	0.0
1593502485331	0.0	0.25	0.0	0.0
1593502485368	0.0	0.25	0.0	0.0
1593502485403	0.0	0.25	0.0	0.0
1593502485435	0.0	0.25	0.0	0.0
1593502485472	0.0	0.25	0.0	0.0
1593502485511	0.0	0.25	0.0	0.0
1593502485544	0.0	0.25	0.0	0.0
1593502485576	0.0	0.25	0.0	0.0
1593502485615	0.0	0.25	0.0	0.0
1593502485647	0.0	0.25	0.0	0.0
1593502485682	0.0	0.25	0.0	0.0
1593502485717	0.0	0.25	0.0	0.0
1593502485749	0.0	0.25	0.0	0.0
1593502485781	0.0	0.25	0.0	0.0
1593502485820	0.0	0.25	0.0	0.0
1593502485827	0.0	0.25	0.0	0.0
1593502485857	0.0	0.25	0.0	0.0
1593502485889	0.0	0.25	0.0	0.0
1593502485916	0.0	0.0	0.0	0.0
1593502486356	0.0	0.25	0.0	0.0
1593502486413	0.0	0.25	0.0	0.0
1593502486448	0.0	0.25	0.0	0.0
1593502486479	0.0	0.25	0.0	0.0
1593502486509	0.0	0.0	0.0	0.0
1593502489275	-0.25	0.0	0.0	0.0
1593502489309	-0.25	0.0	0.0	0.0
1593502489344	-0.25	0.0	0.0	0.0
1593502489378	-0.25	0.0	0.0	0.0
1593502489422	-0.25	0.0	0.0	0.0
1593502489456	-0.25	0.0	0.0	0.0
1593502489479	0.0	0.0	0.0	0.0
1593502490546	0.0	-0.25	0.0	0.0
1593502490577	0.0	-0.25	0.0	0.0
1593502490611	0.0	-0.25	0.0	0.0
1593502490642	0.0	-0.25	0.0	0.0
1593502490681	0.0	-0.25	0.0	0.0
1593502490713	0.0	-0.25	0.0	0.0
1593502490753	0.0	-0.25	0.0	0.0
1593502490783	0.0	-0.25	0.0	0.0
1593502490814	0.0	-0.25	0.0	0.0
1593502490853	0.0	-0.25	0.0	0.0
1593502490892	0.0	-0.25	0.0	0.0
1593502490911	0.0	0.0	0.0	0.0
1593502491263	0.0	0.0	-0.25	0.0
1593502491308	0.0	0.0	-0.25	0.0
1593502491341	0.0	0.0	-0.25	0.0
1593502491375	0.0	0.0	-0.25	0.0
1593502491408	0.0	0.0	-0.25	0.0
1593502491440	0.0	0.0	-0.25	0.0
1593502491473	0.0	0.0	-0.25	0.0
1593502491509	0.0	0.0	-0.25	0.0
1593502491545	0.0	0.0	-0.25	0.0
1593502491577	0.0	0.0	-0.25	0.0
1593502491618	0.0	0.0	-0.25	0.0
1593502491655	0.0	0.0	-0.25	0.0
1593502491696	0.0	0.0	-0.25	0.0
1593502491731	0.0	0.0	-0.25	0.0
1593502491748	0.0	0.0	0.0	0.0
1593502492640	0.0	0.0	-0.25	0.0
1593502492682	0.0	0.0	-0.25	0.0
1593502492716	0.0	0.0	-0.25	0.0
1593502492747	0.0	0.0	-0.25	0.0
1593502492786	0.0	0.0	-0.25	0.0
1593502492822	0.0	0.0	-0.25	0.0
1593502492857	0.0	0.0	-0.25	0.0
1593502492888	0.0	0.0	-0.25	0.0
1593502492921	0.0	0.0	-0.25	0.0
1593502492953	0.0	0.0	-0.25	0.0
1593502492987	0.0	0.0	-0.25	0.0
1593502493023	0.0	0.0	-0.25	0.0
1593502493057	0.0	0.0	-0.25	0.0
1593502493092	0.0	0.0	-0.25	0.0
1593502493124	0.0	0.0	-0.25	0.0
1593502493137	0.0	0.0	-0.25	0.0
1593502493166	0.0	0.0	-0.25	0.0
1593502493198	0.0	0.0	-0.25	0.0
1593502493227	0.0	0.0	-0.25	0.0
1593502493256	0.0	0.0	-0.25	0.0
1593502493287	0.0	0.0	-0.25	0.0
1593502493317	0.0	0.0	-0.25	0.0
1593502493347	0.0	0.0	-0.25	0.0
1593502493376	0.0	0.0	-0.25	0.0
1593502493406	0.0	0.0	-0.25	0.0
1593502493436	0.0	0.0	-0.25	0.0
1593502493466	0.0	0.0	-0.25	0.0
1593502493496	0.0	0.0	-0.25	0.0
1593502493526	0.0	0.0	-0.25	0.0
1593502493556	0.0	0.0	-0.25	0.0
1593502493587	0.0	0.0	-0.25	0.0
1593502493615	0.0	0.0	-0.25	0.0
1593502493646	0.0	0.0	-0.25	0.0
1593502493676	0.0	0.0	-0.25	0.0
1593502493706	0.0	0.0	-0.25	0.0
1593502493736	0.0	0.0	-0.25	0.0
1593502493766	0.0	0.0	-0.25	0.0
1593502493796	0.0	0.0	-0.25	0.0
1593502493826	0.0	0.0	-0.25	0.0
1593502493858	0.0	0.0	-0.25	0.0
1593502493882	0.0	0.0	0.0	0.0
1593502494475	0.0	0.0	-0.25	0.0
1593502494520	0.0	0.0	-0.25	0.0
1593502494555	0.0	0.0	-0.25	0.0
1593502494556	0.0	0.0	0.0	0.0
1593502494693	0.0	0.0	-0.25	0.0
1593502494740	0.0	0.0	-0.25	0.0
1593502494771	0.0	0.0	-0.25	0.0
1593502494802	0.0	0.0	-0.25	0.0
1593502494836	0.0	0.0	-0.25	0.0
1593502494870	0.0	0.0	-0.25	0.0
1593502494901	0.0	0.0	-0.25	0.0
1593502494935	0.0	0.0	-0.25	0.0
1593502494971	0.0	0.0	-0.25	0.0
1593502494996	0.0	0.0	0.0	0.0
1593502495451	-0.25	0.0	0.0	0.0
1593502495496	-0.25	0.0	0.0	0.0
1593502495528	-0.25	0.0	0.0	0.0
1593502495567	-0.25	0.0	0.0	0.0
1593502495598	-0.25	0.0	0.0	0.0
1593502495616	0.0	0.0	0.0	0.0
1593502495848	0.0	-0.25	0.0	0.0
1593502495893	0.0	-0.25	0.0	0.0
1593502495933	0.0	-0.25	0.0	0.0
1593502495965	0.0	-0.25	0.0	0.0
1593502495999	0.0	-0.25	0.0	0.0
1593502496030	0.0	-0.25	0.0	0.0
1593502496065	0.0	-0.25	0.0	0.0
1593502496098	0.0	-0.25	0.0	0.0
1593502496134	0.0	-0.25	0.0	0.0
1593502496171	0.0	-0.25	0.0	0.0
1593502496205	0.0	-0.25	0.0	0.0
1593502496239	0.0	-0.25	0.0	0.0
1593502496275	0.0	-0.25	0.0	0.0
1593502496310	0.0	-0.25	0.0	0.0
1593502496343	0.0	-0.25	0.0	0.0
1593502496349	0.0	-0.25	0.0	0.0
1593502496381	0.0	-0.25	0.0	0.0
1593502496409	0.0	-0.25	0.0	0.0
1593502496439	0.0	-0.25	0.0	0.0
1593502496468	0.0	-0.25	0.0	0.0
1593502496498	0.0	-0.25	0.0	0.0
1593502496528	0.0	-0.25	0.0	0.0
1593502496558	0.0	-0.25	0.0	0.0
1593502496588	0.0	-0.25	0.0	0.0
1593502496618	0.0	-0.25	0.0	0.0
1593502496648	0.0	-0.25	0.0	0.0
1593502496679	0.0	-0.25	0.0	0.0
1593502496691	0.0	0.0	-0.25	0.0
1593502496725	0.0	0.0	-0.25	0.0
1593502496757	0.0	0.0	-0.25	0.0
1593502496791	0.0	0.0	-0.25	0.0
1593502496824	0.0	0.0	-0.25	0.0
1593502496856	0.0	0.0	-0.25	0.0
1593502496892	0.0	0.0	-0.25	0.0
1593502496925	0.0	0.0	-0.25	0.0
1593502496956	0.0	0.0	-0.25	0.0
1593502496990	0.0	0.0	-0.25	0.0
1593502496993	0.0	0.0	0.0	0.0
1593502497194	0.0	0.0	-0.25	0.0
1593502497222	0.0	0.0	-0.25	0.0
1593502497252	0.0	0.0	-0.25	0.0
1593502497282	0.0	0.0	-0.25	0.0
1593502497313	0.0	0.0	-0.25	0.0
1593502497342	0.0	0.0	-0.25	0.0
1593502497372	0.0	0.0	-0.25	0.0
1593502497402	0.0	0.0	-0.25	0.0
1593502497432	0.0	0.0	-0.25	0.0
1593502497463	0.0	0.0	-0.25	0.0
1593502497492	0.0	0.0	-0.25	0.0
1593502497522	0.0	0.0	-0.25	0.0
1593502497552	0.0	0.0	-0.25	0.0
1593502497582	0.0	0.0	-0.25	0.0
1593502497613	0.0	0.0	-0.25	0.0
1593502497642	0.0	0.0	-0.25	0.0
1593502497672	0.0	0.0	-0.25	0.0
1593502497701	0.0	0.0	-0.25	0.0
1593502497731	0.0	0.0	-0.25	0.0
1593502497762	0.0	0.0	-0.25	0.0
1593502497793	0.0	0.0	-0.25	0.0
1593502497822	0.0	0.0	-0.25	0.0
1593502497852	0.0	0.0	-0.25	0.0
1593502497882	0.0	0.0	-0.25	0.0
1593502497913	0.0	0.0	-0.25	0.0
1593502497942	0.0	0.0	-0.25	0.0
1593502497972	0.0	0.0	-0.25	0.0
1593502498003	0.0	0.0	-0.25	0.0
1593502498032	0.0	0.0	-0.25	0.0
1593502498063	0.0	0.0	-0.25	0.0
1593502498092	0.0	0.0	-0.25	0.0
1593502498122	0.0	0.0	-0.25	0.0
1593502498152	0.0	0.0	-0.25	0.0
1593502498182	0.0	0.0	-0.25	0.0
1593502498212	0.0	0.0	-0.25	0.0
1593502498242	0.0	0.0	-0.25	0.0
1593502498271	0.0	0.0	-0.25	0.0
1593502498302	0.0	0.0	-0.25	0.0
1593502498332	0.0	0.0	-0.25	0.0
1593502498362	0.0	0.0	-0.25	0.0
1593502498392	0.0	0.0	-0.25	0.0
1593502498422	0.0	0.0	-0.25	0.0
1593502498451	0.0	0.0	-0.25	0.0
1593502498481	0.0	0.0	-0.25	0.0
1593502498512	0.0	0.0	-0.25	0.0
1593502498541	0.0	0.0	-0.25	0.0
1593502498571	0.0	0.0	-0.25	0.0
1593502498601	0.0	0.0	-0.25	0.0
1593502498630	0.0	0.0	-0.25	0.0
1593502498662	0.0	0.0	-0.25	0.0
1593502498692	0.0	0.0	-0.25	0.0
1593502498721	0.0	0.0	-0.25	0.0
1593502498751	0.0	0.0	-0.25	0.0
1593502498780	0.0	0.0	-0.25	0.0
1593502498812	0.0	0.0	-0.25	0.0
1593502498840	0.0	0.0	-0.25	0.0
1593502498869	0.0	0.0	-0.25	0.0
1593502498900	0.0	0.0	-0.25	0.0
1593502498931	0.0	0.0	-0.25	0.0
1593502498961	0.0	0.0	-0.25	0.0
1593502498991	0.0	0.0	-0.25	0.0
1593502499020	0.0	0.0	-0.25	0.0
1593502499050	0.0	0.0	-0.25	0.0
1593502499080	0.0	0.0	-0.25	0.0
1593502499115	0.0	0.0	-0.25	0.0
1593502499140	0.0	0.0	-0.25	0.0
1593502499170	0.0	0.0	-0.25	0.0
1593502499200	0.0	0.0	-0.25	0.0
1593502499212	0.0	-0.25	0.0	0.0
1593502499251	0.0	-0.25	0.0	0.0
1593502499283	0.0	-0.25	0.0	0.0
1593502499314	0.0	-0.25	0.0	0.0
1593502499348	0.0	-0.25	0.0	0.0
1593502499384	0.0	-0.25	0.0	0.0
1593502499415	0.0	-0.25	0.0	0.0
1593502499447	0.0	-0.25	0.0	0.0
1593502499478	0.0	-0.25	0.0	0.0
1593502499491	0.0	0.0	0.0	0.0
1593502500503	0.0	0.0	0.0	0.0
1593502500611	0.0	0.0	-0.25	0.0
1593502500658	0.0	0.0	-0.25	0.0
1593502500690	0.0	0.0	-0.25	0.0
1593502500728	0.0	0.0	-0.25	0.0
1593502500760	0.0	0.0	-0.25	0.0
1593502500799	0.0	0.0	-0.25	0.0
1593502500830	0.0	0.0	-0.25	0.0
1593502500863	0.0	0.0	-0.25	0.0
1593502500895	0.0	0.0	-0.25	0.0
1593502500928	0.0	0.0	-0.25	0.0
1593502500964	0.0	0.0	-0.25	0.0
1593502500996	0.0	0.0	-0.25	0.0
1593502501030	0.0	0.0	-0.25	0.0
1593502501066	0.0	0.0	-0.25	0.0
1593502501099	0.0	0.0	-0.25	0.0
1593502501108	0.0	0.0	-0.25	0.0
1593502501137	0.0	0.0	-0.25	0.0
1593502501167	0.0	0.0	-0.25	0.0
1593502501197	0.0	0.0	-0.25	0.0
1593502501228	0.0	0.0	-0.25	0.0
1593502501257	0.0	0.0	-0.25	0.0
1593502501287	0.0	0.0	-0.25	0.0
1593502501317	0.0	0.0	-0.25	0.0
1593502501347	0.0	0.0	-0.25	0.0
1593502501378	0.0	0.0	-0.25	0.0
1593502501407	0.0	0.0	-0.25	0.0
1593502501437	0.0	0.0	-0.25	0.0
1593502501437	0.0	0.0	-0.25	0.0
1593502501467	0.0	0.0	-0.25	0.0
1593502501496	0.0	0.0	-0.25	0.0
1593502501527	0.0	0.0	-0.25	0.0
1593502501556	0.0	0.0	-0.25	0.0
1593502501585	0.0	0.0	-0.25	0.0
1593502501616	0.0	0.0	-0.25	0.0
1593502501646	0.0	0.0	-0.25	0.0
1593502501675	0.0	0.0	-0.25	0.0
1593502501706	0.0	0.0	-0.25	0.0
1593502501707	0.0	0.0	-0.25	0.0
1593502501735	0.0	0.0	-0.25	0.0
1593502501766	0.0	0.0	-0.25	0.0
1593502501795	0.0	0.0	-0.25	0.0
1593502501827	0.0	0.0	-0.25	0.0
1593502501856	0.0	0.0	-0.25	0.0
1593502501885	0.0	0.0	-0.25	0.0
1593502501916	0.0	0.0	-0.25	0.0
1593502501946	0.0	0.0	-0.25	0.0
1593502501975	0.0	0.0	-0.25	0.0
1593502502006	0.0	0.0	-0.25	0.0
1593502502036	0.0	0.0	-0.25	0.0
1593502502066	0.0	0.0	-0.25	0.0
1593502502096	0.0	0.0	-0.25	0.0
1593502502131	0.0	0.0	-0.25	0.0
1593502502156	0.0	0.0	-0.25	0.0
1593502502186	0.0	0.0	-0.25	0.0
1593502502216	0.0	0.0	-0.25	0.0
1593502502246	0.0	0.0	-0.25	0.0
1593502502276	0.0	0.0	-0.25	0.0
1593502502283	0.0	0.0	0.0	0.0
1593502502494	0.0	-0.25	0.0	0.0
1593502502536	0.0	-0.25	0.0	0.0
1593502502567	0.0	-0.25	0.0	0.0
1593502502602	0.0	-0.25	0.0	0.0
1593502502633	0.0	-0.25	0.0	0.0
1593502502668	0.0	-0.25	0.0	0.0
1593502502714	0.0	-0.25	0.0	0.0
1593502502748	0.0	-0.25	0.0	0.0
1593502502780	0.0	-0.25	0.0	0.0
1593502502813	0.0	-0.25	0.0	0.0
1593502502844	0.0	-0.25	0.0	0.0
1593502502880	0.0	-0.25	0.0	0.0
1593502502913	0.0	-0.25	0.0	0.0
1593502502944	0.0	-0.25	0.0	0.0
1593502502978	0.0	-0.25	0.0	0.0
1593502502997	0.0	-0.25	0.0	0.0
1593502503024	0.0	-0.25	0.0	0.0
1593502503054	0.0	-0.25	0.0	0.0
1593502503084	0.0	-0.25	0.0	0.0
1593502503114	0.0	-0.25	0.0	0.0
1593502503143	0.0	-0.25	0.0	0.0
1593502503174	0.0	-0.25	0.0	0.0
1593502503203	0.0	-0.25	0.0	0.0
1593502503234	0.0	-0.25	0.0	0.0
1593502503263	0.0	-0.25	0.0	0.0
1593502503296	0.0	-0.25	0.0	0.0
1593502503323	0.0	-0.25	0.0	0.0
1593502503353	0.0	-0.25	0.0	0.0
1593502503366	0.0	0.0	0.0	0.0
1593502503485	-0.25	0.0	0.0	0.0
1593502503519	-0.25	0.0	0.0	0.0
1593502503556	-0.25	0.0	0.0	0.0
1593502503595	-0.25	0.0	0.0	0.0
1593502503635	-0.25	0.0	0.0	0.0
1593502503670	-0.25	0.0	0.0	0.0
1593502503706	-0.25	0.0	0.0	0.0
1593502503739	-0.25	0.0	0.0	0.0
1593502503771	-0.25	0.0	0.0	0.0
1593502503805	-0.25	0.0	0.0	0.0
1593502503841	-0.25	0.0	0.0	0.0
1593502503875	-0.25	0.0	0.0	0.0
1593502503906	-0.25	0.0	0.0	0.0
1593502503947	-0.25	0.0	0.0	0.0
1593502503980	-0.25	0.0	0.0	0.0
1593502503984	-0.25	0.0	0.0	0.0
1593502504013	-0.25	0.0	0.0	0.0
1593502504043	-0.25	0.0	0.0	0.0
1593502504073	-0.25	0.0	0.0	0.0
1593502504104	-0.25	0.0	0.0	0.0
1593502504123	0.0	0.0	0.0	0.0
1593502504373	0.0	0.25	0.0	0.0
1593502504403	0.0	0.25	0.0	0.0
1593502504438	0.0	0.25	0.0	0.0
1593502504470	0.0	0.25	0.0	0.0
1593502504505	0.0	0.25	0.0	0.0
1593502504537	0.0	0.25	0.0	0.0
1593502504570	0.0	0.25	0.0	0.0
1593502504603	0.0	0.25	0.0	0.0
1593502504633	0.0	0.25	0.0	0.0
1593502504661	0.25	0.0	0.0	0.0
1593502504695	0.0	0.0	0.0	0.0
1593502504855	0.0	0.0	0.0	0.0
1593502505190	0.0	0.0	-0.25	0.0
1593502505234	0.0	0.0	-0.25	0.0
1593502505268	0.0	0.0	-0.25	0.0
1593502505303	0.0	0.0	-0.25	0.0
1593502505338	0.0	0.0	-0.25	0.0
1593502505369	0.0	0.0	-0.25	0.0
1593502505403	0.0	0.0	-0.25	0.0
1593502505435	0.0	0.0	-0.25	0.0
1593502505468	0.0	0.0	-0.25	0.0
1593502505499	0.0	0.0	-0.25	0.0
1593502505533	0.0	0.0	-0.25	0.0
1593502505570	0.0	0.0	-0.25	0.0
1593502505605	0.0	0.0	-0.25	0.0
1593502505636	0.0	0.0	-0.25	0.0
1593502505669	0.0	0.0	-0.25	0.0
1593502505691	0.0	0.0	-0.25	0.0
1593502505720	0.0	0.0	-0.25	0.0
1593502505750	0.0	0.0	-0.25	0.0
1593502505780	0.0	0.0	-0.25	0.0
1593502505810	0.0	0.0	-0.25	0.0
1593502505840	0.0	0.0	-0.25	0.0
1593502505870	0.0	0.0	-0.25	0.0
1593502505900	0.0	0.0	-0.25	0.0
1593502505930	0.0	0.0	-0.25	0.0
1593502505959	0.0	0.0	-0.25	0.0
1593502505989	0.0	0.0	-0.25	0.0
1593502506019	0.0	0.0	-0.25	0.0
1593502506050	0.0	0.0	-0.25	0.0
1593502506080	0.0	0.0	-0.25	0.0
1593502506110	0.0	0.0	-0.25	0.0
1593502506139	0.0	0.0	-0.25	0.0
1593502506140	0.0	0.0	-0.25	0.0
1593502506170	0.0	0.0	-0.25	0.0
1593502506199	0.0	0.0	-0.25	0.0
1593502506229	0.0	0.0	-0.25	0.0
1593502506259	0.0	0.0	-0.25	0.0
1593502506289	0.0	0.0	-0.25	0.0
1593502506319	0.0	0.0	-0.25	0.0
1593502506349	0.0	0.0	-0.25	0.0
1593502506379	0.0	0.0	-0.25	0.0
1593502506409	0.0	0.0	-0.25	0.0
1593502506439	0.0	0.0	-0.25	0.0
1593502506451	0.0	-0.25	0.0	0.0
1593502506495	0.0	-0.25	0.0	0.0
1593502506526	0.0	-0.25	0.0	0.0
1593502506533	0.0	0.0	0.0	0.0
1593502506911	0.0	0.0	0.0	0.0
1593502507052	0.0	0.0	-0.25	0.0
1593502507082	0.0	0.0	-0.25	0.0
1593502507113	0.0	0.0	-0.25	0.0
1593502507147	0.0	0.0	-0.25	0.0
1593502507149	0.0	0.0	0.0	0.0
1593502507159	0.0	-0.25	0.0	0.0
1593502507194	0.0	-0.25	0.0	0.0
1593502507227	0.0	-0.25	0.0	0.0
1593502507258	0.0	-0.25	0.0	0.0
1593502507294	0.0	-0.25	0.0	0.0
1593502507328	0.0	-0.25	0.0	0.0
1593502507377	0.0	-0.25	0.0	0.0
1593502507412	0.0	-0.25	0.0	0.0
1593502507443	0.0	-0.25	0.0	0.0
1593502507479	0.0	-0.25	0.0	0.0
1593502507512	0.0	-0.25	0.0	0.0
1593502507544	0.0	-0.25	0.0	0.0
1593502507551	0.0	0.0	0.0	0.0
1593502507636	0.0	0.0	-0.25	0.0
1593502507683	0.0	0.0	-0.25	0.0
1593502507720	0.0	0.0	-0.25	0.0
1593502507753	0.0	0.0	-0.25	0.0
1593502507784	0.0	0.0	-0.25	0.0
1593502507830	0.0	0.0	-0.25	0.0
1593502507864	0.0	0.0	-0.25	0.0
1593502507895	0.0	0.0	-0.25	0.0
1593502507930	0.0	0.0	-0.25	0.0
1593502507967	0.0	0.0	-0.25	0.0
1593502508004	0.0	0.0	-0.25	0.0
1593502508036	0.0	0.0	-0.25	0.0
1593502508076	0.0	0.0	-0.25	0.0
1593502508114	0.0	0.0	-0.25	0.0
1593502508141	0.0	0.0	-0.25	0.0
1593502508165	0.0	0.0	-0.25	0.0
1593502508193	0.0	0.0	-0.25	0.0
1593502508223	0.0	0.0	-0.25	0.0
1593502508253	0.0	0.0	-0.25	0.0
1593502508283	0.0	0.0	-0.25	0.0
1593502508313	0.0	0.0	-0.25	0.0
1593502508344	0.0	0.0	-0.25	0.0
1593502508375	0.0	0.0	-0.25	0.0
1593502508404	0.0	0.0	-0.25	0.0
1593502508435	0.0	0.0	-0.25	0.0
1593502508464	0.0	0.0	-0.25	0.0
1593502508494	0.0	0.0	-0.25	0.0
1593502508525	0.0	0.0	-0.25	0.0
1593502508554	0.0	0.0	-0.25	0.0
1593502508584	0.0	0.0	-0.25	0.0
1593502508614	0.0	0.0	-0.25	0.0
1593502508644	0.0	0.0	-0.25	0.0
1593502508674	0.0	0.0	-0.25	0.0
1593502508704	0.0	0.0	-0.25	0.0
1593502508730	-0.25	0.0	0.0	0.0
1593502508772	-0.25	0.0	0.0	0.0
1593502508806	-0.25	0.0	0.0	0.0
1593502508807	0.0	0.0	0.0	0.0
1593502509805	0.0	0.0	0.0	0.0
1593502510233	0.0	0.0	-0.25	0.0
1593502510279	0.0	0.0	-0.25	0.0
1593502510326	0.0	0.0	-0.25	0.0
1593502510360	0.0	0.0	-0.25	0.0
1593502510396	0.0	0.0	-0.25	0.0
1593502510431	0.0	0.0	-0.25	0.0
1593502510466	0.0	0.0	-0.25	0.0
1593502510501	0.0	0.0	-0.25	0.0
1593502510533	0.0	0.0	-0.25	0.0
1593502510567	0.0	0.0	-0.25	0.0
1593502510607	0.0	0.0	-0.25	0.0
1593502510638	0.0	0.0	-0.25	0.0
1593502510676	0.0	0.0	-0.25	0.0
1593502510710	0.0	0.0	-0.25	0.0
1593502510730	0.0	0.0	-0.25	0.0
1593502510760	0.0	0.0	-0.25	0.0
1593502510790	0.0	0.0	-0.25	0.0
1593502510820	0.0	0.0	-0.25	0.0
1593502510850	0.0	0.0	-0.25	0.0
1593502510880	0.0	0.0	-0.25	0.0
1593502510910	0.0	0.0	-0.25	0.0
1593502510940	0.0	0.0	-0.25	0.0
1593502510969	0.0	0.0	-0.25	0.0
1593502511000	0.0	0.0	-0.25	0.0
1593502511030	0.0	0.0	-0.25	0.0
1593502511059	0.0	0.0	-0.25	0.0
1593502511089	0.0	0.0	-0.25	0.0
1593502511119	0.0	0.0	-0.25	0.0
1593502511150	0.0	0.0	-0.25	0.0
1593502511179	0.0	0.0	-0.25	0.0
1593502511209	0.0	0.0	-0.25	0.0
1593502511240	0.0	0.0	-0.25	0.0
1593502511269	0.0	0.0	-0.25	0.0
1593502511300	0.0	0.0	-0.25	0.0
1593502511329	0.0	0.0	-0.25	0.0
1593502511359	0.0	0.0	-0.25	0.0
1593502511390	0.0	0.0	-0.25	0.0
1593502511419	0.0	0.0	-0.25	0.0
1593502511449	0.0	0.0	-0.25	0.0
1593502511479	0.0	0.0	-0.25	0.0
1593502511509	0.0	0.0	-0.25	0.0
1593502511540	0.0	0.0	-0.25	0.0
1593502511568	0.0	0.0	-0.25	0.0
1593502511599	0.0	0.0	-0.25	0.0
1593502511629	0.0	0.0	-0.25	0.0
1593502511658	0.0	0.0	-0.25	0.0
1593502511689	0.0	0.0	-0.25	0.0
1593502511719	0.0	0.0	-0.25	0.0
1593502511748	0.0	0.0	-0.25	0.0
1593502511778	0.0	0.0	-0.25	0.0
1593502511808	0.0	0.0	-0.25	0.0
1593502511839	0.0	0.0	-0.25	0.0
1593502511868	0.0	0.0	-0.25	0.0
1593502511880	0.0	0.0	0.0	0.0
1593502512056	0.0	0.0	0.0	0.0
