time	leftRight	frontBack	up	angular
2017-08-10 12:48:16.050	0.0	-0.25	0.0	0.0
2017-08-10 12:48:16.100	0.0	-0.25	0.0	0.0
2017-08-10 12:48:16.150	0.0	-0.25	0.0	0.0
2017-08-10 12:48:16.200	0.0	-0.25	0.0	0.0
2017-08-10 12:48:16.250	0.0	-0.25	0.0	0.0
2017-08-10 12:48:16.300	0.0	-0.25	0.0	0.0
2017-08-10 12:48:16.350	0.0	-0.25	0.0	0.0
2017-08-10 12:48:16.400	0.0	-0.25	0.0	0.0
2017-08-10 12:48:16.450	0.0	-0.25	0.0	0.0
2017-08-10 12:48:16.500	0.0	-0.25	0.0	0.0
2017-08-10 12:48:16.550	0.0	-0.25	0.0	0.0
2017-08-10 12:48:16.600	0.0	-0.25	0.0	0.0
2017-08-10 12:48:16.650	0.0	-0.25	0.0	0.0
2017-08-10 12:48:16.700	0.0	-0.25	0.0	0.0
2017-08-10 12:48:16.750	0.0	-0.25	0.0	0.0
2017-08-10 12:48:16.800	0.0	-0.25	0.0	0.0
2017-08-10 12:48:16.850	0.0	-0.25	0.0	0.0
2017-08-10 12:48:16.900	0.0	-0.25	0.0	0.0
2017-08-10 12:48:16.950	0.0	-0.25	0.0	0.0
2017-08-10 12:48:17.000	0.0	-0.25	0.0	0.0
2017-08-10 12:48:17.050	0.0	-0.25	0.0	0.0
2017-08-10 12:48:17.100	0.0	-0.25	0.0	0.0
2017-08-10 12:48:17.150	0.0	-0.25	0.0	0.0
2017-08-10 12:48:17.200	0.0	-0.25	0.0	0.0
2017-08-10 12:48:17.250	0.0	-0.25	0.0	0.0
2017-08-10 12:48:17.300	0.0	-0.25	0.0	0.0
2017-08-10 12:48:17.350	0.0	-0.25	0.0	0.0
2017-08-10 12:48:17.400	0.0	-0.25	0.0	0.0
2017-08-10 12:48:17.450	0.0	-0.25	0.0	0.0
2017-08-10 12:48:17.500	0.0	-0.25	0.0	0.0
2017-08-10 12:48:17.550	0.0	-0.25	0.0	0.0
2017-08-10 12:48:17.600	0.0	-0.25	0.0	0.0
2017-08-10 12:48:17.650	0.0	-0.25	0.0	0.0
2017-08-10 12:48:17.700	0.0	-0.25	0.0	0.0
2017-08-10 12:48:17.750	0.0	-0.25	0.0	0.0
2017-08-10 12:48:17.800	0.0	-0.25	0.0	0.0
2017-08-10 12:48:17.850	0.0	-0.25	0.0	0.0
2017-08-10 12:48:17.900	0.0	-0.25	0.0	0.0
2017-08-10 12:48:17.950	0.0	-0.25	0.0	0.0
2017-08-10 12:48:18.000	0.0	-0.25	0.0	0.0
2017-08-10 12:48:18.050	0.0	-0.25	0.0	0.0
2017-08-10 12:48:18.100	0.0	-0.25	0.0	0.0
2017-08-10 12:48:18.150	0.0	-0.25	0.0	0.0
2017-08-10 12:48:18.200	0.0	-0.25	0.0	0.0
2017-08-10 12:48:18.250	0.0	-0.25	0.0	0.0
2017-08-10 12:48:18.300	0.0	-0.25	0.0	0.0
2017-08-10 12:48:18.350	0.0	-0.25	0.0	0.0
2017-08-10 12:48:18.400	0.0	-0.25	0.0	0.0
2017-08-10 12:48:18.450	0.0	-0.25	0.0	0.0
2017-08-10 12:48:18.500	0.0	-0.25	0.0	0.0
2017-08-10 12:48:18.550	0.0	-0.25	0.0	0.0
2017-08-10 12:48:18.600	0.0	-0.25	0.0	0.0
2017-08-10 12:48:18.650	0.0	-0.25	0.0	0.0
2017-08-10 12:48:18.700	0.0	-0.25	0.0	0.0
2017-08-10 12:48:18.750	0.0	-0.25	0.0	0.0
2017-08-10 12:48:18.800	0.0	-0.25	0.0	0.0
2017-08-10 12:48:18.850	0.0	-0.25	0.0	0.0
2017-08-10 12:48:18.900	0.0	-0.25	0.0	0.0
2017-08-10 12:48:18.950	0.0	-0.25	0.0	0.0
2017-08-10 12:48:19.000	0.0	-0.25	0.0	0.0
2017-08-10 12:48:19.050	0.0	-0.25	0.0	0.0
2017-08-10 12:48:19.100	0.0	-0.25	0.0	0.0
2017-08-10 12:48:19.150	0.0	-0.25	0.0	0.0
2017-08-10 12:48:19.200	0.0	-0.25	0.0	0.0
2017-08-10 12:48:19.250	0.0	-0.25	0.0	0.0
2017-08-10 12:48:19.300	0.0	-0.25	0.0	0.0
2017-08-10 12:48:19.350	0.0	-0.25	0.0	0.0
2017-08-10 12:48:19.400	0.0	-0.25	0.0	0.0
2017-08-10 12:48:19.450	0.0	-0.25	0.0	0.0
2017-08-10 12:48:19.500	0.0	-0.25	0.0	0.0
2017-08-10 12:48:19.550	0.0	-0.25	0.0	0.0
2017-08-10 12:48:19.600	0.0	-0.25	0.0	0.0
2017-08-10 12:48:19.650	0.0	-0.25	0.0	0.0
2017-08-10 12:48:19.700	0.0	-0.25	0.0	0.0
2017-08-10 12:48:19.750	0.0	-0.25	0.0	0.0
2017-08-10 12:48:19.800	0.0	-0.25	0.0	0.0
2017-08-10 12:48:19.850	0.0	-0.25	0.0	0.0
2017-08-10 12:48:19.900	0.0	-0.25	0.0	0.0
2017-08-10 12:48:19.950	0.0	-0.25	0.0	0.0
2017-08-10 12:48:20.000	0.0	-0.25	0.0	0.0
2017-08-10 12:48:20.050	0.0	-0.25	0.0	0.0
2017-08-10 12:48:20.100	0.0	-0.25	0.0	0.0
2017-08-10 12:48:20.150	0.0	-0.25	0.0	0.0
2017-08-10 12:48:20.200	0.0	-0.25	0.0	0.0
2017-08-10 12:48:20.250	0.0	-0.25	0.0	0.0
2017-08-10 12:48:20.300	0.0	-0.25	0.0	0.0
2017-08-10 12:48:20.350	0.0	-0.25	0.0	0.0
2017-08-10 12:48:20.400	0.0	-0.25	0.0	0.0
2017-08-10 12:48:20.450	0.0	-0.25	0.0	0.0
2017-08-10 12:48:20.500	0.0	-0.25	0.0	0.0
2017-08-10 12:48:20.550	0.0	-0.25	0.0	0.0
2017-08-10 12:48:20.600	0.0	-0.25	0.0	0.0
2017-08-10 12:48:20.650	0.0	-0.25	0.0	0.0
2017-08-10 12:48:20.700	0.0	-0.25	0.0	0.0
2017-08-10 12:48:20.750	0.0	-0.25	0.0	0.0
2017-08-10 12:48:20.800	0.0	-0.25	0.0	0.0
2017-08-10 12:48:20.850	0.0	-0.25	0.0	0.0
2017-08-10 12:48:20.900	0.0	-0.25	0.0	0.0
2017-08-10 12:48:20.950	0.0	-0.25	0.0	0.0
2017-08-10 12:48:21.000	0.0	-0.25	0.0	0.0
2017-08-10 12:48:21.050	0.0	-0.25	0.0	0.0
2017-08-10 12:48:21.100	0.0	-0.25	0.0	0.0
2017-08-10 12:48:21.150	0.0	-0.25	0.0	0.0
2017-08-10 12:48:21.200	0.0	-0.25	0.0	0.0
2017-08-10 12:48:21.250	0.0	-0.25	0.0	0.0
2017-08-10 12:48:21.300	0.0	-0.25	0.0	0.0
2017-08-10 12:48:21.350	0.0	-0.25	0.0	0.0
2017-08-10 12:48:21.400	0.0	-0.25	0.0	0.0
2017-08-10 12:48:21.450	0.0	-0.25	0.0	0.0
2017-08-10 12:48:21.500	0.0	-0.25	0.0	0.0
2017-08-10 12:48:21.550	0.0	-0.25	0.0	0.0
2017-08-10 12:48:21.600	0.0	-0.25	0.0	0.0
2017-08-10 12:48:21.650	0.0	-0.25	0.0	0.0
2017-08-10 12:48:21.700	0.0	-0.25	0.0	0.0
2017-08-10 12:48:21.750	0.0	-0.25	0.0	0.0
2017-08-10 12:48:21.800	0.0	-0.25	0.0	0.0
2017-08-10 12:48:21.850	0.0	-0.25	0.0	0.0
2017-08-10 12:48:21.900	0.0	-0.25	0.0	0.0
2017-08-10 12:48:21.950	0.0	-0.25	0.0	0.0
2017-08-10 12:48:22.000	0.0	-0.25	0.0	0.0
2017-08-10 12:48:22.050	0.0	-0.25	0.0	0.0
2017-08-10 12:48:22.100	0.0	-0.25	0.0	0.0
2017-08-10 12:48:22.150	0.0	-0.25	0.0	0.0
2017-08-10 12:48:22.200	0.0	-0.25	0.0	0.0
2017-08-10 12:48:22.250	0.0	-0.25	0.0	0.0
2017-08-10 12:48:22.300	0.0	-0.25	0.0	0.0
2017-08-10 12:48:22.350	0.0	-0.25	0.0	0.0
2017-08-10 12:48:22.400	0.0	-0.25	0.0	0.0
2017-08-10 12:48:22.450	0.0	-0.25	0.0	0.0
2017-08-10 12:48:22.500	0.0	-0.25	0.0	0.0
2017-08-10 12:48:22.550	0.0	-0.25	0.0	0.0
2017-08-10 12:48:22.600	0.0	-0.25	0.0	0.0
2017-08-10 12:48:22.650	0.0	-0.25	0.0	0.0
2017-08-10 12:48:22.700	0.0	-0.25	0.0	0.0
2017-08-10 12:48:22.750	0.0	-0.25	0.0	0.0
2017-08-10 12:48:22.800	0.0	-0.25	0.0	0.0
2017-08-10 12:48:22.850	0.0	-0.25	0.0	0.0
2017-08-10 12:48:22.900	0.0	-0.25	0.0	0.0
2017-08-10 12:48:22.950	0.0	-0.125	0.0	0.0
2017-08-10 12:48:23.000	0.0	0.0	0.0	0.25
2017-08-10 12:48:23.050	0.0	0.0	0.0	0.25
2017-08-10 12:48:23.100	0.0	0.0	0.0	0.25
2017-08-10 12:48:23.150	0.0	0.0	0.0	0.25
2017-08-10 12:48:23.200	0.0	0.0	0.0	0.25
2017-08-10 12:48:23.250	0.0	0.0	0.0	0.25
2017-08-10 12:48:23.300	0.0	0.0	0.0	0.25
2017-08-10 12:48:23.350	0.0	0.0	0.0	0.25
2017-08-10 12:48:23.400	0.0	0.0	0.0	0.25
2017-08-10 12:48:23.450	0.0	0.0	0.0	0.25
2017-08-10 12:48:23.500	0.0	0.0	0.0	0.25
2017-08-10 12:48:23.550	0.0	0.0	0.0	0.25
2017-08-10 12:48:23.600	0.0	0.0	0.0	0.25
2017-08-10 12:48:23.650	0.0	0.0	0.0	0.25
2017-08-10 12:48:23.700	0.0	0.0	0.0	0.25
2017-08-10 12:48:23.750	0.0	0.0	0.0	0.25
2017-08-10 12:48:23.800	0.0	0.0	0.0	0.25
2017-08-10 12:48:23.850	0.0	0.0	0.0	0.25
2017-08-10 12:48:23.900	0.0	0.0	0.0	0.25
2017-08-10 12:48:23.950	0.0	0.0	0.0	0.25
2017-08-10 12:48:24.000	0.0	0.0	0.0	0.25
2017-08-10 12:48:24.050	0.0	0.0	0.0	0.25
2017-08-10 12:48:24.100	0.0	0.0	0.0	0.25
2017-08-10 12:48:24.150	0.0	0.0	0.0	0.25
2017-08-10 12:48:24.200	0.0	0.0	0.0	0.25
2017-08-10 12:48:24.250	0.0	0.0	0.0	0.25
2017-08-10 12:48:24.300	0.0	0.0	0.0	0.25
2017-08-10 12:48:24.350	0.0	0.0	0.0	0.25
2017-08-10 12:48:24.400	0.0	0.0	0.0	0.25
2017-08-10 12:48:24.450	0.0	0.0	0.0	0.25
2017-08-10 12:48:24.500	0.0	0.0	0.0	0.25
2017-08-10 12:48:24.550	0.0	0.0	0.0	0.25
2017-08-10 12:48:24.600	0.0	0.0	0.0	0.25
2017-08-10 12:48:24.650	0.0	0.0	0.0	0.25
2017-08-10 12:48:24.700	0.0	0.0	0.0	0.25
2017-08-10 12:48:24.750	0.0	0.0	0.0	0.25
2017-08-10 12:48:24.800	0.0	0.0	0.0	0.25
2017-08-10 12:48:24.850	0.0	0.0	0.0	0.25
2017-08-10 12:48:24.900	0.0	0.0	0.0	0.25
2017-08-10 12:48:24.950	0.0	0.0	0.0	0.25
2017-08-10 12:48:25.000	0.0	0.0	0.0	0.25
2017-08-10 12:48:25.050	0.0	0.0	0.0	0.25
2017-08-10 12:48:25.100	0.0	0.0	0.0	0.25
2017-08-10 12:48:25.150	0.0	0.0	0.0	0.25
2017-08-10 12:48:25.200	0.0	0.0	0.0	0.25
2017-08-10 12:48:25.250	0.0	0.0	0.0	0.25
2017-08-10 12:48:25.300	0.0	0.0	0.0	0.25
2017-08-10 12:48:25.350	0.0	0.0	0.0	0.25
2017-08-10 12:48:25.400	0.0	0.0	0.0	0.25
2017-08-10 12:48:25.450	0.0	0.0	0.0	0.25
2017-08-10 12:48:25.500	0.0	0.0	0.0	0.25
2017-08-10 12:48:25.550	0.0	0.0	0.0	0.25
2017-08-10 12:48:25.600	0.0	0.0	0.0	0.25
2017-08-10 12:48:25.650	0.0	0.0	0.0	0.25
2017-08-10 12:48:25.700	0.0	0.0	0.0	0.25
2017-08-10 12:48:25.750	0.0	0.0	0.0	0.25
2017-08-10 12:48:25.800	0.0	0.0	0.0	0.25
2017-08-10 12:48:25.850	0.0	0.0	0.0	0.25
2017-08-10 12:48:25.900	0.0	0.0	0.0	0.25
2017-08-10 12:48:25.950	0.0	0.0	0.0	0.25
2017-08-10 12:48:26.000	0.0	0.0	0.0	0.25
2017-08-10 12:48:26.050	0.0	0.0	0.0	0.25
2017-08-10 12:48:26.100	0.0	0.0	0.0	0.25
2017-08-10 12:48:26.150	0.0	0.0	0.0	0.25
2017-08-10 12:48:26.200	0.0	0.0	0.0	0.25
2017-08-10 12:48:26.250	0.0	0.0	0.0	0.25
2017-08-10 12:48:26.300	0.0	0.0	0.0	0.25
2017-08-10 12:48:26.350	0.0	0.0	0.0	0.25
2017-08-10 12:48:26.400	0.0	0.0	0.0	0.25
2017-08-10 12:48:26.450	0.0	0.0	0.0	0.25
2017-08-10 12:48:26.500	0.0	0.0	0.0	0.25
2017-08-10 12:48:26.550	0.0	0.0	0.0	0.25
2017-08-10 12:48:26.600	0.0	0.0	0.0	0.25
2017-08-10 12:48:26.650	0.0	0.0	0.0	0.25
2017-08-10 12:48:26.700	0.0	0.0	0.0	0.25
2017-08-10 12:48:26.750	0.0	0.0	0.0	0.25
2017-08-10 12:48:26.800	0.0	0.0	0.0	0.25
2017-08-10 12:48:26.850	0.0	0.0	0.0	0.25
2017-08-10 12:48:26.900	0.0	0.0	0.0	0.25
2017-08-10 12:48:26.950	0.0	0.0	0.0	0.25
2017-08-10 12:48:27.000	0.0	0.0	0.0	0.25
2017-08-10 12:48:27.050	0.0	0.0	0.0	0.25
2017-08-10 12:48:27.100	0.0	0.0	0.0	0.25
2017-08-10 12:48:27.150	0.0	0.0	0.0	0.25
2017-08-10 12:48:27.200	0.0	0.0	0.0	0.25
2017-08-10 12:48:27.250	0.0	0.0	0.0	0.25
2017-08-10 12:48:27.300	0.0	0.0	0.0	0.25
2017-08-10 12:48:27.350	0.0	0.0	0.0	0.25
2017-08-10 12:48:27.400	0.0	0.0	0.0	0.25
2017-08-10 12:48:27.450	0.0	0.0	0.0	0.25
2017-08-10 12:48:27.500	0.0	0.0	0.0	0.25
2017-08-10 12:48:27.550	0.0	0.0	0.0	0.25
2017-08-10 12:48:27.600	0.0	0.0	0.0	0.25
2017-08-10 12:48:27.650	0.0	0.0	0.0	0.25
2017-08-10 12:48:27.700	0.0	0.0	0.0	0.25
2017-08-10 12:48:27.750	0.0	0.0	0.0	0.25
2017-08-10 12:48:27.800	0.0	0.0	0.0	0.25
2017-08-10 12:48:27.850	0.0	0.0	0.0	0.25
2017-08-10 12:48:27.900	0.0	0.0	0.0	0.25
2017-08-10 12:48:27.950	0.0	0.0	0.0	0.25
2017-08-10 12:48:28.000	0.0	0.0	0.0	0.25
2017-08-10 12:48:28.050	0.0	0.0	0.0	0.25
2017-08-10 12:48:28.100	0.0	0.0	0.0	0.25
2017-08-10 12:48:28.150	0.0	0.0	0.0	0.25
2017-08-10 12:48:28.200	0.0	0.0	0.0	0.25
2017-08-10 12:48:28.250	0.0	0.0	0.0	0.25
2017-08-10 12:48:28.300	0.0	0.0	0.0	0.25
2017-08-10 12:48:28.350	0.0	0.0	0.0	0.25
2017-08-10 12:48:28.400	0.0	0.0	0.0	0.25
2017-08-10 12:48:28.450	0.0	0.0	0.0	0.25
2017-08-10 12:48:28.500	0.0	0.0	0.0	0.25
2017-08-10 12:48:28.550	0.0	0.0	0.0	0.25
2017-08-10 12:48:28.600	0.0	0.0	0.0	0.25
2017-08-10 12:48:28.650	0.0	0.0	0.0	0.25
2017-08-10 12:48:28.700	0.0	0.0	0.0	0.25
2017-08-10 12:48:28.750	0.0	0.0	0.0	0.25
2017-08-10 12:48:28.800	0.0	0.0	0.0	0.25
2017-08-10 12:48:28.850	0.0	0.0	0.0	0.25
2017-08-10 12:48:28.900	0.0	0.0	0.0	0.25
2017-08-10 12:48:28.950	0.0	0.0	0.0	0.25
2017-08-10 12:48:29.000	0.0	0.0	0.0	0.25
2017-08-10 12:48:29.050	0.0	0.0	0.0	0.25
2017-08-10 12:48:29.100	0.0	0.0	0.0	0.25
2017-08-10 12:48:29.150	0.0	0.0	0.0	0.25
2017-08-10 12:48:29.200	0.0	0.0	0.0	0.25
2017-08-10 12:48:29.250	0.0	0.0	0.0	0.25
2017-08-10 12:48:29.300	0.0	0.0	0.0	0.125
2017-08-10 12:48:29.350	0.0	0.0	0.0	0.25
2017-08-10 12:48:29.400	0.0	0.0	0.0	0.25
2017-08-10 12:48:29.450	0.0	0.0	0.0	0.25
2017-08-10 12:48:29.500	0.0	0.0	0.0	0.25
2017-08-10 12:48:29.550	0.0	0.0	0.0	0.25
2017-08-10 12:48:29.600	0.0	0.0	0.0	0.25
2017-08-10 12:48:29.650	0.0	0.0	0.0	0.25
2017-08-10 12:48:29.700	0.0	0.0	0.0	0.25
2017-08-10 12:48:29.750	0.0	0.0	0.0	0.25
2017-08-10 12:48:29.800	0.0	0.0	0.0	0.25
2017-08-10 12:48:29.850	0.0	0.0	0.0	0.25
2017-08-10 12:48:29.900	0.0	0.0	0.0	0.25
2017-08-10 12:48:29.950	0.0	0.0	0.0	0.25
2017-08-10 12:48:30.000	0.0	0.0	0.0	0.25
2017-08-10 12:48:30.050	0.0	0.0	0.0	0.25
2017-08-10 12:48:30.100	0.0	0.0	0.0	0.25
2017-08-10 12:48:30.150	0.0	0.0	0.0	0.125
2017-08-10 12:48:30.200	0.0	0.0	0.0	0.0
2017-08-10 12:48:30.250	0.0	0.0	0.0	0.0
2017-08-10 12:48:30.300	0.0	0.0	0.0	0.0
2017-08-10 12:48:30.350	-0.25	0.0	0.0	0.0
2017-08-10 12:48:30.400	-0.25	0.0	0.0	0.0
2017-08-10 12:48:30.450	-0.25	0.0	0.0	0.0
2017-08-10 12:48:30.500	-0.25	0.0	0.0	0.0
2017-08-10 12:48:30.550	-0.25	0.0	0.0	0.0
2017-08-10 12:48:30.600	-0.25	0.0	0.0	0.0
2017-08-10 12:48:30.650	-0.25	0.0	0.0	0.0
2017-08-10 12:48:30.700	-0.25	0.0	0.0	0.0
2017-08-10 12:48:30.750	-0.25	0.0	0.0	0.0
2017-08-10 12:48:30.800	-0.25	0.0	0.0	0.0
2017-08-10 12:48:30.850	-0.25	0.0	0.0	0.0
2017-08-10 12:48:30.900	-0.25	0.0	0.0	0.0
2017-08-10 12:48:30.950	-0.25	0.0	0.0	0.0
2017-08-10 12:48:31.000	-0.25	0.0	0.0	0.0
2017-08-10 12:48:31.050	-0.25	0.0	0.0	0.0
2017-08-10 12:48:31.100	-0.25	0.0	0.0	0.0
2017-08-10 12:48:31.150	-0.25	0.0	0.0	0.0
2017-08-10 12:48:31.200	-0.25	0.0	0.0	0.0
2017-08-10 12:48:31.250	-0.25	0.0	0.0	0.0
2017-08-10 12:48:31.300	-0.25	0.0	0.0	0.0
2017-08-10 12:48:31.350	-0.25	0.0	0.0	0.0
2017-08-10 12:48:31.400	-0.25	0.0	0.0	0.0
2017-08-10 12:48:31.450	-0.25	0.0	0.0	0.0
2017-08-10 12:48:31.500	-0.25	0.0	0.0	0.0
2017-08-10 12:48:31.550	-0.25	0.0	0.0	0.0
2017-08-10 12:48:31.600	-0.25	0.0	0.0	0.0
2017-08-10 12:48:31.650	-0.25	0.0	0.0	0.0
2017-08-10 12:48:31.700	-0.25	0.0	0.0	0.0
2017-08-10 12:48:31.750	-0.25	0.0	0.0	0.0
2017-08-10 12:48:31.800	-0.25	0.0	0.0	0.0
2017-08-10 12:48:31.850	-0.25	0.0	0.0	0.0
2017-08-10 12:48:31.900	-0.25	0.0	0.0	0.0
2017-08-10 12:48:31.950	-0.25	0.0	0.0	0.0
2017-08-10 12:48:32.000	-0.25	0.0	0.0	0.0
2017-08-10 12:48:32.050	-0.25	0.0	0.0	0.0
2017-08-10 12:48:32.100	-0.25	0.0	0.0	0.0
2017-08-10 12:48:32.150	-0.25	0.0	0.0	0.0
2017-08-10 12:48:32.200	-0.25	0.0	0.0	0.0
2017-08-10 12:48:32.250	-0.25	0.0	0.0	0.0
2017-08-10 12:48:32.300	-0.25	0.0	0.0	0.0
2017-08-10 12:48:32.350	-0.25	0.0	0.0	0.0
2017-08-10 12:48:32.400	-0.25	0.0	0.0	0.0
2017-08-10 12:48:32.450	-0.25	0.0	0.0	0.0
2017-08-10 12:48:32.500	-0.25	0.0	0.0	0.0
2017-08-10 12:48:32.550	-0.25	0.0	0.0	0.0
2017-08-10 12:48:32.600	-0.25	0.0	0.0	0.0
2017-08-10 12:48:32.650	-0.25	0.0	0.0	0.0
2017-08-10 12:48:32.700	-0.25	0.0	0.0	0.0
2017-08-10 12:48:32.750	-0.25	0.0	0.0	0.0
2017-08-10 12:48:32.800	-0.25	0.0	0.0	0.0
2017-08-10 12:48:32.850	-0.25	0.0	0.0	0.0
2017-08-10 12:48:32.900	-0.25	0.0	0.0	0.0
2017-08-10 12:48:32.950	-0.25	0.0	0.0	0.0
2017-08-10 12:48:33.000	-0.25	0.0	0.0	0.0
2017-08-10 12:48:33.050	-0.25	0.0	0.0	0.0
2017-08-10 12:48:33.100	-0.25	0.0	0.0	0.0
2017-08-10 12:48:33.150	-0.25	0.0	0.0	0.0
2017-08-10 12:48:33.200	-0.25	0.0	0.0	0.0
2017-08-10 12:48:33.250	-0.25	0.0	0.0	0.0
2017-08-10 12:48:33.300	-0.25	0.0	0.0	0.0
2017-08-10 12:48:33.350	-0.25	0.0	0.0	0.0
2017-08-10 12:48:33.400	-0.25	0.0	0.0	0.0
2017-08-10 12:48:33.450	-0.25	0.0	0.0	0.0
2017-08-10 12:48:33.500	-0.25	0.0	0.0	0.0
2017-08-10 12:48:33.550	-0.25	0.0	0.0	0.0
2017-08-10 12:48:33.600	-0.25	0.0	0.0	0.0
2017-08-10 12:48:33.650	-0.25	0.0	0.0	0.0
2017-08-10 12:48:33.700	-0.25	0.0	0.0	0.0
2017-08-10 12:48:33.750	-0.25	0.0	0.0	0.0
2017-08-10 12:48:33.800	-0.25	0.0	0.0	0.0
2017-08-10 12:48:33.850	-0.125	0.0	0.0	0.0
2017-08-10 12:48:33.900	0.25	0.0	0.0	0.0
2017-08-10 12:48:33.950	0.25	0.0	0.0	0.0
2017-08-10 12:48:34.000	0.25	0.0	0.0	0.0
2017-08-10 12:48:34.050	0.25	0.0	0.0	0.0
2017-08-10 12:48:34.100	0.25	0.0	0.0	0.0
2017-08-10 12:48:34.150	0.25	0.0	0.0	0.0
2017-08-10 12:48:34.200	0.25	0.0	0.0	0.0
2017-08-10 12:48:34.250	0.25	0.0	0.0	0.0
2017-08-10 12:48:34.300	0.25	0.0	0.0	0.0
2017-08-10 12:48:34.350	0.25	0.0	0.0	0.0
2017-08-10 12:48:34.400	0.25	0.0	0.0	0.0
2017-08-10 12:48:34.450	0.25	0.0	0.0	0.0
2017-08-10 12:48:34.500	0.25	0.0	0.0	0.0
2017-08-10 12:48:34.550	0.25	0.0	0.0	0.0
2017-08-10 12:48:34.600	0.25	0.0	0.0	0.0
2017-08-10 12:48:34.650	0.25	0.0	0.0	0.0
2017-08-10 12:48:34.700	0.25	0.0	0.0	0.0
2017-08-10 12:48:34.750	0.25	0.0	0.0	0.0
2017-08-10 12:48:34.800	0.25	0.0	0.0	0.0
2017-08-10 12:48:34.850	0.25	0.0	0.0	0.0
2017-08-10 12:48:34.900	0.25	0.0	0.0	0.0
2017-08-10 12:48:34.950	0.25	0.0	0.0	0.0
2017-08-10 12:48:35.000	0.25	0.0	0.0	0.0
2017-08-10 12:48:35.050	0.25	0.0	0.0	0.0
2017-08-10 12:48:35.100	0.25	0.0	0.0	0.0
2017-08-10 12:48:35.150	0.25	0.0	0.0	0.0
2017-08-10 12:48:35.200	0.25	0.0	0.0	0.0
2017-08-10 12:48:35.250	0.25	0.0	0.0	0.0
2017-08-10 12:48:35.300	0.25	0.0	0.0	0.0
2017-08-10 12:48:35.350	0.25	0.0	0.0	0.0
2017-08-10 12:48:35.400	0.25	0.0	0.0	0.0
2017-08-10 12:48:35.450	0.25	0.0	0.0	0.0
2017-08-10 12:48:35.500	0.25	0.0	0.0	0.0
2017-08-10 12:48:35.550	0.25	0.0	0.0	0.0
2017-08-10 12:48:35.600	0.25	0.0	0.0	0.0
2017-08-10 12:48:35.650	0.25	0.0	0.0	0.0
2017-08-10 12:48:35.700	0.25	0.0	0.0	0.0
2017-08-10 12:48:35.750	0.25	0.0	0.0	0.0
2017-08-10 12:48:35.800	0.25	0.0	0.0	0.0
2017-08-10 12:48:35.850	0.25	0.0	0.0	0.0
2017-08-10 12:48:35.900	0.25	0.0	0.0	0.0
2017-08-10 12:48:35.950	0.25	0.0	0.0	0.0
2017-08-10 12:48:36.000	0.25	0.0	0.0	0.0
2017-08-10 12:48:36.050	0.25	0.0	0.0	0.0
2017-08-10 12:48:36.100	0.25	0.0	0.0	0.0
2017-08-10 12:48:36.150	0.25	0.0	0.0	0.0
2017-08-10 12:48:36.200	0.25	0.0	0.0	0.0
2017-08-10 12:48:36.250	0.25	0.0	0.0	0.0
2017-08-10 12:48:36.300	0.25	0.0	0.0	0.0
2017-08-10 12:48:36.350	0.25	0.0	0.0	0.0
2017-08-10 12:48:36.400	0.25	0.0	0.0	0.0
2017-08-10 12:48:36.450	0.25	0.0	0.0	0.0
2017-08-10 12:48:36.500	0.25	0.0	0.0	0.0
2017-08-10 12:48:36.550	0.25	0.0	0.0	0.0
2017-08-10 12:48:36.600	0.25	0.0	0.0	0.0
2017-08-10 12:48:36.650	0.25	0.0	0.0	0.0
2017-08-10 12:48:36.700	0.25	0.0	0.0	0.0
2017-08-10 12:48:36.750	0.25	0.0	0.0	0.0
2017-08-10 12:48:36.800	0.25	0.0	0.0	0.0
2017-08-10 12:48:36.850	0.25	0.0	0.0	0.0
2017-08-10 12:48:36.900	0.25	0.0	0.0	0.0
2017-08-10 12:48:36.950	0.25	0.0	0.0	0.0
2017-08-10 12:48:37.000	0.25	0.0	0.0	0.0
2017-08-10 12:48:37.050	0.25	0.0	0.0	0.0
2017-08-10 12:48:37.100	0.25	0.0	0.0	0.0
2017-08-10 12:48:37.150	0.25	0.0	0.0	0.0
2017-08-10 12:48:37.200	0.25	0.0	0.0	0.0
2017-08-10 12:48:37.250	0.25	0.0	0.0	0.0
2017-08-10 12:48:37.300	0.0	0.0	0.0	0.0
2017-08-10 12:48:37.350	-0.25	0.0	0.0	0.0
2017-08-10 12:48:37.400	-0.25	0.0	0.0	0.0
2017-08-10 12:48:37.450	-0.25	0.0	0.0	0.0
2017-08-10 12:48:37.500	-0.25	0.0	0.0	0.0
2017-08-10 12:48:37.550	-0.25	0.0	0.0	0.0
2017-08-10 12:48:37.600	-0.25	0.0	0.0	0.0
2017-08-10 12:48:37.650	-0.25	0.0	0.0	0.0
2017-08-10 12:48:37.700	-0.25	0.0	0.0	0.0
2017-08-10 12:48:37.750	-0.25	0.0	0.0	0.0
2017-08-10 12:48:37.800	-0.25	0.0	0.0	0.0
2017-08-10 12:48:37.850	-0.25	0.0	0.0	0.0
2017-08-10 12:48:37.900	-0.25	0.0	0.0	0.0
2017-08-10 12:48:37.950	-0.25	0.0	0.0	0.0
2017-08-10 12:48:38.000	-0.25	0.0	0.0	0.0
2017-08-10 12:48:38.050	-0.25	0.0	0.0	0.0
2017-08-10 12:48:38.100	-0.25	0.0	0.0	0.0
2017-08-10 12:48:38.150	-0.25	0.0	0.0	0.0
2017-08-10 12:48:38.200	-0.25	0.0	0.0	0.0
2017-08-10 12:48:38.250	-0.25	0.0	0.0	0.0
2017-08-10 12:48:38.300	-0.25	0.0	0.0	0.0
2017-08-10 12:48:38.350	-0.25	0.0	0.0	0.0
2017-08-10 12:48:38.400	-0.25	0.0	0.0	0.0
2017-08-10 12:48:38.450	-0.25	0.0	0.0	0.0
2017-08-10 12:48:38.500	-0.25	0.0	0.0	0.0
2017-08-10 12:48:38.550	-0.25	0.0	0.0	0.0
2017-08-10 12:48:38.600	-0.25	0.0	0.0	0.0
2017-08-10 12:48:38.650	-0.25	0.0	0.0	0.0
2017-08-10 12:48:38.700	-0.25	0.0	0.0	0.0
2017-08-10 12:48:38.750	-0.25	0.0	0.0	0.0
2017-08-10 12:48:38.800	-0.25	0.0	0.0	0.0
2017-08-10 12:48:38.850	-0.25	0.0	0.0	0.0
2017-08-10 12:48:38.900	-0.25	0.0	0.0	0.0
2017-08-10 12:48:38.950	-0.25	0.0	0.0	0.0
2017-08-10 12:48:39.000	-0.25	0.0	0.0	0.0
2017-08-10 12:48:39.050	-0.25	0.0	0.0	0.0
2017-08-10 12:48:39.100	-0.25	0.0	0.0	0.0
2017-08-10 12:48:39.150	-0.25	0.0	0.0	0.0
2017-08-10 12:48:39.200	-0.25	0.0	0.0	0.0
2017-08-10 12:48:39.250	-0.25	0.0	0.0	0.0
2017-08-10 12:48:39.300	-0.25	0.0	0.0	0.0
2017-08-10 12:48:39.350	-0.25	0.0	0.0	0.0
2017-08-10 12:48:39.400	-0.25	0.0	0.0	0.0
2017-08-10 12:48:39.450	-0.25	0.0	0.0	0.0
2017-08-10 12:48:39.500	-0.25	0.0	0.0	0.0
2017-08-10 12:48:39.550	-0.25	0.0	0.0	0.0
2017-08-10 12:48:39.600	-0.25	0.0	0.0	0.0
2017-08-10 12:48:39.650	-0.25	0.0	0.0	0.0
2017-08-10 12:48:39.700	-0.25	0.0	0.0	0.0
2017-08-10 12:48:39.750	-0.25	0.0	0.0	0.0
2017-08-10 12:48:39.800	-0.25	0.0	0.0	0.0
2017-08-10 12:48:39.850	-0.25	0.0	0.0	0.0
2017-08-10 12:48:39.900	-0.25	0.0	0.0	0.0
2017-08-10 12:48:39.950	-0.25	0.0	0.0	0.0
2017-08-10 12:48:40.000	-0.25	0.0	0.0	0.0
2017-08-10 12:48:40.050	-0.25	0.0	0.0	0.0
2017-08-10 12:48:40.100	-0.25	0.0	0.0	0.0
2017-08-10 12:48:40.150	-0.25	0.0	0.0	0.0
2017-08-10 12:48:40.200	-0.25	0.0	0.0	0.0
2017-08-10 12:48:40.250	-0.25	0.0	0.0	0.0
2017-08-10 12:48:40.300	-0.25	0.0	0.0	0.0
2017-08-10 12:48:40.350	-0.25	0.0	0.0	0.0
2017-08-10 12:48:40.400	-0.25	0.0	0.0	0.0
2017-08-10 12:48:40.450	-0.25	0.0	0.0	0.0
2017-08-10 12:48:40.500	-0.25	0.0	0.0	0.0
2017-08-10 12:48:40.550	-0.25	0.0	0.0	0.0
2017-08-10 12:48:40.600	-0.25	0.0	0.0	0.0
2017-08-10 12:48:40.650	-0.25	0.0	0.0	0.0
2017-08-10 12:48:40.700	-0.25	0.0	0.0	0.0
2017-08-10 12:48:40.750	-0.25	0.0	0.0	0.0
2017-08-10 12:48:40.800	-0.25	0.0	0.0	0.0
2017-08-10 12:48:40.850	-0.25	0.0	0.0	0.0
2017-08-10 12:48:40.900	-0.25	0.0	0.0	0.0
2017-08-10 12:48:40.950	-0.25	0.0	0.0	0.0
2017-08-10 12:48:41.000	-0.25	0.0	0.0	0.0
2017-08-10 12:48:41.050	-0.25	0.0	0.0	0.0
2017-08-10 12:48:41.100	-0.25	0.0	0.0	0.0
2017-08-10 12:48:41.150	-0.25	0.0	0.0	0.0
2017-08-10 12:48:41.200	-0.25	0.0	0.0	0.0
2017-08-10 12:48:41.250	-0.25	0.0	0.0	0.0
2017-08-10 12:48:41.300	-0.25	0.0	0.0	0.0
2017-08-10 12:48:41.350	-0.25	0.0	0.0	0.0
2017-08-10 12:48:41.400	-0.25	0.0	0.0	0.0
2017-08-10 12:48:41.450	-0.25	0.0	0.0	0.0
2017-08-10 12:48:41.500	-0.25	0.0	0.0	0.0
2017-08-10 12:48:41.550	-0.25	0.0	0.0	0.0
2017-08-10 12:48:41.600	-0.25	0.0	0.0	0.0
2017-08-10 12:48:41.650	-0.25	0.0	0.0	0.0
2017-08-10 12:48:41.700	-0.25	0.0	0.0	0.0
2017-08-10 12:48:41.750	-0.25	0.0	0.0	0.0
2017-08-10 12:48:41.800	-0.25	0.0	0.0	0.0
2017-08-10 12:48:41.850	-0.25	0.0	0.0	0.0
2017-08-10 12:48:41.900	-0.25	0.0	0.0	0.0
2017-08-10 12:48:41.950	-0.25	0.0	0.0	0.0
2017-08-10 12:48:42.000	-0.25	0.0	0.0	0.0
2017-08-10 12:48:42.050	-0.25	0.0	0.0	0.0
2017-08-10 12:48:42.100	-0.25	0.0	0.0	0.0
2017-08-10 12:48:42.150	-0.25	0.0	0.0	0.0
2017-08-10 12:48:42.200	-0.25	0.0	0.0	0.0
2017-08-10 12:48:42.250	-0.25	0.0	0.0	0.0
2017-08-10 12:48:42.300	-0.25	0.0	0.0	0.0
2017-08-10 12:48:42.350	-0.25	0.0	0.0	0.0
2017-08-10 12:48:42.400	-0.25	0.0	0.0	0.0
2017-08-10 12:48:42.450	-0.25	0.0	0.0	0.0
2017-08-10 12:48:42.500	-0.25	0.0	0.0	0.0
2017-08-10 12:48:42.550	-0.25	0.0	0.0	0.0
2017-08-10 12:48:42.600	-0.25	0.0	0.0	0.0
2017-08-10 12:48:42.650	-0.25	0.0	0.0	0.0
2017-08-10 12:48:42.700	-0.25	0.0	0.0	0.0
2017-08-10 12:48:42.750	-0.25	0.0	0.0	0.0
2017-08-10 12:48:42.800	-0.25	0.0	0.0	0.0
2017-08-10 12:48:42.850	-0.25	0.0	0.0	0.0
2017-08-10 12:48:42.900	-0.25	0.0	0.0	0.0
2017-08-10 12:48:42.950	-0.25	0.0	0.0	0.0
2017-08-10 12:48:43.000	-0.25	0.0	0.0	0.0
2017-08-10 12:48:43.050	-0.25	0.0	0.0	0.0
2017-08-10 12:48:43.100	-0.25	0.0	0.0	0.0
2017-08-10 12:48:43.150	-0.25	0.0	0.0	0.0
2017-08-10 12:48:43.200	-0.25	0.0	0.0	0.0
2017-08-10 12:48:43.250	-0.25	0.0	0.0	0.0
2017-08-10 12:48:43.300	-0.25	0.0	0.0	0.0
2017-08-10 12:48:43.350	-0.25	0.0	0.0	0.0
2017-08-10 12:48:43.400	-0.25	0.0	0.0	0.0
2017-08-10 12:48:43.450	-0.25	0.0	0.0	0.0
2017-08-10 12:48:43.500	-0.25	0.0	0.0	0.0
2017-08-10 12:48:43.550	-0.25	0.0	0.0	0.0
2017-08-10 12:48:43.600	-0.25	0.0	0.0	0.0
2017-08-10 12:48:43.650	-0.25	0.0	0.0	0.0
2017-08-10 12:48:43.700	-0.25	0.0	0.0	0.0
2017-08-10 12:48:43.750	-0.16666666666666666	0.0	0.0	0.0
2017-08-10 12:48:43.800	0.25	0.0	0.0	0.0
2017-08-10 12:48:43.850	0.25	0.0	0.0	0.0
2017-08-10 12:48:43.900	0.25	0.0	0.0	0.0
2017-08-10 12:48:43.950	0.25	0.0	0.0	0.0
2017-08-10 12:48:44.000	0.25	0.0	0.0	0.0
2017-08-10 12:48:44.050	0.25	0.0	0.0	0.0
2017-08-10 12:48:44.100	0.25	0.0	0.0	0.0
2017-08-10 12:48:44.150	0.25	0.0	0.0	0.0
2017-08-10 12:48:44.200	0.25	0.0	0.0	0.0
2017-08-10 12:48:44.250	0.25	0.0	0.0	0.0
2017-08-10 12:48:44.300	0.25	0.0	0.0	0.0
2017-08-10 12:48:44.350	0.25	0.0	0.0	0.0
2017-08-10 12:48:44.400	0.25	0.0	0.0	0.0
2017-08-10 12:48:44.450	0.25	0.0	0.0	0.0
2017-08-10 12:48:44.500	0.25	0.0	0.0	0.0
2017-08-10 12:48:44.550	0.25	0.0	0.0	0.0
2017-08-10 12:48:44.600	0.25	0.0	0.0	0.0
2017-08-10 12:48:44.650	0.25	0.0	0.0	0.0
2017-08-10 12:48:44.700	0.25	0.0	0.0	0.0
2017-08-10 12:48:44.750	0.25	0.0	0.0	0.0
2017-08-10 12:48:44.800	0.25	0.0	0.0	0.0
2017-08-10 12:48:44.850	0.25	0.0	0.0	0.0
2017-08-10 12:48:44.900	0.25	0.0	0.0	0.0
2017-08-10 12:48:44.950	0.25	0.0	0.0	0.0
2017-08-10 12:48:45.000	0.25	0.0	0.0	0.0
2017-08-10 12:48:45.050	0.25	0.0	0.0	0.0
2017-08-10 12:48:45.100	0.25	0.0	0.0	0.0
2017-08-10 12:48:45.150	0.25	0.0	0.0	0.0
2017-08-10 12:48:45.200	0.25	0.0	0.0	0.0
2017-08-10 12:48:45.250	0.25	0.0	0.0	0.0
2017-08-10 12:48:45.300	0.25	0.0	0.0	0.0
2017-08-10 12:48:45.350	0.25	0.0	0.0	0.0
2017-08-10 12:48:45.400	0.25	0.0	0.0	0.0
2017-08-10 12:48:45.450	0.25	0.0	0.0	0.0
2017-08-10 12:48:45.500	0.25	0.0	0.0	0.0
2017-08-10 12:48:45.550	0.25	0.0	0.0	0.0
2017-08-10 12:48:45.600	0.25	0.0	0.0	0.0
2017-08-10 12:48:45.650	0.25	0.0	0.0	0.0
2017-08-10 12:48:45.700	0.25	0.0	0.0	0.0
2017-08-10 12:48:45.750	0.25	0.0	0.0	0.0
2017-08-10 12:48:45.800	0.25	0.0	0.0	0.0
2017-08-10 12:48:45.850	0.25	0.0	0.0	0.0
2017-08-10 12:48:45.900	0.25	0.0	0.0	0.0
2017-08-10 12:48:45.950	0.25	0.0	0.0	0.0
2017-08-10 12:48:46.000	0.25	0.0	0.0	0.0
2017-08-10 12:48:46.050	0.25	0.0	0.0	0.0
2017-08-10 12:48:46.100	0.25	0.0	0.0	0.0
2017-08-10 12:48:46.150	0.25	0.0	0.0	0.0
2017-08-10 12:48:46.200	0.25	0.0	0.0	0.0
2017-08-10 12:48:46.250	0.25	0.0	0.0	0.0
2017-08-10 12:48:46.300	0.25	0.0	0.0	0.0
2017-08-10 12:48:46.350	0.25	0.0	0.0	0.0
2017-08-10 12:48:46.400	0.25	0.0	0.0	0.0
2017-08-10 12:48:46.450	0.25	0.0	0.0	0.0
2017-08-10 12:48:46.500	0.25	0.0	0.0	0.0
2017-08-10 12:48:46.550	0.25	0.0	0.0	0.0
2017-08-10 12:48:46.600	0.25	0.0	0.0	0.0
2017-08-10 12:48:46.650	0.25	0.0	0.0	0.0
2017-08-10 12:48:46.700	0.25	0.0	0.0	0.0
2017-08-10 12:48:46.750	0.25	0.0	0.0	0.0
2017-08-10 12:48:46.800	0.25	0.0	0.0	0.0
2017-08-10 12:48:46.850	0.25	0.0	0.0	0.0
2017-08-10 12:48:46.900	0.25	0.0	0.0	0.0
2017-08-10 12:48:46.950	0.25	0.0	0.0	0.0
2017-08-10 12:48:47.000	0.25	0.0	0.0	0.0
2017-08-10 12:48:47.050	0.25	0.0	0.0	0.0
2017-08-10 12:48:47.100	0.25	0.0	0.0	0.0
2017-08-10 12:48:47.150	0.25	0.0	0.0	0.0
2017-08-10 12:48:47.200	0.25	0.0	0.0	0.0
2017-08-10 12:48:47.250	0.25	0.0	0.0	0.0
2017-08-10 12:48:47.300	0.25	0.0	0.0	0.0
2017-08-10 12:48:47.350	0.25	0.0	0.0	0.0
2017-08-10 12:48:47.400	0.25	0.0	0.0	0.0
2017-08-10 12:48:47.450	0.25	0.0	0.0	0.0
2017-08-10 12:48:47.500	0.25	0.0	0.0	0.0
2017-08-10 12:48:47.550	0.25	0.0	0.0	0.0
2017-08-10 12:48:47.600	0.25	0.0	0.0	0.0
2017-08-10 12:48:47.650	0.25	0.0	0.0	0.0
2017-08-10 12:48:47.700	0.25	0.0	0.0	0.0
2017-08-10 12:48:47.750	0.125	0.0	0.0	0.0
2017-08-10 12:48:47.800	0.0	0.0	0.25	0.0
2017-08-10 12:48:47.850	0.0	0.0	0.25	0.0
2017-08-10 12:48:47.900	0.0	0.0	0.25	0.0
2017-08-10 12:48:47.950	0.0	0.0	0.25	0.0
2017-08-10 12:48:48.000	0.0	0.0	0.25	0.0
2017-08-10 12:48:48.050	0.0	0.0	0.25	0.0
2017-08-10 12:48:48.100	0.0	0.0	0.25	0.0
2017-08-10 12:48:48.150	0.0	0.0	0.25	0.0
2017-08-10 12:48:48.200	0.0	0.0	0.25	0.0
2017-08-10 12:48:48.250	0.0	0.0	0.25	0.0
2017-08-10 12:48:48.300	0.0	0.0	0.25	0.0
2017-08-10 12:48:48.350	0.0	0.0	0.25	0.0
2017-08-10 12:48:48.400	0.0	0.0	0.25	0.0
2017-08-10 12:48:48.450	0.0	0.0	0.25	0.0
2017-08-10 12:48:48.500	0.0	0.0	0.25	0.0
2017-08-10 12:48:48.550	0.0	0.0	0.25	0.0
2017-08-10 12:48:48.600	0.0	0.0	0.25	0.0
2017-08-10 12:48:48.650	0.0	0.0	0.25	0.0
2017-08-10 12:48:48.700	0.0	0.0	0.25	0.0
2017-08-10 12:48:48.750	0.0	0.0	0.25	0.0
2017-08-10 12:48:48.800	0.0	0.0	0.25	0.0
2017-08-10 12:48:48.850	0.0	0.0	0.25	0.0
2017-08-10 12:48:48.900	0.0	0.0	0.25	0.0
2017-08-10 12:48:48.950	0.0	0.0	0.25	0.0
2017-08-10 12:48:49.000	0.0	0.0	0.25	0.0
2017-08-10 12:48:49.050	0.0	0.0	0.25	0.0
2017-08-10 12:48:49.100	0.0	0.0	0.25	0.0
2017-08-10 12:48:49.150	0.0	0.0	0.25	0.0
2017-08-10 12:48:49.200	0.0	0.0	0.25	0.0
2017-08-10 12:48:49.250	0.0	0.0	0.25	0.0
2017-08-10 12:48:49.300	0.0	0.0	0.25	0.0
2017-08-10 12:48:49.350	0.0	0.0	0.25	0.0
2017-08-10 12:48:49.400	0.0	0.0	0.25	0.0
2017-08-10 12:48:49.450	0.0	0.0	0.25	0.0
2017-08-10 12:48:49.500	0.0	0.0	0.25	0.0
2017-08-10 12:48:49.550	0.0	0.0	0.25	0.0
2017-08-10 12:48:49.600	0.0	0.0	0.25	0.0
2017-08-10 12:48:49.650	0.0	0.0	0.25	0.0
2017-08-10 12:48:49.700	0.0	0.0	0.25	0.0
2017-08-10 12:48:49.750	0.0	0.0	0.25	0.0
2017-08-10 12:48:49.800	0.0	0.0	0.25	0.0
2017-08-10 12:48:49.850	0.0	0.0	0.25	0.0
2017-08-10 12:48:49.900	0.0	0.0	0.25	0.0
2017-08-10 12:48:49.950	0.0	0.0	0.125	0.0
2017-08-10 12:48:50.000	0.0	0.0	0.0	0.0
2017-08-10 12:48:50.050	0.0	0.0	0.0	0.0
2017-08-10 12:48:50.100	0.0	0.0	0.0	-0.25
2017-08-10 12:48:50.150	0.0	0.0	0.0	-0.25
2017-08-10 12:48:50.200	0.0	0.0	0.0	-0.25
2017-08-10 12:48:50.250	0.0	0.0	0.0	-0.25
2017-08-10 12:48:50.300	0.0	0.0	0.0	-0.25
2017-08-10 12:48:50.350	0.0	0.0	0.0	-0.25
2017-08-10 12:48:50.400	0.0	0.0	0.0	-0.25
2017-08-10 12:48:50.450	0.0	0.0	0.0	-0.25
2017-08-10 12:48:50.500	0.0	0.0	0.0	-0.25
2017-08-10 12:48:50.550	0.0	0.0	0.0	-0.25
2017-08-10 12:48:50.600	0.0	0.0	0.0	-0.25
2017-08-10 12:48:50.650	0.0	0.0	0.0	-0.25
2017-08-10 12:48:50.700	0.0	0.0	0.0	-0.25
2017-08-10 12:48:50.750	0.0	0.0	0.0	-0.25
2017-08-10 12:48:50.800	0.0	0.0	0.0	-0.25
2017-08-10 12:48:50.850	0.0	0.0	0.0	-0.25
2017-08-10 12:48:50.900	0.0	0.0	0.0	-0.25
2017-08-10 12:48:50.950	0.0	0.0	0.0	-0.25
2017-08-10 12:48:51.000	0.0	0.0	0.0	-0.25
2017-08-10 12:48:51.050	0.0	0.0	0.0	-0.25
2017-08-10 12:48:51.100	0.0	0.0	0.0	-0.25
2017-08-10 12:48:51.150	0.0	0.0	0.0	-0.25
2017-08-10 12:48:51.200	0.0	0.0	0.0	-0.25
2017-08-10 12:48:51.250	0.0	0.0	0.0	-0.25
2017-08-10 12:48:51.300	0.0	0.0	0.0	-0.25
2017-08-10 12:48:51.350	0.0	0.0	0.0	-0.25
2017-08-10 12:48:51.400	0.0	0.0	0.0	-0.25
2017-08-10 12:48:51.450	0.0	0.0	0.0	-0.25
2017-08-10 12:48:51.500	0.0	0.0	0.0	-0.25
2017-08-10 12:48:51.550	0.0	0.0	0.0	-0.25
2017-08-10 12:48:51.600	0.0	0.0	0.0	-0.25
2017-08-10 12:48:51.650	0.0	0.0	0.0	-0.25
2017-08-10 12:48:51.700	0.0	0.0	0.0	-0.25
2017-08-10 12:48:51.750	0.0	0.0	0.0	-0.25
2017-08-10 12:48:51.800	0.0	0.0	0.0	-0.25
2017-08-10 12:48:51.850	0.0	0.0	0.0	-0.25
2017-08-10 12:48:51.900	0.0	0.0	0.0	-0.25
2017-08-10 12:48:51.950	0.0	0.0	0.0	-0.25
2017-08-10 12:48:52.000	0.0	0.0	0.0	-0.25
2017-08-10 12:48:52.050	0.0	0.0	0.0	-0.25
2017-08-10 12:48:52.100	0.0	0.0	0.0	-0.25
2017-08-10 12:48:52.150	0.0	0.0	0.0	-0.25
2017-08-10 12:48:52.200	0.0	0.0	0.0	-0.25
2017-08-10 12:48:52.250	0.0	0.0	0.0	-0.25
2017-08-10 12:48:52.300	0.0	0.0	0.0	-0.25
2017-08-10 12:48:52.350	0.0	0.0	0.0	-0.25
2017-08-10 12:48:52.400	0.0	0.0	0.0	-0.25
2017-08-10 12:48:52.450	0.0	0.0	0.0	-0.25
2017-08-10 12:48:52.500	0.0	0.0	0.0	-0.25
2017-08-10 12:48:52.550	0.0	0.0	0.0	-0.25
2017-08-10 12:48:52.600	0.0	0.0	0.0	-0.25
2017-08-10 12:48:52.650	0.0	0.0	0.0	-0.25
2017-08-10 12:48:52.700	0.0	0.0	0.0	-0.25
2017-08-10 12:48:52.750	0.0	0.0	0.0	-0.25
2017-08-10 12:48:52.800	0.0	0.0	0.0	-0.25
2017-08-10 12:48:52.850	0.0	0.0	0.0	-0.25
2017-08-10 12:48:52.900	0.0	0.0	0.0	-0.25
2017-08-10 12:48:52.950	0.0	0.0	0.0	-0.25
2017-08-10 12:48:53.000	0.0	0.0	0.0	-0.25
2017-08-10 12:48:53.050	0.0	0.0	0.0	-0.25
2017-08-10 12:48:53.100	0.0	0.0	0.0	-0.25
2017-08-10 12:48:53.150	0.0	0.0	0.0	-0.25
2017-08-10 12:48:53.200	0.0	0.0	0.0	-0.25
2017-08-10 12:48:53.250	0.0	0.0	0.0	-0.25
2017-08-10 12:48:53.300	0.0	0.0	0.0	-0.25
2017-08-10 12:48:53.350	0.0	0.0	0.0	-0.25
2017-08-10 12:48:53.400	0.0	0.0	0.0	-0.25
2017-08-10 12:48:53.450	0.0	0.0	0.0	-0.25
2017-08-10 12:48:53.500	0.0	0.0	0.0	-0.25
2017-08-10 12:48:53.550	0.0	0.0	0.0	-0.25
2017-08-10 12:48:53.600	0.0	0.0	0.0	-0.25
2017-08-10 12:48:53.650	0.0	0.0	0.0	-0.25
2017-08-10 12:48:53.700	0.0	0.0	0.0	-0.25
2017-08-10 12:48:53.750	0.0	0.0	0.0	-0.25
2017-08-10 12:48:53.800	0.0	0.0	0.0	-0.25
2017-08-10 12:48:53.850	0.0	0.0	0.0	-0.25
2017-08-10 12:48:53.900	0.0	0.0	0.0	-0.25
2017-08-10 12:48:53.950	0.0	0.0	0.0	-0.25
2017-08-10 12:48:54.000	0.0	0.0	0.0	-0.25
2017-08-10 12:48:54.050	0.0	0.0	0.0	-0.25
2017-08-10 12:48:54.100	0.0	0.0	0.0	-0.25
2017-08-10 12:48:54.150	0.0	0.0	0.0	-0.25
2017-08-10 12:48:54.200	0.0	0.0	0.0	-0.25
2017-08-10 12:48:54.250	0.0	0.0	0.0	-0.25
2017-08-10 12:48:54.300	0.0	0.0	0.0	-0.25
2017-08-10 12:48:54.350	0.0	0.0	0.0	-0.25
2017-08-10 12:48:54.400	0.0	0.0	0.0	-0.25
2017-08-10 12:48:54.450	0.0	0.0	0.0	-0.25
2017-08-10 12:48:54.500	0.0	0.0	0.0	-0.25
2017-08-10 12:48:54.550	0.0	0.0	0.0	-0.25
2017-08-10 12:48:54.600	0.0	0.0	0.0	-0.25
2017-08-10 12:48:54.650	0.0	0.0	0.0	-0.25
2017-08-10 12:48:54.700	0.0	0.0	0.0	-0.25
2017-08-10 12:48:54.750	0.0	0.0	0.0	-0.25
2017-08-10 12:48:54.800	0.0	0.0	0.0	-0.25
2017-08-10 12:48:54.850	0.0	0.0	0.0	-0.25
2017-08-10 12:48:54.900	0.0	0.0	0.0	-0.25
2017-08-10 12:48:54.950	0.0	0.0	0.0	-0.25
2017-08-10 12:48:55.000	0.0	0.0	0.0	-0.25
2017-08-10 12:48:55.050	0.0	0.0	0.0	-0.25
2017-08-10 12:48:55.100	0.0	0.0	0.0	-0.25
2017-08-10 12:48:55.150	0.0	0.0	0.0	-0.25
2017-08-10 12:48:55.200	0.0	0.0	0.0	-0.25
2017-08-10 12:48:55.250	0.0	0.0	0.0	-0.25
2017-08-10 12:48:55.300	0.0	0.0	0.0	-0.25
2017-08-10 12:48:55.350	0.0	0.0	0.0	-0.25
2017-08-10 12:48:55.400	0.0	0.0	0.0	-0.25
2017-08-10 12:48:55.450	0.0	0.0	0.0	-0.25
2017-08-10 12:48:55.500	0.0	0.0	0.0	-0.25
2017-08-10 12:48:55.550	0.0	0.0	0.0	-0.25
2017-08-10 12:48:55.600	0.0	0.0	0.0	-0.25
2017-08-10 12:48:55.650	0.0	0.0	0.0	-0.25
2017-08-10 12:48:55.700	0.0	0.0	0.0	-0.25
2017-08-10 12:48:55.750	0.0	0.0	0.0	-0.25
2017-08-10 12:48:55.800	0.0	0.0	0.0	-0.25
2017-08-10 12:48:55.850	0.0	0.0	0.0	-0.25
2017-08-10 12:48:55.900	0.0	0.0	0.0	-0.25
2017-08-10 12:48:55.950	0.0	0.0	0.0	-0.25
2017-08-10 12:48:56.000	0.0	0.0	0.0	-0.25
2017-08-10 12:48:56.050	0.0	0.0	0.0	-0.25
2017-08-10 12:48:56.100	0.0	0.0	0.0	-0.25
2017-08-10 12:48:56.150	0.0	0.0	0.0	-0.25
2017-08-10 12:48:56.200	0.0	0.0	0.0	-0.25
2017-08-10 12:48:56.250	0.0	0.0	0.0	-0.25
2017-08-10 12:48:56.300	0.0	0.0	0.0	-0.25
2017-08-10 12:48:56.350	0.0	0.0	0.0	-0.25
2017-08-10 12:48:56.400	0.0	0.0	0.0	-0.25
2017-08-10 12:48:56.450	0.0	0.0	0.0	-0.25
2017-08-10 12:48:56.500	0.0	0.0	0.0	-0.25
2017-08-10 12:48:56.550	0.0	0.0	0.0	-0.25
2017-08-10 12:48:56.600	0.0	0.0	0.0	-0.25
2017-08-10 12:48:56.650	0.0	0.0	0.0	-0.25
2017-08-10 12:48:56.700	0.0	0.0	0.0	-0.25
2017-08-10 12:48:56.750	0.0	0.0	0.0	-0.25
2017-08-10 12:48:56.800	0.0	0.0	0.0	-0.25
2017-08-10 12:48:56.850	0.0	0.0	0.0	-0.25
2017-08-10 12:48:56.900	0.0	0.0	0.0	-0.25
2017-08-10 12:48:56.950	0.0	0.0	0.0	-0.25
2017-08-10 12:48:57.000	0.0	0.0	0.0	-0.25
2017-08-10 12:48:57.050	0.0	0.0	0.0	-0.25
2017-08-10 12:48:57.100	0.0	0.0	0.0	-0.25
2017-08-10 12:48:57.150	0.0	0.0	0.0	-0.25
2017-08-10 12:48:57.200	0.0	0.0	0.0	-0.25
2017-08-10 12:48:57.250	0.0	0.0	0.0	-0.25
2017-08-10 12:48:57.300	0.0	0.0	0.0	-0.25
2017-08-10 12:48:57.350	0.0	0.0	0.0	-0.25
2017-08-10 12:48:57.400	0.0	0.0	0.0	-0.25
2017-08-10 12:48:57.450	0.0	0.0	0.0	-0.25
2017-08-10 12:48:57.500	0.0	0.0	0.0	-0.25
2017-08-10 12:48:57.550	0.0	0.0	0.0	-0.25
2017-08-10 12:48:57.600	0.0	0.0	0.0	-0.25
2017-08-10 12:48:57.650	0.0	0.0	0.0	-0.25
2017-08-10 12:48:57.700	0.0	0.0	0.0	-0.25
2017-08-10 12:48:57.750	0.0	0.0	0.0	-0.25
2017-08-10 12:48:57.800	0.0	0.0	0.0	-0.25
2017-08-10 12:48:57.850	0.0	0.0	0.0	-0.25
2017-08-10 12:48:57.900	0.0	0.0	0.0	-0.25
2017-08-10 12:48:57.950	0.0	0.0	0.0	-0.25
2017-08-10 12:48:58.000	0.0	0.0	0.0	-0.25
2017-08-10 12:48:58.050	0.0	0.0	0.0	-0.25
2017-08-10 12:48:58.100	0.0	0.0	0.0	-0.25
2017-08-10 12:48:58.150	0.0	0.0	0.0	-0.25
2017-08-10 12:48:58.200	0.0	0.0	0.0	-0.25
2017-08-10 12:48:58.250	0.0	0.0	0.0	-0.25
2017-08-10 12:48:58.300	0.0	0.0	0.0	-0.25
2017-08-10 12:48:58.350	0.0	0.0	0.0	-0.25
2017-08-10 12:48:58.400	0.0	0.0	0.0	-0.25
2017-08-10 12:48:58.450	0.0	0.0	0.0	-0.25
2017-08-10 12:48:58.500	0.0	0.0	0.0	-0.25
2017-08-10 12:48:58.550	0.0	0.0	0.0	-0.25
2017-08-10 12:48:58.600	0.0	0.0	0.0	-0.25
2017-08-10 12:48:58.650	0.0	0.0	0.0	-0.25
2017-08-10 12:48:58.700	0.0	0.0	0.0	-0.25
2017-08-10 12:48:58.750	0.0	0.0	0.0	-0.25
2017-08-10 12:48:58.800	0.0	0.0	0.0	-0.25
2017-08-10 12:48:58.850	0.0	0.0	0.0	-0.25
2017-08-10 12:48:58.900	0.0	0.0	0.0	-0.25
2017-08-10 12:48:58.950	0.0	0.0	0.0	-0.25
2017-08-10 12:48:59.000	0.0	0.0	0.0	-0.25
2017-08-10 12:48:59.050	0.0	0.0	0.0	-0.25
2017-08-10 12:48:59.100	0.0	0.0	0.0	-0.25
2017-08-10 12:48:59.150	0.0	0.0	0.0	-0.25
2017-08-10 12:48:59.200	0.0	0.0	0.0	-0.25
2017-08-10 12:48:59.250	0.0	0.0	0.0	-0.25
2017-08-10 12:48:59.300	0.0	0.0	0.0	-0.25
2017-08-10 12:48:59.350	0.0	0.0	0.0	-0.25
2017-08-10 12:48:59.400	0.0	0.0	0.0	-0.25
2017-08-10 12:48:59.450	0.0	0.0	0.0	-0.25
2017-08-10 12:48:59.500	0.0	0.0	0.0	-0.25
2017-08-10 12:48:59.550	0.0	0.0	0.0	-0.25
2017-08-10 12:48:59.600	0.0	0.0	0.0	-0.25
2017-08-10 12:48:59.650	0.0	0.0	0.0	-0.25
2017-08-10 12:48:59.700	0.0	0.0	0.0	-0.25
2017-08-10 12:48:59.750	0.0	0.0	0.0	-0.25
2017-08-10 12:48:59.800	0.0	0.0	0.0	-0.25
2017-08-10 12:48:59.850	0.0	0.0	0.0	-0.25
2017-08-10 12:48:59.900	0.0	0.0	0.0	-0.25
2017-08-10 12:48:59.950	0.0	0.0	0.0	-0.25
2017-08-10 12:49:00.000	0.0	0.0	0.0	-0.25
2017-08-10 12:49:00.050	0.0	0.0	0.0	-0.25
2017-08-10 12:49:00.100	0.0	0.0	0.0	-0.25
2017-08-10 12:49:00.150	0.0	0.0	0.0	-0.25
2017-08-10 12:49:00.200	0.0	0.0	0.0	-0.25
2017-08-10 12:49:00.250	0.0	0.0	0.0	-0.25
2017-08-10 12:49:00.300	0.0	0.0	0.0	-0.25
2017-08-10 12:49:00.350	0.0	0.0	0.0	-0.25
2017-08-10 12:49:00.400	0.0	0.0	0.0	-0.125
2017-08-10 12:49:00.450	0.0	0.0	0.0	0.0
2017-08-10 12:49:00.500	0.0	0.25	0.0	0.0
2017-08-10 12:49:00.550	0.0	0.25	0.0	0.0
2017-08-10 12:49:00.600	0.0	0.25	0.0	0.0
2017-08-10 12:49:00.650	0.0	0.25	0.0	0.0
2017-08-10 12:49:00.700	0.0	0.25	0.0	0.0
2017-08-10 12:49:00.750	0.0	0.25	0.0	0.0
2017-08-10 12:49:00.800	0.0	0.25	0.0	0.0
2017-08-10 12:49:00.850	0.0	0.25	0.0	0.0
2017-08-10 12:49:00.900	0.0	0.25	0.0	0.0
2017-08-10 12:49:00.950	0.0	0.25	0.0	0.0
2017-08-10 12:49:01.000	0.0	0.25	0.0	0.0
2017-08-10 12:49:01.050	0.0	0.25	0.0	0.0
2017-08-10 12:49:01.100	0.0	0.25	0.0	0.0
2017-08-10 12:49:01.150	0.0	0.25	0.0	0.0
2017-08-10 12:49:01.200	0.0	0.25	0.0	0.0
2017-08-10 12:49:01.250	0.0	0.25	0.0	0.0
2017-08-10 12:49:01.300	0.0	0.25	0.0	0.0
2017-08-10 12:49:01.350	0.0	0.25	0.0	0.0
2017-08-10 12:49:01.400	0.0	0.25	0.0	0.0
2017-08-10 12:49:01.450	0.0	0.25	0.0	0.0
2017-08-10 12:49:01.500	0.0	0.25	0.0	0.0
2017-08-10 12:49:01.550	0.0	0.25	0.0	0.0
2017-08-10 12:49:01.600	0.0	0.25	0.0	0.0
2017-08-10 12:49:01.650	0.0	0.25	0.0	0.0
2017-08-10 12:49:01.700	0.0	0.25	0.0	0.0
2017-08-10 12:49:01.750	0.0	0.25	0.0	0.0
2017-08-10 12:49:01.800	0.0	0.25	0.0	0.0
2017-08-10 12:49:01.850	0.0	0.25	0.0	0.0
2017-08-10 12:49:01.900	0.0	0.25	0.0	0.0
2017-08-10 12:49:01.950	0.0	0.25	0.0	0.0
2017-08-10 12:49:02.000	0.0	0.25	0.0	0.0
2017-08-10 12:49:02.050	0.0	0.25	0.0	0.0
2017-08-10 12:49:02.100	0.0	0.25	0.0	0.0
2017-08-10 12:49:02.150	0.0	0.25	0.0	0.0
2017-08-10 12:49:02.200	0.0	0.25	0.0	0.0
2017-08-10 12:49:02.250	0.0	0.125	0.0	0.0
2017-08-10 12:49:02.300	0.25	0.0	0.0	0.0
2017-08-10 12:49:02.350	0.25	0.0	0.0	0.0
2017-08-10 12:49:02.400	0.25	0.0	0.0	0.0
2017-08-10 12:49:02.450	0.25	0.0	0.0	0.0
2017-08-10 12:49:02.500	0.25	0.0	0.0	0.0
2017-08-10 12:49:02.550	0.25	0.0	0.0	0.0
2017-08-10 12:49:02.600	0.25	0.0	0.0	0.0
2017-08-10 12:49:02.650	0.25	0.0	0.0	0.0
2017-08-10 12:49:02.700	0.25	0.0	0.0	0.0
2017-08-10 12:49:02.750	0.25	0.0	0.0	0.0
2017-08-10 12:49:02.800	0.25	0.0	0.0	0.0
2017-08-10 12:49:02.850	0.25	0.0	0.0	0.0
2017-08-10 12:49:02.900	0.25	0.0	0.0	0.0
2017-08-10 12:49:02.950	0.25	0.0	0.0	0.0
2017-08-10 12:49:03.000	0.25	0.0	0.0	0.0
2017-08-10 12:49:03.050	0.25	0.0	0.0	0.0
2017-08-10 12:49:03.100	0.25	0.0	0.0	0.0
2017-08-10 12:49:03.150	0.25	0.0	0.0	0.0
2017-08-10 12:49:03.200	0.25	0.0	0.0	0.0
2017-08-10 12:49:03.250	0.25	0.0	0.0	0.0
2017-08-10 12:49:03.300	0.25	0.0	0.0	0.0
2017-08-10 12:49:03.350	0.25	0.0	0.0	0.0
2017-08-10 12:49:03.400	0.25	0.0	0.0	0.0
2017-08-10 12:49:03.450	0.25	0.0	0.0	0.0
2017-08-10 12:49:03.500	0.25	0.0	0.0	0.0
2017-08-10 12:49:03.550	0.25	0.0	0.0	0.0
2017-08-10 12:49:03.600	0.25	0.0	0.0	0.0
2017-08-10 12:49:03.650	0.25	0.0	0.0	0.0
2017-08-10 12:49:03.700	0.25	0.0	0.0	0.0
2017-08-10 12:49:03.750	0.25	0.0	0.0	0.0
2017-08-10 12:49:03.800	0.25	0.0	0.0	0.0
2017-08-10 12:49:03.850	0.25	0.0	0.0	0.0
2017-08-10 12:49:03.900	0.25	0.0	0.0	0.0
2017-08-10 12:49:03.950	0.25	0.0	0.0	0.0
2017-08-10 12:49:04.000	0.25	0.0	0.0	0.0
2017-08-10 12:49:04.050	0.25	0.0	0.0	0.0
2017-08-10 12:49:04.100	0.25	0.0	0.0	0.0
2017-08-10 12:49:04.150	0.25	0.0	0.0	0.0
2017-08-10 12:49:04.200	0.25	0.0	0.0	0.0
2017-08-10 12:49:04.250	0.25	0.0	0.0	0.0
2017-08-10 12:49:04.300	0.25	0.0	0.0	0.0
2017-08-10 12:49:04.350	0.25	0.0	0.0	0.0
2017-08-10 12:49:04.400	0.25	0.0	0.0	0.0
2017-08-10 12:49:04.450	0.25	0.0	0.0	0.0
2017-08-10 12:49:04.500	0.25	0.0	0.0	0.0
2017-08-10 12:49:04.550	0.25	0.0	0.0	0.0
2017-08-10 12:49:04.600	0.25	0.0	0.0	0.0
2017-08-10 12:49:04.650	0.25	0.0	0.0	0.0
2017-08-10 12:49:04.700	0.25	0.0	0.0	0.0
2017-08-10 12:49:04.750	0.25	0.0	0.0	0.0
2017-08-10 12:49:04.800	0.25	0.0	0.0	0.0
2017-08-10 12:49:04.850	0.25	0.0	0.0	0.0
2017-08-10 12:49:04.900	0.25	0.0	0.0	0.0
2017-08-10 12:49:04.950	0.25	0.0	0.0	0.0
2017-08-10 12:49:05.000	0.25	0.0	0.0	0.0
2017-08-10 12:49:05.050	0.25	0.0	0.0	0.0
2017-08-10 12:49:05.100	0.25	0.0	0.0	0.0
2017-08-10 12:49:05.150	0.25	0.0	0.0	0.0
2017-08-10 12:49:05.200	0.25	0.0	0.0	0.0
2017-08-10 12:49:05.250	0.25	0.0	0.0	0.0
2017-08-10 12:49:05.300	0.25	0.0	0.0	0.0
2017-08-10 12:49:05.350	0.25	0.0	0.0	0.0
2017-08-10 12:49:05.400	0.25	0.0	0.0	0.0
2017-08-10 12:49:05.450	0.25	0.0	0.0	0.0
2017-08-10 12:49:05.500	0.25	0.0	0.0	0.0
2017-08-10 12:49:05.550	0.25	0.0	0.0	0.0
2017-08-10 12:49:05.600	0.25	0.0	0.0	0.0
2017-08-10 12:49:05.650	0.25	0.0	0.0	0.0
2017-08-10 12:49:05.700	0.125	0.0	0.0	0.0
2017-08-10 12:49:05.750	0.0	0.0	0.25	0.0
2017-08-10 12:49:05.800	0.0	0.0	0.25	0.0
2017-08-10 12:49:05.850	0.0	0.0	0.25	0.0
2017-08-10 12:49:05.900	0.0	0.0	0.25	0.0
2017-08-10 12:49:05.950	0.0	0.0	0.25	0.0
2017-08-10 12:49:06.000	0.0	0.0	0.25	0.0
2017-08-10 12:49:06.050	0.0	0.0	0.25	0.0
2017-08-10 12:49:06.100	0.0	0.0	0.25	0.0
2017-08-10 12:49:06.150	0.0	0.0	0.25	0.0
2017-08-10 12:49:06.200	0.0	0.0	0.25	0.0
2017-08-10 12:49:06.250	0.0	0.0	0.25	0.0
2017-08-10 12:49:06.300	0.0	0.0	0.25	0.0
2017-08-10 12:49:06.350	0.0	0.0	0.25	0.0
2017-08-10 12:49:06.400	0.0	0.0	0.25	0.0
2017-08-10 12:49:06.450	0.0	0.0	0.25	0.0
2017-08-10 12:49:06.500	0.0	0.0	0.25	0.0
2017-08-10 12:49:06.550	0.0	0.0	0.25	0.0
2017-08-10 12:49:06.600	0.0	0.0	0.25	0.0
2017-08-10 12:49:06.650	0.0	0.0	0.25	0.0
2017-08-10 12:49:06.700	0.0	0.0	0.25	0.0
2017-08-10 12:49:06.750	0.0	0.0	0.25	0.0
2017-08-10 12:49:06.800	0.0	0.0	0.25	0.0
2017-08-10 12:49:06.850	0.0	0.0	0.25	0.0
2017-08-10 12:49:06.900	0.0	0.0	0.25	0.0
2017-08-10 12:49:06.950	0.0	0.0	0.25	0.0
2017-08-10 12:49:07.000	0.0	0.0	0.25	0.0
2017-08-10 12:49:07.050	0.0	0.0	0.25	0.0
2017-08-10 12:49:07.100	0.0	0.0	0.25	0.0
2017-08-10 12:49:07.150	0.0	0.0	0.25	0.0
2017-08-10 12:49:07.200	0.0	0.0	0.25	0.0
2017-08-10 12:49:07.250	0.0	0.0	0.25	0.0
2017-08-10 12:49:07.300	0.0	0.0	0.25	0.0
2017-08-10 12:49:07.350	0.0	0.0	0.25	0.0
2017-08-10 12:49:07.400	0.0	0.0	0.25	0.0
2017-08-10 12:49:07.450	0.0	0.0	0.25	0.0
2017-08-10 12:49:07.500	0.0	0.0	0.25	0.0
2017-08-10 12:49:07.550	0.0	0.0	0.25	0.0
2017-08-10 12:49:07.600	0.0	0.0	0.25	0.0
2017-08-10 12:49:07.650	0.0	0.0	0.25	0.0
2017-08-10 12:49:07.700	0.0	0.0	0.25	0.0
2017-08-10 12:49:07.750	0.0	0.0	0.25	0.0
2017-08-10 12:49:07.800	0.0	0.0	0.25	0.0
2017-08-10 12:49:07.850	0.0	0.0	0.25	0.0
2017-08-10 12:49:07.900	0.0	0.0	0.25	0.0
2017-08-10 12:49:07.950	0.0	0.0	0.25	0.0
2017-08-10 12:49:08.000	0.0	0.0	0.25	0.0
2017-08-10 12:49:08.050	0.0	0.0	0.25	0.0
2017-08-10 12:49:08.100	0.0	0.0	0.25	0.0
2017-08-10 12:49:08.150	0.0	0.0	0.25	0.0
2017-08-10 12:49:08.200	0.0	0.0	0.25	0.0
2017-08-10 12:49:08.250	0.0	0.0	0.25	0.0
2017-08-10 12:49:08.300	0.0	0.0	0.25	0.0
2017-08-10 12:49:08.350	0.0	0.0	0.25	0.0
2017-08-10 12:49:08.400	0.0	0.0	0.25	0.0
2017-08-10 12:49:08.450	0.0	0.0	0.25	0.0
2017-08-10 12:49:08.500	0.0	0.0	0.25	0.0
2017-08-10 12:49:08.550	0.0	0.0	0.25	0.0
2017-08-10 12:49:08.600	0.0	0.0	0.25	0.0
2017-08-10 12:49:08.650	0.0	0.0	0.25	0.0
2017-08-10 12:49:08.700	0.0	0.0	0.25	0.0
2017-08-10 12:49:08.750	0.0	0.0	0.25	0.0
2017-08-10 12:49:08.800	0.0	0.0	0.25	0.0
2017-08-10 12:49:08.850	0.0	0.0	0.25	0.0
2017-08-10 12:49:08.900	0.0	0.0	0.25	0.0
2017-08-10 12:49:08.950	0.0	0.0	0.25	0.0
2017-08-10 12:49:09.000	0.0	0.0	0.25	0.0
2017-08-10 12:49:09.050	0.0	0.0	0.25	0.0
2017-08-10 12:49:09.100	0.0	0.0	0.25	0.0
2017-08-10 12:49:09.150	0.0	0.0	0.25	0.0
2017-08-10 12:49:09.200	0.0	0.0	0.25	0.0
2017-08-10 12:49:09.250	0.0	0.0	0.25	0.0
2017-08-10 12:49:09.300	0.0	0.0	0.25	0.0
2017-08-10 12:49:09.350	0.0	0.0	0.25	0.0
2017-08-10 12:49:09.400	0.0	0.0	0.25	0.0
2017-08-10 12:49:09.450	0.0	0.0	0.25	0.0
2017-08-10 12:49:09.500	0.0	0.0	0.25	0.0
2017-08-10 12:49:09.550	0.0	0.0	0.25	0.0
2017-08-10 12:49:09.600	0.0	0.0	0.25	0.0
2017-08-10 12:49:09.650	0.0	0.0	0.25	0.0
2017-08-10 12:49:09.700	0.0	0.0	0.0	0.0
2017-08-10 12:49:09.750	0.0	0.0	0.0	0.0
2017-08-10 12:49:09.800	0.0	0.0	0.0	0.0
2017-08-10 12:49:09.850	-0.25	0.0	0.0	0.0
2017-08-10 12:49:09.900	-0.25	0.0	0.0	0.0
2017-08-10 12:49:09.950	-0.25	0.0	0.0	0.0
2017-08-10 12:49:10.000	-0.25	0.0	0.0	0.0
2017-08-10 12:49:10.050	-0.25	0.0	0.0	0.0
2017-08-10 12:49:10.100	-0.25	0.0	0.0	0.0
2017-08-10 12:49:10.150	-0.25	0.0	0.0	0.0
2017-08-10 12:49:10.200	-0.25	0.0	0.0	0.0
2017-08-10 12:49:10.250	-0.25	0.0	0.0	0.0
2017-08-10 12:49:10.300	-0.25	0.0	0.0	0.0
2017-08-10 12:49:10.350	-0.25	0.0	0.0	0.0
2017-08-10 12:49:10.400	-0.25	0.0	0.0	0.0
2017-08-10 12:49:10.450	-0.25	0.0	0.0	0.0
2017-08-10 12:49:10.500	-0.25	0.0	0.0	0.0
2017-08-10 12:49:10.550	-0.25	0.0	0.0	0.0
2017-08-10 12:49:10.600	-0.25	0.0	0.0	0.0
2017-08-10 12:49:10.650	-0.25	0.0	0.0	0.0
2017-08-10 12:49:10.700	-0.25	0.0	0.0	0.0
2017-08-10 12:49:10.750	-0.25	0.0	0.0	0.0
2017-08-10 12:49:10.800	-0.25	0.0	0.0	0.0
2017-08-10 12:49:10.850	-0.25	0.0	0.0	0.0
2017-08-10 12:49:10.900	-0.25	0.0	0.0	0.0
2017-08-10 12:49:10.950	-0.25	0.0	0.0	0.0
2017-08-10 12:49:11.000	-0.25	0.0	0.0	0.0
2017-08-10 12:49:11.050	-0.25	0.0	0.0	0.0
2017-08-10 12:49:11.100	-0.25	0.0	0.0	0.0
2017-08-10 12:49:11.150	-0.25	0.0	0.0	0.0
2017-08-10 12:49:11.200	-0.25	0.0	0.0	0.0
2017-08-10 12:49:11.250	-0.25	0.0	0.0	0.0
2017-08-10 12:49:11.300	-0.25	0.0	0.0	0.0
2017-08-10 12:49:11.350	-0.25	0.0	0.0	0.0
2017-08-10 12:49:11.400	-0.25	0.0	0.0	0.0
2017-08-10 12:49:11.450	-0.25	0.0	0.0	0.0
2017-08-10 12:49:11.500	-0.25	0.0	0.0	0.0
2017-08-10 12:49:11.550	-0.25	0.0	0.0	0.0
2017-08-10 12:49:11.600	-0.25	0.0	0.0	0.0
2017-08-10 12:49:11.650	-0.25	0.0	0.0	0.0
2017-08-10 12:49:11.700	-0.25	0.0	0.0	0.0
2017-08-10 12:49:11.750	-0.25	0.0	0.0	0.0
2017-08-10 12:49:11.800	-0.25	0.0	0.0	0.0
2017-08-10 12:49:11.850	-0.25	0.0	0.0	0.0
2017-08-10 12:49:11.900	-0.25	0.0	0.0	0.0
2017-08-10 12:49:11.950	-0.25	0.0	0.0	0.0
2017-08-10 12:49:12.000	-0.25	0.0	0.0	0.0
2017-08-10 12:49:12.050	-0.25	0.0	0.0	0.0
2017-08-10 12:49:12.100	-0.25	0.0	0.0	0.0
2017-08-10 12:49:12.150	-0.25	0.0	0.0	0.0
2017-08-10 12:49:12.200	-0.25	0.0	0.0	0.0
2017-08-10 12:49:12.250	-0.25	0.0	0.0	0.0
2017-08-10 12:49:12.300	-0.25	0.0	0.0	0.0
2017-08-10 12:49:12.350	-0.25	0.0	0.0	0.0
2017-08-10 12:49:12.400	-0.25	0.0	0.0	0.0
2017-08-10 12:49:12.450	-0.25	0.0	0.0	0.0
2017-08-10 12:49:12.500	-0.25	0.0	0.0	0.0
2017-08-10 12:49:12.550	-0.25	0.0	0.0	0.0
2017-08-10 12:49:12.600	-0.25	0.0	0.0	0.0
2017-08-10 12:49:12.650	-0.25	0.0	0.0	0.0
2017-08-10 12:49:12.700	-0.25	0.0	0.0	0.0
2017-08-10 12:49:12.750	-0.25	0.0	0.0	0.0
2017-08-10 12:49:12.800	-0.25	0.0	0.0	0.0
2017-08-10 12:49:12.850	-0.25	0.0	0.0	0.0
2017-08-10 12:49:12.900	-0.25	0.0	0.0	0.0
2017-08-10 12:49:12.950	-0.25	0.0	0.0	0.0
2017-08-10 12:49:13.000	-0.25	0.0	0.0	0.0
2017-08-10 12:49:13.050	-0.25	0.0	0.0	0.0
2017-08-10 12:49:13.100	-0.25	0.0	0.0	0.0
2017-08-10 12:49:13.150	-0.25	0.0	0.0	0.0
2017-08-10 12:49:13.200	-0.25	0.0	0.0	0.0
2017-08-10 12:49:13.250	-0.25	0.0	0.0	0.0
2017-08-10 12:49:13.300	-0.25	0.0	0.0	0.0
2017-08-10 12:49:13.350	-0.25	0.0	0.0	0.0
2017-08-10 12:49:13.400	-0.25	0.0	0.0	0.0
2017-08-10 12:49:13.450	-0.125	0.0	0.0	0.0
2017-08-10 12:49:13.500	0.25	0.0	0.0	0.0
2017-08-10 12:49:13.550	0.25	0.0	0.0	0.0
2017-08-10 12:49:13.600	0.25	0.0	0.0	0.0
2017-08-10 12:49:13.650	0.25	0.0	0.0	0.0
2017-08-10 12:49:13.700	0.25	0.0	0.0	0.0
2017-08-10 12:49:13.750	0.25	0.0	0.0	0.0
2017-08-10 12:49:13.800	0.25	0.0	0.0	0.0
2017-08-10 12:49:13.850	0.25	0.0	0.0	0.0
2017-08-10 12:49:13.900	0.25	0.0	0.0	0.0
2017-08-10 12:49:13.950	0.25	0.0	0.0	0.0
2017-08-10 12:49:14.000	0.25	0.0	0.0	0.0
2017-08-10 12:49:14.050	0.25	0.0	0.0	0.0
2017-08-10 12:49:14.100	0.25	0.0	0.0	0.0
2017-08-10 12:49:14.150	0.25	0.0	0.0	0.0
2017-08-10 12:49:14.200	0.25	0.0	0.0	0.0
2017-08-10 12:49:14.250	0.25	0.0	0.0	0.0
2017-08-10 12:49:14.300	0.25	0.0	0.0	0.0
2017-08-10 12:49:14.350	0.25	0.0	0.0	0.0
2017-08-10 12:49:14.400	0.25	0.0	0.0	0.0
2017-08-10 12:49:14.450	0.25	0.0	0.0	0.0
2017-08-10 12:49:14.500	0.25	0.0	0.0	0.0
2017-08-10 12:49:14.550	0.25	0.0	0.0	0.0
2017-08-10 12:49:14.600	0.25	0.0	0.0	0.0
2017-08-10 12:49:14.650	0.25	0.0	0.0	0.0
2017-08-10 12:49:14.700	0.25	0.0	0.0	0.0
2017-08-10 12:49:14.750	0.25	0.0	0.0	0.0
2017-08-10 12:49:14.800	0.25	0.0	0.0	0.0
2017-08-10 12:49:14.850	0.25	0.0	0.0	0.0
2017-08-10 12:49:14.900	0.25	0.0	0.0	0.0
2017-08-10 12:49:14.950	0.25	0.0	0.0	0.0
2017-08-10 12:49:15.000	0.25	0.0	0.0	0.0
2017-08-10 12:49:15.050	0.25	0.0	0.0	0.0
2017-08-10 12:49:15.100	0.25	0.0	0.0	0.0
2017-08-10 12:49:15.150	0.25	0.0	0.0	0.0
2017-08-10 12:49:15.200	0.25	0.0	0.0	0.0
2017-08-10 12:49:15.250	0.25	0.0	0.0	0.0
2017-08-10 12:49:15.300	0.25	0.0	0.0	0.0
2017-08-10 12:49:15.350	0.25	0.0	0.0	0.0
2017-08-10 12:49:15.400	0.25	0.0	0.0	0.0
2017-08-10 12:49:15.450	0.25	0.0	0.0	0.0
2017-08-10 12:49:15.500	0.25	0.0	0.0	0.0
2017-08-10 12:49:15.550	0.25	0.0	0.0	0.0
2017-08-10 12:49:15.600	0.25	0.0	0.0	0.0
2017-08-10 12:49:15.650	0.25	0.0	0.0	0.0
2017-08-10 12:49:15.700	0.25	0.0	0.0	0.0
2017-08-10 12:49:15.750	0.25	0.0	0.0	0.0
2017-08-10 12:49:15.800	0.25	0.0	0.0	0.0
2017-08-10 12:49:15.850	0.25	0.0	0.0	0.0
2017-08-10 12:49:15.900	0.25	0.0	0.0	0.0
2017-08-10 12:49:15.950	0.25	0.0	0.0	0.0
2017-08-10 12:49:16.000	0.25	0.0	0.0	0.0
2017-08-10 12:49:16.050	0.25	0.0	0.0	0.0
2017-08-10 12:49:16.100	0.25	0.0	0.0	0.0
2017-08-10 12:49:16.150	0.25	0.0	0.0	0.0
2017-08-10 12:49:16.200	0.25	0.0	0.0	0.0
2017-08-10 12:49:16.250	0.25	0.0	0.0	0.0
2017-08-10 12:49:16.300	0.25	0.0	0.0	0.0
2017-08-10 12:49:16.350	0.25	0.0	0.0	0.0
2017-08-10 12:49:16.400	0.25	0.0	0.0	0.0
2017-08-10 12:49:16.450	0.25	0.0	0.0	0.0
2017-08-10 12:49:16.500	0.25	0.0	0.0	0.0
2017-08-10 12:49:16.550	0.25	0.0	0.0	0.0
2017-08-10 12:49:16.600	0.25	0.0	0.0	0.0
2017-08-10 12:49:16.650	0.25	0.0	0.0	0.0
2017-08-10 12:49:16.700	0.25	0.0	0.0	0.0
2017-08-10 12:49:16.750	0.25	0.0	0.0	0.0
2017-08-10 12:49:16.800	0.25	0.0	0.0	0.0
2017-08-10 12:49:16.850	0.25	0.0	0.0	0.0
2017-08-10 12:49:16.900	0.25	0.0	0.0	0.0
2017-08-10 12:49:16.950	0.25	0.0	0.0	0.0
2017-08-10 12:49:17.000	0.25	0.0	0.0	0.0
2017-08-10 12:49:17.050	0.25	0.0	0.0	0.0
2017-08-10 12:49:17.100	0.25	0.0	0.0	0.0
2017-08-10 12:49:17.150	0.25	0.0	0.0	0.0
2017-08-10 12:49:17.200	0.25	0.0	0.0	0.0
2017-08-10 12:49:17.250	0.25	0.0	0.0	0.0
2017-08-10 12:49:17.300	0.25	0.0	0.0	0.0
2017-08-10 12:49:17.350	0.0	0.0	0.0	0.25
2017-08-10 12:49:17.400	0.0	0.0	0.0	0.25
2017-08-10 12:49:17.450	0.0	0.0	0.0	0.25
2017-08-10 12:49:17.500	0.0	0.0	0.0	0.25
2017-08-10 12:49:17.550	0.0	0.0	0.0	0.25
2017-08-10 12:49:17.600	0.0	0.0	0.0	0.25
2017-08-10 12:49:17.650	0.0	0.0	0.0	0.25
2017-08-10 12:49:17.700	0.0	0.0	0.0	0.25
2017-08-10 12:49:17.750	0.0	0.0	0.0	0.25
2017-08-10 12:49:17.800	0.0	0.0	0.0	0.25
2017-08-10 12:49:17.850	0.0	0.0	0.0	0.25
2017-08-10 12:49:17.900	0.0	0.0	0.0	0.25
2017-08-10 12:49:17.950	0.0	0.0	0.0	0.25
2017-08-10 12:49:18.000	0.0	0.0	0.0	0.25
2017-08-10 12:49:18.050	0.0	0.0	0.0	0.25
2017-08-10 12:49:18.100	0.0	0.0	0.0	0.25
2017-08-10 12:49:18.150	0.0	0.0	0.0	0.08333333333333333
2017-08-10 12:49:18.200	0.0	0.0	0.25	0.0
2017-08-10 12:49:18.250	0.0	0.0	0.25	0.0
2017-08-10 12:49:18.300	0.0	0.0	0.25	0.0
2017-08-10 12:49:18.350	0.0	0.0	0.25	0.0
2017-08-10 12:49:18.400	0.0	0.0	0.25	0.0
2017-08-10 12:49:18.450	0.0	0.0	0.25	0.0
2017-08-10 12:49:18.500	0.0	0.0	0.25	0.0
2017-08-10 12:49:18.550	0.0	0.0	0.25	0.0
2017-08-10 12:49:18.600	0.0	0.0	0.25	0.0
2017-08-10 12:49:18.650	0.0	0.0	0.25	0.0
2017-08-10 12:49:18.700	0.0	0.0	0.25	0.0
2017-08-10 12:49:18.750	0.0	0.0	0.25	0.0
2017-08-10 12:49:18.800	0.0	0.0	0.25	0.0
2017-08-10 12:49:18.850	0.0	0.0	0.25	0.0
2017-08-10 12:49:18.900	0.0	0.0	0.25	0.0
2017-08-10 12:49:18.950	0.0	0.0	0.25	0.0
2017-08-10 12:49:19.000	0.0	0.0	0.25	0.0
2017-08-10 12:49:19.050	0.0	0.0	0.25	0.0
2017-08-10 12:49:19.100	0.0	0.0	0.25	0.0
2017-08-10 12:49:19.150	0.0	0.0	0.25	0.0
2017-08-10 12:49:19.200	0.0	0.0	0.25	0.0
2017-08-10 12:49:19.250	0.0	0.0	0.25	0.0
2017-08-10 12:49:19.300	0.0	0.0	0.25	0.0
2017-08-10 12:49:19.350	0.0	0.0	0.25	0.0
2017-08-10 12:49:19.400	0.0	0.0	0.25	0.0
2017-08-10 12:49:19.450	0.0	0.0	0.25	0.0
2017-08-10 12:49:19.500	0.0	0.0	0.25	0.0
2017-08-10 12:49:19.550	0.0	0.0	0.25	0.0
2017-08-10 12:49:19.600	0.0	0.0	0.25	0.0
2017-08-10 12:49:19.650	0.0	0.0	0.25	0.0
2017-08-10 12:49:19.700	0.0	0.0	0.25	0.0
2017-08-10 12:49:19.750	0.0	0.0	0.25	0.0
2017-08-10 12:49:19.800	0.0	0.0	0.25	0.0
2017-08-10 12:49:19.850	0.0	0.0	0.25	0.0
2017-08-10 12:49:19.900	0.0	0.0	0.25	0.0
2017-08-10 12:49:19.950	0.0	0.0	0.25	0.0
2017-08-10 12:49:20.000	0.0	0.0	0.25	0.0
2017-08-10 12:49:20.050	0.0	0.0	0.25	0.0
2017-08-10 12:49:20.100	0.0	0.0	0.25	0.0
2017-08-10 12:49:20.150	0.0	0.0	0.25	0.0
2017-08-10 12:49:20.200	0.0	0.0	0.25	0.0
2017-08-10 12:49:20.250	0.0	0.0	0.25	0.0
2017-08-10 12:49:20.300	0.0	0.0	0.25	0.0
2017-08-10 12:49:20.350	0.0	0.0	0.25	0.0
2017-08-10 12:49:20.400	0.0	0.0	0.25	0.0
2017-08-10 12:49:20.450	0.0	0.0	0.25	0.0
2017-08-10 12:49:20.500	0.0	0.0	0.25	0.0
2017-08-10 12:49:20.550	0.0	0.0	0.25	0.0
2017-08-10 12:49:20.600	0.0	0.0	0.25	0.0
2017-08-10 12:49:20.650	0.0	0.0	0.25	0.0
2017-08-10 12:49:20.700	0.0	0.0	0.25	0.0
2017-08-10 12:49:20.750	0.0	0.0	0.25	0.0
2017-08-10 12:49:20.800	0.0	0.0	0.25	0.0
2017-08-10 12:49:20.850	0.0	0.0	0.25	0.0
2017-08-10 12:49:20.900	0.0	0.0	0.25	0.0
2017-08-10 12:49:20.950	0.0	0.0	0.25	0.0
2017-08-10 12:49:21.000	0.0	0.0	0.25	0.0
2017-08-10 12:49:21.050	0.0	0.0	0.25	0.0
2017-08-10 12:49:21.100	0.0	0.0	0.25	0.0
2017-08-10 12:49:21.150	0.0	0.0	0.125	0.0
2017-08-10 12:49:21.200	0.0	0.0	0.0	0.0
2017-08-10 12:49:21.250	0.0	0.0	0.0	0.0
2017-08-10 12:49:21.300	0.0	0.0	0.0	0.0
2017-08-10 12:49:21.350	0.0	0.0	0.0	0.0
2017-08-10 12:49:21.400	0.0	0.0	0.0	-0.25
2017-08-10 12:49:21.450	0.0	0.0	0.0	-0.25
2017-08-10 12:49:21.500	0.0	0.0	0.0	-0.25
2017-08-10 12:49:21.550	0.0	0.0	0.0	-0.25
2017-08-10 12:49:21.600	0.0	0.0	0.0	-0.25
2017-08-10 12:49:21.650	0.0	0.0	0.0	-0.25
2017-08-10 12:49:21.700	0.0	0.0	0.0	-0.25
2017-08-10 12:49:21.750	0.0	0.0	0.0	-0.25
2017-08-10 12:49:21.800	0.0	0.0	0.0	-0.25
2017-08-10 12:49:21.850	0.0	0.0	0.0	-0.25
2017-08-10 12:49:21.900	0.0	0.0	0.0	-0.25
2017-08-10 12:49:21.950	0.0	0.0	0.0	-0.25
2017-08-10 12:49:22.000	0.0	0.0	0.0	-0.25
2017-08-10 12:49:22.050	0.0	0.0	0.0	-0.25
2017-08-10 12:49:22.100	0.0	0.0	0.0	-0.25
2017-08-10 12:49:22.150	0.0	0.0	0.0	-0.25
2017-08-10 12:49:22.200	0.0	0.0	0.0	-0.25
2017-08-10 12:49:22.250	0.0	0.0	0.0	-0.25
2017-08-10 12:49:22.300	0.0	0.0	0.0	-0.25
2017-08-10 12:49:22.350	0.0	0.0	0.0	-0.25
2017-08-10 12:49:22.400	0.0	0.0	0.0	-0.25
2017-08-10 12:49:22.450	0.0	0.0	0.0	-0.25
2017-08-10 12:49:22.500	0.0	0.0	0.0	-0.25
2017-08-10 12:49:22.550	0.0	0.0	0.0	-0.25
2017-08-10 12:49:22.600	0.0	0.0	0.0	-0.25
2017-08-10 12:49:22.650	0.0	0.0	0.0	-0.25
2017-08-10 12:49:22.700	0.0	0.0	0.0	-0.25
2017-08-10 12:49:22.750	0.0	0.0	0.0	-0.25
2017-08-10 12:49:22.800	0.0	0.0	0.0	-0.25
2017-08-10 12:49:22.850	0.0	0.0	0.0	-0.25
2017-08-10 12:49:22.900	0.0	0.0	0.0	-0.25
2017-08-10 12:49:22.950	0.0	0.0	0.0	-0.25
2017-08-10 12:49:23.000	0.0	0.0	0.0	-0.25
2017-08-10 12:49:23.050	0.0	0.0	0.0	-0.25
2017-08-10 12:49:23.100	0.0	0.0	0.0	-0.25
2017-08-10 12:49:23.150	0.0	0.0	0.0	-0.25
2017-08-10 12:49:23.200	0.0	0.0	0.0	-0.25
2017-08-10 12:49:23.250	0.0	0.0	0.0	-0.25
2017-08-10 12:49:23.300	0.0	0.0	0.0	-0.25
2017-08-10 12:49:23.350	0.0	0.0	0.0	-0.25
2017-08-10 12:49:23.400	0.0	0.0	0.0	-0.25
2017-08-10 12:49:23.450	0.0	0.0	0.0	-0.25
2017-08-10 12:49:23.500	0.0	0.0	0.0	-0.25
2017-08-10 12:49:23.550	0.0	0.0	0.0	-0.25
2017-08-10 12:49:23.600	0.0	0.0	0.0	-0.25
2017-08-10 12:49:23.650	0.0	0.0	0.0	-0.25
2017-08-10 12:49:23.700	0.0	0.0	0.0	-0.25
2017-08-10 12:49:23.750	0.0	0.0	0.0	-0.25
2017-08-10 12:49:23.800	0.0	0.0	0.0	-0.25
2017-08-10 12:49:23.850	0.0	0.0	0.0	-0.25
2017-08-10 12:49:23.900	0.0	0.0	0.0	-0.25
2017-08-10 12:49:23.950	0.0	0.0	0.0	-0.25
2017-08-10 12:49:24.000	0.0	0.0	0.0	-0.25
2017-08-10 12:49:24.050	0.0	0.0	0.0	-0.25
2017-08-10 12:49:24.100	0.0	0.0	0.0	-0.25
2017-08-10 12:49:24.150	0.0	0.0	0.0	-0.25
2017-08-10 12:49:24.200	0.0	0.0	0.0	-0.25
2017-08-10 12:49:24.250	0.0	0.0	0.0	-0.25
2017-08-10 12:49:24.300	0.0	0.0	0.0	-0.25
2017-08-10 12:49:24.350	0.0	0.0	0.0	-0.25
2017-08-10 12:49:24.400	0.0	0.0	0.0	-0.25
2017-08-10 12:49:24.450	0.0	0.0	0.0	-0.25
2017-08-10 12:49:24.500	0.0	0.0	0.0	-0.25
2017-08-10 12:49:24.550	0.0	0.0	0.0	-0.25
2017-08-10 12:49:24.600	0.0	0.0	0.0	-0.25
2017-08-10 12:49:24.650	0.0	0.0	0.0	-0.25
2017-08-10 12:49:24.700	0.0	0.0	0.0	-0.25
2017-08-10 12:49:24.750	0.0	0.0	0.0	-0.25
2017-08-10 12:49:24.800	0.0	0.0	0.0	-0.25
2017-08-10 12:49:24.850	0.0	0.0	0.0	-0.25
2017-08-10 12:49:24.900	0.0	0.0	0.0	-0.25
2017-08-10 12:49:24.950	0.0	0.0	0.0	-0.25
2017-08-10 12:49:25.000	0.0	0.0	0.0	-0.25
2017-08-10 12:49:25.050	0.0	0.0	0.0	-0.25
2017-08-10 12:49:25.100	0.0	0.0	0.0	-0.25
2017-08-10 12:49:25.150	0.0	0.0	0.0	-0.25
2017-08-10 12:49:25.200	0.0	0.0	0.0	-0.25
2017-08-10 12:49:25.250	0.0	0.0	0.0	-0.25
2017-08-10 12:49:25.300	0.0	0.0	0.0	-0.25
2017-08-10 12:49:25.350	0.0	0.0	0.0	-0.25
2017-08-10 12:49:25.400	0.0	0.0	0.0	-0.25
2017-08-10 12:49:25.450	0.0	0.0	0.0	-0.25
2017-08-10 12:49:25.500	0.0	0.0	0.0	-0.25
2017-08-10 12:49:25.550	0.0	0.0	0.0	-0.25
2017-08-10 12:49:25.600	0.0	0.0	0.0	-0.25
2017-08-10 12:49:25.650	0.0	0.0	0.0	-0.25
2017-08-10 12:49:25.700	0.0	0.0	0.0	-0.25
2017-08-10 12:49:25.750	0.0	0.0	0.0	-0.25
2017-08-10 12:49:25.800	0.0	0.0	0.0	-0.25
2017-08-10 12:49:25.850	0.0	0.0	0.0	-0.25
2017-08-10 12:49:25.900	0.0	0.0	0.0	-0.25
2017-08-10 12:49:25.950	0.0	0.0	0.0	-0.25
2017-08-10 12:49:26.000	0.0	0.0	0.0	-0.25
2017-08-10 12:49:26.050	0.0	0.0	0.0	-0.25
2017-08-10 12:49:26.100	0.0	0.0	0.0	-0.25
2017-08-10 12:49:26.150	0.0	0.0	0.0	-0.25
2017-08-10 12:49:26.200	0.0	0.0	0.0	-0.25
2017-08-10 12:49:26.250	0.0	0.0	0.0	-0.25
2017-08-10 12:49:26.300	0.0	0.0	0.0	-0.25
2017-08-10 12:49:26.350	0.0	0.0	0.0	-0.25
2017-08-10 12:49:26.400	0.0	0.0	0.0	-0.25
2017-08-10 12:49:26.450	0.0	0.0	0.0	-0.25
2017-08-10 12:49:26.500	0.0	0.0	0.0	-0.25
2017-08-10 12:49:26.550	0.0	0.0	0.0	-0.125
2017-08-10 12:49:26.600	0.0	0.0	0.0	0.0
2017-08-10 12:49:26.650	0.0	0.0	0.0	0.0
2017-08-10 12:49:26.700	0.0	0.0	0.0	0.0
2017-08-10 12:49:26.750	0.0	0.0	0.0	0.0
2017-08-10 12:49:26.800	0.0	-0.25	0.0	0.0
2017-08-10 12:49:26.850	0.0	-0.25	0.0	0.0
2017-08-10 12:49:26.900	0.0	-0.25	0.0	0.0
2017-08-10 12:49:26.950	0.0	-0.25	0.0	0.0
2017-08-10 12:49:27.000	0.0	-0.25	0.0	0.0
2017-08-10 12:49:27.050	0.0	-0.25	0.0	0.0
2017-08-10 12:49:27.100	0.0	-0.25	0.0	0.0
2017-08-10 12:49:27.150	0.0	-0.25	0.0	0.0
2017-08-10 12:49:27.200	0.0	-0.25	0.0	0.0
2017-08-10 12:49:27.250	0.0	-0.25	0.0	0.0
2017-08-10 12:49:27.300	0.0	-0.25	0.0	0.0
2017-08-10 12:49:27.350	0.0	-0.25	0.0	0.0
2017-08-10 12:49:27.400	0.0	-0.25	0.0	0.0
2017-08-10 12:49:27.450	0.0	-0.25	0.0	0.0
2017-08-10 12:49:27.500	0.0	-0.25	0.0	0.0
2017-08-10 12:49:27.550	0.0	-0.25	0.0	0.0
2017-08-10 12:49:27.600	0.0	-0.25	0.0	0.0
2017-08-10 12:49:27.650	0.0	-0.25	0.0	0.0
2017-08-10 12:49:27.700	0.0	-0.25	0.0	0.0
2017-08-10 12:49:27.750	0.0	-0.25	0.0	0.0
2017-08-10 12:49:27.800	0.0	-0.25	0.0	0.0
2017-08-10 12:49:27.850	0.0	-0.25	0.0	0.0
2017-08-10 12:49:27.900	0.0	-0.25	0.0	0.0
2017-08-10 12:49:27.950	0.0	-0.25	0.0	0.0
2017-08-10 12:49:28.000	0.0	-0.25	0.0	0.0
2017-08-10 12:49:28.050	0.0	-0.25	0.0	0.0
2017-08-10 12:49:28.100	0.0	-0.25	0.0	0.0
2017-08-10 12:49:28.150	0.0	-0.25	0.0	0.0
2017-08-10 12:49:28.200	0.0	-0.25	0.0	0.0
2017-08-10 12:49:28.250	0.0	-0.25	0.0	0.0
2017-08-10 12:49:28.300	0.0	-0.25	0.0	0.0
2017-08-10 12:49:28.350	0.0	-0.25	0.0	0.0
2017-08-10 12:49:28.400	0.0	-0.25	0.0	0.0
2017-08-10 12:49:28.450	0.0	-0.25	0.0	0.0
2017-08-10 12:49:28.500	0.0	-0.25	0.0	0.0
2017-08-10 12:49:28.550	0.0	-0.25	0.0	0.0
2017-08-10 12:49:28.600	0.0	-0.25	0.0	0.0
2017-08-10 12:49:28.650	0.0	-0.25	0.0	0.0
2017-08-10 12:49:28.700	0.0	-0.25	0.0	0.0
2017-08-10 12:49:28.750	0.0	-0.25	0.0	0.0
2017-08-10 12:49:28.800	0.0	-0.25	0.0	0.0
2017-08-10 12:49:28.850	0.0	-0.25	0.0	0.0
2017-08-10 12:49:28.900	0.0	-0.125	0.0	0.0
2017-08-10 12:49:28.950	0.25	0.0	0.0	0.0
2017-08-10 12:49:29.000	0.25	0.0	0.0	0.0
2017-08-10 12:49:29.050	0.25	0.0	0.0	0.0
2017-08-10 12:49:29.100	0.25	0.0	0.0	0.0
2017-08-10 12:49:29.150	0.25	0.0	0.0	0.0
2017-08-10 12:49:29.200	0.25	0.0	0.0	0.0
2017-08-10 12:49:29.250	0.25	0.0	0.0	0.0
2017-08-10 12:49:29.300	0.25	0.0	0.0	0.0
2017-08-10 12:49:29.350	0.25	0.0	0.0	0.0
2017-08-10 12:49:29.400	0.25	0.0	0.0	0.0
2017-08-10 12:49:29.450	0.25	0.0	0.0	0.0
2017-08-10 12:49:29.500	0.25	0.0	0.0	0.0
2017-08-10 12:49:29.550	0.25	0.0	0.0	0.0
2017-08-10 12:49:29.600	0.25	0.0	0.0	0.0
2017-08-10 12:49:29.650	0.25	0.0	0.0	0.0
2017-08-10 12:49:29.700	0.25	0.0	0.0	0.0
2017-08-10 12:49:29.750	0.25	0.0	0.0	0.0
2017-08-10 12:49:29.800	0.25	0.0	0.0	0.0
2017-08-10 12:49:29.850	0.25	0.0	0.0	0.0
2017-08-10 12:49:29.900	0.25	0.0	0.0	0.0
2017-08-10 12:49:29.950	0.25	0.0	0.0	0.0
2017-08-10 12:49:30.000	0.25	0.0	0.0	0.0
2017-08-10 12:49:30.050	0.25	0.0	0.0	0.0
2017-08-10 12:49:30.100	0.25	0.0	0.0	0.0
2017-08-10 12:49:30.150	0.25	0.0	0.0	0.0
2017-08-10 12:49:30.200	0.25	0.0	0.0	0.0
2017-08-10 12:49:30.250	0.25	0.0	0.0	0.0
2017-08-10 12:49:30.300	0.25	0.0	0.0	0.0
2017-08-10 12:49:30.350	0.25	0.0	0.0	0.0
2017-08-10 12:49:30.400	0.25	0.0	0.0	0.0
2017-08-10 12:49:30.450	0.25	0.0	0.0	0.0
2017-08-10 12:49:30.500	0.25	0.0	0.0	0.0
2017-08-10 12:49:30.550	0.25	0.0	0.0	0.0
2017-08-10 12:49:30.600	0.25	0.0	0.0	0.0
2017-08-10 12:49:30.650	0.25	0.0	0.0	0.0
2017-08-10 12:49:30.700	0.25	0.0	0.0	0.0
2017-08-10 12:49:30.750	0.25	0.0	0.0	0.0
2017-08-10 12:49:30.800	0.25	0.0	0.0	0.0
2017-08-10 12:49:30.850	0.25	0.0	0.0	0.0
2017-08-10 12:49:30.900	0.25	0.0	0.0	0.0
2017-08-10 12:49:30.950	0.25	0.0	0.0	0.0
2017-08-10 12:49:31.000	0.25	0.0	0.0	0.0
2017-08-10 12:49:31.050	0.25	0.0	0.0	0.0
2017-08-10 12:49:31.100	0.25	0.0	0.0	0.0
2017-08-10 12:49:31.150	0.25	0.0	0.0	0.0
2017-08-10 12:49:31.200	0.25	0.0	0.0	0.0
2017-08-10 12:49:31.250	0.25	0.0	0.0	0.0
2017-08-10 12:49:31.300	0.25	0.0	0.0	0.0
2017-08-10 12:49:31.350	0.25	0.0	0.0	0.0
2017-08-10 12:49:31.400	0.25	0.0	0.0	0.0
2017-08-10 12:49:31.450	0.25	0.0	0.0	0.0
2017-08-10 12:49:31.500	0.25	0.0	0.0	0.0
2017-08-10 12:49:31.550	0.25	0.0	0.0	0.0
2017-08-10 12:49:31.600	0.25	0.0	0.0	0.0
2017-08-10 12:49:31.650	0.125	0.0	0.0	0.0
2017-08-10 12:49:31.700	0.0	0.25	0.0	0.0
2017-08-10 12:49:31.750	0.0	0.25	0.0	0.0
2017-08-10 12:49:31.800	0.0	0.25	0.0	0.0
2017-08-10 12:49:31.850	0.0	0.25	0.0	0.0
2017-08-10 12:49:31.900	0.0	0.25	0.0	0.0
2017-08-10 12:49:31.950	0.0	0.25	0.0	0.0
2017-08-10 12:49:32.000	0.0	0.25	0.0	0.0
2017-08-10 12:49:32.050	0.0	0.25	0.0	0.0
2017-08-10 12:49:32.100	0.0	0.25	0.0	0.0
2017-08-10 12:49:32.150	0.0	0.25	0.0	0.0
2017-08-10 12:49:32.200	0.0	0.25	0.0	0.0
2017-08-10 12:49:32.250	0.0	0.25	0.0	0.0
2017-08-10 12:49:32.300	0.0	0.25	0.0	0.0
2017-08-10 12:49:32.350	0.0	0.25	0.0	0.0
2017-08-10 12:49:32.400	0.0	0.25	0.0	0.0
2017-08-10 12:49:32.450	0.0	0.25	0.0	0.0
2017-08-10 12:49:32.500	0.0	0.25	0.0	0.0
2017-08-10 12:49:32.550	0.0	0.25	0.0	0.0
2017-08-10 12:49:32.600	0.0	0.25	0.0	0.0
2017-08-10 12:49:32.650	0.0	0.25	0.0	0.0
2017-08-10 12:49:32.700	0.0	0.25	0.0	0.0
2017-08-10 12:49:32.750	0.0	0.25	0.0	0.0
2017-08-10 12:49:32.800	0.0	0.25	0.0	0.0
2017-08-10 12:49:32.850	0.0	0.25	0.0	0.0
2017-08-10 12:49:32.900	0.0	0.25	0.0	0.0
2017-08-10 12:49:32.950	0.0	0.25	0.0	0.0
2017-08-10 12:49:33.000	0.0	0.25	0.0	0.0
2017-08-10 12:49:33.050	0.0	0.25	0.0	0.0
2017-08-10 12:49:33.100	0.0	0.25	0.0	0.0
2017-08-10 12:49:33.150	0.0	0.25	0.0	0.0
2017-08-10 12:49:33.200	0.0	0.25	0.0	0.0
2017-08-10 12:49:33.250	0.0	0.25	0.0	0.0
2017-08-10 12:49:33.300	0.0	0.25	0.0	0.0
2017-08-10 12:49:33.350	0.0	0.25	0.0	0.0
2017-08-10 12:49:33.400	0.0	0.25	0.0	0.0
2017-08-10 12:49:33.450	0.0	0.25	0.0	0.0
2017-08-10 12:49:33.500	0.0	0.25	0.0	0.0
2017-08-10 12:49:33.550	0.0	0.25	0.0	0.0
2017-08-10 12:49:33.600	0.0	0.25	0.0	0.0
2017-08-10 12:49:33.650	0.0	0.25	0.0	0.0
2017-08-10 12:49:33.700	0.0	0.25	0.0	0.0
2017-08-10 12:49:33.750	0.0	0.25	0.0	0.0
2017-08-10 12:49:33.800	0.0	0.25	0.0	0.0
2017-08-10 12:49:33.850	0.0	0.25	0.0	0.0
2017-08-10 12:49:33.900	0.0	0.25	0.0	0.0
2017-08-10 12:49:33.950	0.0	0.25	0.0	0.0
2017-08-10 12:49:34.000	0.0	0.25	0.0	0.0
2017-08-10 12:49:34.050	0.0	0.25	0.0	0.0
2017-08-10 12:49:34.100	0.0	0.25	0.0	0.0
2017-08-10 12:49:34.150	0.0	0.25	0.0	0.0
2017-08-10 12:49:34.200	0.0	0.25	0.0	0.0
2017-08-10 12:49:34.250	0.0	0.25	0.0	0.0
2017-08-10 12:49:34.300	0.0	0.25	0.0	0.0
2017-08-10 12:49:34.350	0.0	0.25	0.0	0.0
2017-08-10 12:49:34.400	0.0	0.25	0.0	0.0
2017-08-10 12:49:34.450	0.0	0.25	0.0	0.0
2017-08-10 12:49:34.500	0.0	0.16666666666666666	0.0	0.0
2017-08-10 12:49:34.550	-0.25	0.0	0.0	0.0
2017-08-10 12:49:34.600	-0.25	0.0	0.0	0.0
2017-08-10 12:49:34.650	-0.25	0.0	0.0	0.0
2017-08-10 12:49:34.700	-0.25	0.0	0.0	0.0
2017-08-10 12:49:34.750	-0.25	0.0	0.0	0.0
2017-08-10 12:49:34.800	-0.25	0.0	0.0	0.0
2017-08-10 12:49:34.850	-0.25	0.0	0.0	0.0
2017-08-10 12:49:34.900	-0.25	0.0	0.0	0.0
2017-08-10 12:49:34.950	-0.25	0.0	0.0	0.0
2017-08-10 12:49:35.000	-0.25	0.0	0.0	0.0
2017-08-10 12:49:35.050	-0.25	0.0	0.0	0.0
2017-08-10 12:49:35.100	-0.25	0.0	0.0	0.0
2017-08-10 12:49:35.150	-0.25	0.0	0.0	0.0
2017-08-10 12:49:35.200	-0.25	0.0	0.0	0.0
2017-08-10 12:49:35.250	-0.25	0.0	0.0	0.0
2017-08-10 12:49:35.300	-0.25	0.0	0.0	0.0
2017-08-10 12:49:35.350	-0.25	0.0	0.0	0.0
2017-08-10 12:49:35.400	-0.25	0.0	0.0	0.0
2017-08-10 12:49:35.450	-0.25	0.0	0.0	0.0
2017-08-10 12:49:35.500	-0.25	0.0	0.0	0.0
2017-08-10 12:49:35.550	-0.25	0.0	0.0	0.0
2017-08-10 12:49:35.600	-0.25	0.0	0.0	0.0
2017-08-10 12:49:35.650	-0.25	0.0	0.0	0.0
2017-08-10 12:49:35.700	-0.25	0.0	0.0	0.0
2017-08-10 12:49:35.750	-0.25	0.0	0.0	0.0
2017-08-10 12:49:35.800	-0.25	0.0	0.0	0.0
2017-08-10 12:49:35.850	-0.25	0.0	0.0	0.0
2017-08-10 12:49:35.900	-0.25	0.0	0.0	0.0
2017-08-10 12:49:35.950	-0.25	0.0	0.0	0.0
2017-08-10 12:49:36.000	-0.25	0.0	0.0	0.0
2017-08-10 12:49:36.050	-0.25	0.0	0.0	0.0
2017-08-10 12:49:36.100	-0.25	0.0	0.0	0.0
2017-08-10 12:49:36.150	-0.25	0.0	0.0	0.0
2017-08-10 12:49:36.200	-0.25	0.0	0.0	0.0
2017-08-10 12:49:36.250	-0.25	0.0	0.0	0.0
2017-08-10 12:49:36.300	-0.25	0.0	0.0	0.0
2017-08-10 12:49:36.350	-0.25	0.0	0.0	0.0
2017-08-10 12:49:36.400	-0.25	0.0	0.0	0.0
2017-08-10 12:49:36.450	-0.25	0.0	0.0	0.0
2017-08-10 12:49:36.500	-0.25	0.0	0.0	0.0
2017-08-10 12:49:36.550	-0.25	0.0	0.0	0.0
2017-08-10 12:49:36.600	-0.25	0.0	0.0	0.0
2017-08-10 12:49:36.650	-0.25	0.0	0.0	0.0
2017-08-10 12:49:36.700	-0.25	0.0	0.0	0.0
2017-08-10 12:49:36.750	-0.25	0.0	0.0	0.0
2017-08-10 12:49:36.800	-0.25	0.0	0.0	0.0
2017-08-10 12:49:36.850	-0.25	0.0	0.0	0.0
2017-08-10 12:49:36.900	-0.25	0.0	0.0	0.0
2017-08-10 12:49:36.950	-0.25	0.0	0.0	0.0
2017-08-10 12:49:37.000	-0.25	0.0	0.0	0.0
2017-08-10 12:49:37.050	-0.25	0.0	0.0	0.0
2017-08-10 12:49:37.100	-0.25	0.0	0.0	0.0
2017-08-10 12:49:37.150	-0.25	0.0	0.0	0.0
2017-08-10 12:49:37.200	-0.25	0.0	0.0	0.0
2017-08-10 12:49:37.250	-0.25	0.0	0.0	0.0
2017-08-10 12:49:37.300	-0.25	0.0	0.0	0.0
2017-08-10 12:49:37.350	-0.25	0.0	0.0	0.0
2017-08-10 12:49:37.400	-0.25	0.0	0.0	0.0
2017-08-10 12:49:37.450	-0.25	0.0	0.0	0.0
2017-08-10 12:49:37.500	-0.25	0.0	0.0	0.0
2017-08-10 12:49:37.550	-0.25	0.0	0.0	0.0
2017-08-10 12:49:37.600	-0.25	0.0	0.0	0.0
2017-08-10 12:49:37.650	-0.25	0.0	0.0	0.0
2017-08-10 12:49:37.700	-0.25	0.0	0.0	0.0
2017-08-10 12:49:37.750	-0.25	0.0	0.0	0.0
2017-08-10 12:49:37.800	-0.25	0.0	0.0	0.0
2017-08-10 12:49:37.850	-0.25	0.0	0.0	0.0
2017-08-10 12:49:37.900	-0.25	0.0	0.0	0.0
2017-08-10 12:49:37.950	-0.25	0.0	0.0	0.0
2017-08-10 12:49:38.000	-0.25	0.0	0.0	0.0
2017-08-10 12:49:38.050	-0.25	0.0	0.0	0.0
2017-08-10 12:49:38.100	-0.25	0.0	0.0	0.0
2017-08-10 12:49:38.150	-0.25	0.0	0.0	0.0
2017-08-10 12:49:38.200	-0.25	0.0	0.0	0.0
2017-08-10 12:49:38.250	-0.25	0.0	0.0	0.0
2017-08-10 12:49:38.300	-0.25	0.0	0.0	0.0
2017-08-10 12:49:38.350	-0.25	0.0	0.0	0.0
2017-08-10 12:49:38.400	-0.25	0.0	0.0	0.0
2017-08-10 12:49:38.450	-0.25	0.0	0.0	0.0
2017-08-10 12:49:38.500	-0.25	0.0	0.0	0.0
2017-08-10 12:49:38.550	-0.25	0.0	0.0	0.0
2017-08-10 12:49:38.600	-0.25	0.0	0.0	0.0
2017-08-10 12:49:38.650	-0.25	0.0	0.0	0.0
2017-08-10 12:49:38.700	-0.25	0.0	0.0	0.0
2017-08-10 12:49:38.750	-0.25	0.0	0.0	0.0
2017-08-10 12:49:38.800	-0.25	0.0	0.0	0.0
2017-08-10 12:49:38.850	-0.25	0.0	0.0	0.0
2017-08-10 12:49:38.900	-0.25	0.0	0.0	0.0
2017-08-10 12:49:38.950	-0.25	0.0	0.0	0.0
2017-08-10 12:49:39.000	-0.25	0.0	0.0	0.0
2017-08-10 12:49:39.050	-0.25	0.0	0.0	0.0
2017-08-10 12:49:39.100	-0.25	0.0	0.0	0.0
2017-08-10 12:49:39.150	-0.25	0.0	0.0	0.0
2017-08-10 12:49:39.200	-0.25	0.0	0.0	0.0
2017-08-10 12:49:39.250	-0.25	0.0	0.0	0.0
2017-08-10 12:49:39.300	-0.25	0.0	0.0	0.0
2017-08-10 12:49:39.350	-0.25	0.0	0.0	0.0
2017-08-10 12:49:39.400	-0.25	0.0	0.0	0.0
2017-08-10 12:49:39.450	-0.25	0.0	0.0	0.0
2017-08-10 12:49:39.500	-0.25	0.0	0.0	0.0
2017-08-10 12:49:39.550	-0.25	0.0	0.0	0.0
2017-08-10 12:49:39.600	-0.25	0.0	0.0	0.0
2017-08-10 12:49:39.650	-0.25	0.0	0.0	0.0
2017-08-10 12:49:39.700	-0.25	0.0	0.0	0.0
2017-08-10 12:49:39.750	-0.25	0.0	0.0	0.0
2017-08-10 12:49:39.800	-0.25	0.0	0.0	0.0
2017-08-10 12:49:39.850	-0.25	0.0	0.0	0.0
2017-08-10 12:49:39.900	-0.25	0.0	0.0	0.0
2017-08-10 12:49:39.950	-0.25	0.0	0.0	0.0
2017-08-10 12:49:40.000	-0.25	0.0	0.0	0.0
2017-08-10 12:49:40.050	-0.25	0.0	0.0	0.0
2017-08-10 12:49:40.100	-0.25	0.0	0.0	0.0
2017-08-10 12:49:40.150	-0.25	0.0	0.0	0.0
2017-08-10 12:49:40.200	-0.25	0.0	0.0	0.0
2017-08-10 12:49:40.250	-0.25	0.0	0.0	0.0
2017-08-10 12:49:40.300	-0.25	0.0	0.0	0.0
2017-08-10 12:49:40.350	-0.25	0.0	0.0	0.0
2017-08-10 12:49:40.400	-0.25	0.0	0.0	0.0
2017-08-10 12:49:40.450	-0.25	0.0	0.0	0.0
2017-08-10 12:49:40.500	-0.25	0.0	0.0	0.0
2017-08-10 12:49:40.550	-0.25	0.0	0.0	0.0
2017-08-10 12:49:40.600	-0.25	0.0	0.0	0.0
2017-08-10 12:49:40.650	-0.25	0.0	0.0	0.0
2017-08-10 12:49:40.700	-0.25	0.0	0.0	0.0
2017-08-10 12:49:40.750	-0.25	0.0	0.0	0.0
2017-08-10 12:49:40.800	-0.25	0.0	0.0	0.0
2017-08-10 12:49:40.850	-0.25	0.0	0.0	0.0
2017-08-10 12:49:40.900	-0.25	0.0	0.0	0.0
2017-08-10 12:49:40.950	-0.25	0.0	0.0	0.0
2017-08-10 12:49:41.000	-0.25	0.0	0.0	0.0
2017-08-10 12:49:41.050	-0.25	0.0	0.0	0.0
2017-08-10 12:49:41.100	-0.25	0.0	0.0	0.0
2017-08-10 12:49:41.150	-0.25	0.0	0.0	0.0
2017-08-10 12:49:41.200	-0.25	0.0	0.0	0.0
2017-08-10 12:49:41.250	-0.25	0.0	0.0	0.0
2017-08-10 12:49:41.300	-0.25	0.0	0.0	0.0
2017-08-10 12:49:41.350	-0.25	0.0	0.0	0.0
2017-08-10 12:49:41.400	-0.25	0.0	0.0	0.0
2017-08-10 12:49:41.450	-0.25	0.0	0.0	0.0
2017-08-10 12:49:41.500	-0.25	0.0	0.0	0.0
2017-08-10 12:49:41.550	-0.25	0.0	0.0	0.0
2017-08-10 12:49:41.600	-0.25	0.0	0.0	0.0
2017-08-10 12:49:41.650	-0.25	0.0	0.0	0.0
2017-08-10 12:49:41.700	-0.25	0.0	0.0	0.0
2017-08-10 12:49:41.750	-0.25	0.0	0.0	0.0
2017-08-10 12:49:41.800	-0.25	0.0	0.0	0.0
2017-08-10 12:49:41.850	-0.25	0.0	0.0	0.0
2017-08-10 12:49:41.900	-0.25	0.0	0.0	0.0
2017-08-10 12:49:41.950	-0.25	0.0	0.0	0.0
2017-08-10 12:49:42.000	0.0	0.0	0.0	0.0
2017-08-10 12:49:42.050	0.25	0.0	0.0	0.0
2017-08-10 12:49:42.100	0.25	0.0	0.0	0.0
2017-08-10 12:49:42.150	0.25	0.0	0.0	0.0
2017-08-10 12:49:42.200	0.25	0.0	0.0	0.0
2017-08-10 12:49:42.250	0.25	0.0	0.0	0.0
2017-08-10 12:49:42.300	0.25	0.0	0.0	0.0
2017-08-10 12:49:42.350	0.25	0.0	0.0	0.0
2017-08-10 12:49:42.400	0.25	0.0	0.0	0.0
2017-08-10 12:49:42.450	0.25	0.0	0.0	0.0
2017-08-10 12:49:42.500	0.25	0.0	0.0	0.0
2017-08-10 12:49:42.550	0.25	0.0	0.0	0.0
2017-08-10 12:49:42.600	0.25	0.0	0.0	0.0
2017-08-10 12:49:42.650	0.25	0.0	0.0	0.0
2017-08-10 12:49:42.700	0.25	0.0	0.0	0.0
2017-08-10 12:49:42.750	0.25	0.0	0.0	0.0
2017-08-10 12:49:42.800	0.25	0.0	0.0	0.0
2017-08-10 12:49:42.850	0.25	0.0	0.0	0.0
2017-08-10 12:49:42.900	0.25	0.0	0.0	0.0
2017-08-10 12:49:42.950	0.25	0.0	0.0	0.0
2017-08-10 12:49:43.000	0.25	0.0	0.0	0.0
2017-08-10 12:49:43.050	0.25	0.0	0.0	0.0
2017-08-10 12:49:43.100	0.25	0.0	0.0	0.0
2017-08-10 12:49:43.150	0.25	0.0	0.0	0.0
2017-08-10 12:49:43.200	0.25	0.0	0.0	0.0
2017-08-10 12:49:43.250	0.25	0.0	0.0	0.0
2017-08-10 12:49:43.300	0.25	0.0	0.0	0.0
2017-08-10 12:49:43.350	0.25	0.0	0.0	0.0
2017-08-10 12:49:43.400	0.25	0.0	0.0	0.0
2017-08-10 12:49:43.450	0.25	0.0	0.0	0.0
2017-08-10 12:49:43.500	0.25	0.0	0.0	0.0
2017-08-10 12:49:43.550	0.25	0.0	0.0	0.0
2017-08-10 12:49:43.600	0.25	0.0	0.0	0.0
2017-08-10 12:49:43.650	0.25	0.0	0.0	0.0
2017-08-10 12:49:43.700	0.25	0.0	0.0	0.0
2017-08-10 12:49:43.750	0.25	0.0	0.0	0.0
2017-08-10 12:49:43.800	0.25	0.0	0.0	0.0
2017-08-10 12:49:43.850	0.25	0.0	0.0	0.0
2017-08-10 12:49:43.900	0.25	0.0	0.0	0.0
2017-08-10 12:49:43.950	0.25	0.0	0.0	0.0
2017-08-10 12:49:44.000	0.25	0.0	0.0	0.0
2017-08-10 12:49:44.050	0.25	0.0	0.0	0.0
2017-08-10 12:49:44.100	0.25	0.0	0.0	0.0
2017-08-10 12:49:44.150	0.25	0.0	0.0	0.0
2017-08-10 12:49:44.200	0.25	0.0	0.0	0.0
2017-08-10 12:49:44.250	0.25	0.0	0.0	0.0
2017-08-10 12:49:44.300	0.25	0.0	0.0	0.0
2017-08-10 12:49:44.350	0.25	0.0	0.0	0.0
2017-08-10 12:49:44.400	0.25	0.0	0.0	0.0
2017-08-10 12:49:44.450	0.25	0.0	0.0	0.0
2017-08-10 12:49:44.500	0.25	0.0	0.0	0.0
2017-08-10 12:49:44.550	0.25	0.0	0.0	0.0
2017-08-10 12:49:44.600	0.25	0.0	0.0	0.0
2017-08-10 12:49:44.650	0.25	0.0	0.0	0.0
2017-08-10 12:49:44.700	0.25	0.0	0.0	0.0
2017-08-10 12:49:44.750	0.25	0.0	0.0	0.0
2017-08-10 12:49:44.800	0.25	0.0	0.0	0.0
2017-08-10 12:49:44.850	0.25	0.0	0.0	0.0
2017-08-10 12:49:44.900	0.25	0.0	0.0	0.0
2017-08-10 12:49:44.950	0.25	0.0	0.0	0.0
2017-08-10 12:49:45.000	0.25	0.0	0.0	0.0
2017-08-10 12:49:45.050	0.25	0.0	0.0	0.0
2017-08-10 12:49:45.100	0.25	0.0	0.0	0.0
2017-08-10 12:49:45.150	0.25	0.0	0.0	0.0
2017-08-10 12:49:45.200	0.25	0.0	0.0	0.0
2017-08-10 12:49:45.250	0.125	0.0	0.0	0.0
2017-08-10 12:49:45.300	0.0	0.0	0.25	0.0
2017-08-10 12:49:45.350	0.0	0.0	0.25	0.0
2017-08-10 12:49:45.400	0.0	0.0	0.25	0.0
2017-08-10 12:49:45.450	0.0	0.0	0.25	0.0
2017-08-10 12:49:45.500	0.0	0.0	0.25	0.0
2017-08-10 12:49:45.550	0.0	0.0	0.25	0.0
2017-08-10 12:49:45.600	0.0	0.0	0.25	0.0
2017-08-10 12:49:45.650	0.0	0.0	0.25	0.0
2017-08-10 12:49:45.700	0.0	0.0	0.25	0.0
2017-08-10 12:49:45.750	0.0	0.0	0.25	0.0
2017-08-10 12:49:45.800	0.0	0.0	0.25	0.0
2017-08-10 12:49:45.850	0.0	0.0	0.25	0.0
2017-08-10 12:49:45.900	0.0	0.0	0.25	0.0
2017-08-10 12:49:45.950	0.0	0.0	0.25	0.0
2017-08-10 12:49:46.000	0.0	0.0	0.25	0.0
2017-08-10 12:49:46.050	0.0	0.0	0.25	0.0
2017-08-10 12:49:46.100	0.0	0.0	0.25	0.0
2017-08-10 12:49:46.150	0.0	0.0	0.25	0.0
2017-08-10 12:49:46.200	0.0	0.0	0.25	0.0
2017-08-10 12:49:46.250	0.0	0.0	0.25	0.0
2017-08-10 12:49:46.300	0.0	0.0	0.25	0.0
2017-08-10 12:49:46.350	0.0	0.0	0.25	0.0
2017-08-10 12:49:46.400	0.0	0.0	0.25	0.0
2017-08-10 12:49:46.450	0.0	0.0	0.25	0.0
2017-08-10 12:49:46.500	0.0	0.0	0.25	0.0
2017-08-10 12:49:46.550	0.0	0.0	0.25	0.0
2017-08-10 12:49:46.600	0.0	0.0	0.25	0.0
2017-08-10 12:49:46.650	0.0	0.0	0.25	0.0
2017-08-10 12:49:46.700	0.0	0.0	0.25	0.0
2017-08-10 12:49:46.750	0.0	0.0	0.25	0.0
2017-08-10 12:49:46.800	0.0	0.0	0.25	0.0
2017-08-10 12:49:46.850	0.0	0.0	0.25	0.0
2017-08-10 12:49:46.900	0.0	0.0	0.25	0.0
2017-08-10 12:49:46.950	0.0	0.0	0.25	0.0
2017-08-10 12:49:47.000	0.0	0.0	0.25	0.0
2017-08-10 12:49:47.050	0.0	0.0	0.25	0.0
2017-08-10 12:49:47.100	0.0	0.0	0.25	0.0
2017-08-10 12:49:47.150	0.0	0.0	0.25	0.0
2017-08-10 12:49:47.200	0.0	0.0	0.25	0.0
2017-08-10 12:49:47.250	0.0	0.0	0.25	0.0
2017-08-10 12:49:47.300	0.0	0.0	0.25	0.0
2017-08-10 12:49:47.350	0.0	0.0	0.25	0.0
2017-08-10 12:49:47.400	0.0	0.0	0.25	0.0
2017-08-10 12:49:47.450	0.0	0.0	0.25	0.0
2017-08-10 12:49:47.500	0.0	0.0	0.25	0.0
2017-08-10 12:49:47.550	0.0	0.0	0.25	0.0
2017-08-10 12:49:47.600	0.0	0.0	0.25	0.0
2017-08-10 12:49:47.650	0.0	0.0	0.25	0.0
2017-08-10 12:49:47.700	0.0	0.0	0.25	0.0
2017-08-10 12:49:47.750	0.0	0.0	0.25	0.0
2017-08-10 12:49:47.800	0.0	0.0	0.25	0.0
2017-08-10 12:49:47.850	0.0	0.0	0.25	0.0
2017-08-10 12:49:47.900	0.0	0.0	0.25	0.0
2017-08-10 12:49:47.950	0.0	0.0	0.25	0.0
2017-08-10 12:49:48.000	0.0	0.0	0.25	0.0
2017-08-10 12:49:48.050	0.0	0.0	0.25	0.0
2017-08-10 12:49:48.100	0.0	0.0	0.25	0.0
2017-08-10 12:49:48.150	0.0	0.0	0.25	0.0
2017-08-10 12:49:48.200	0.0	0.0	0.25	0.0
2017-08-10 12:49:48.250	0.0	0.0	0.25	0.0
2017-08-10 12:49:48.300	0.0	0.0	0.25	0.0
2017-08-10 12:49:48.350	0.0	0.0	0.25	0.0
2017-08-10 12:49:48.400	0.0	0.0	0.25	0.0
2017-08-10 12:49:48.450	0.0	0.0	0.25	0.0
2017-08-10 12:49:48.500	0.0	0.0	0.25	0.0
2017-08-10 12:49:48.550	0.0	-0.08333333333333333	0.08333333333333333	0.0
2017-08-10 12:49:48.600	0.0	-0.25	0.0	0.0
2017-08-10 12:49:48.650	0.0	-0.25	0.0	0.0
2017-08-10 12:49:48.700	0.0	-0.25	0.0	0.0
2017-08-10 12:49:48.750	0.0	-0.25	0.0	0.0
2017-08-10 12:49:48.800	0.0	-0.25	0.0	0.0
2017-08-10 12:49:48.850	0.0	-0.25	0.0	0.0
2017-08-10 12:49:48.900	0.0	-0.125	0.0	0.0
2017-08-10 12:49:48.950	0.0	0.0	0.25	0.0
2017-08-10 12:49:49.000	0.0	0.0	0.25	0.0
2017-08-10 12:49:49.050	0.0	0.0	0.25	0.0
2017-08-10 12:49:49.100	0.0	0.0	0.25	0.0
2017-08-10 12:49:49.150	0.0	0.0	0.25	0.0
2017-08-10 12:49:49.200	0.0	0.0	0.25	0.0
2017-08-10 12:49:49.250	0.0	0.0	0.25	0.0
2017-08-10 12:49:49.300	0.0	0.0	0.25	0.0
2017-08-10 12:49:49.350	0.0	0.0	0.25	0.0
2017-08-10 12:49:49.400	0.0	0.0	0.25	0.0
2017-08-10 12:49:49.450	0.0	0.0	0.25	0.0
2017-08-10 12:49:49.500	0.0	0.0	0.25	0.0
2017-08-10 12:49:49.550	0.0	0.0	0.25	0.0
2017-08-10 12:49:49.600	0.0	0.0	0.25	0.0
2017-08-10 12:49:49.650	0.0	0.0	0.25	0.0
2017-08-10 12:49:49.700	0.0	0.0	0.25	0.0
2017-08-10 12:49:49.750	0.0	0.0	0.25	0.0
2017-08-10 12:49:49.800	0.0	0.0	0.25	0.0
2017-08-10 12:49:49.850	0.0	0.0	0.25	0.0
2017-08-10 12:49:49.900	0.0	0.0	0.25	0.0
2017-08-10 12:49:49.950	0.0	0.0	0.25	0.0
2017-08-10 12:49:50.000	0.0	0.0	0.25	0.0
2017-08-10 12:49:50.050	0.0	0.0	0.25	0.0
2017-08-10 12:49:50.100	0.0	0.0	0.25	0.0
2017-08-10 12:49:50.150	0.0	0.0	0.25	0.0
2017-08-10 12:49:50.200	0.0	0.0	0.25	0.0
2017-08-10 12:49:50.250	0.0	0.0	0.25	0.0
2017-08-10 12:49:50.300	0.0	0.0	0.25	0.0
2017-08-10 12:49:50.350	0.0	0.0	0.25	0.0
2017-08-10 12:49:50.400	0.0	0.0	0.25	0.0
2017-08-10 12:49:50.450	0.0	0.0	0.25	0.0
2017-08-10 12:49:50.500	0.0	0.0	0.25	0.0
2017-08-10 12:49:50.550	0.0	0.0	0.25	0.0
2017-08-10 12:49:50.600	0.0	0.0	0.25	0.0
2017-08-10 12:49:50.650	0.0	0.0	0.25	0.0
2017-08-10 12:49:50.700	0.0	0.0	0.25	0.0
2017-08-10 12:49:50.750	0.0	0.0	0.25	0.0
2017-08-10 12:49:50.800	0.0	0.0	0.25	0.0
2017-08-10 12:49:50.850	0.0	0.0	0.25	0.0
2017-08-10 12:49:50.900	0.0	0.0	0.25	0.0
2017-08-10 12:49:50.950	0.0	0.0	0.25	0.0
2017-08-10 12:49:51.000	0.0	0.0	0.25	0.0
2017-08-10 12:49:51.050	0.0	0.0	0.25	0.0
2017-08-10 12:49:51.100	0.0	0.0	0.25	0.0
2017-08-10 12:49:51.150	0.0	0.0	0.25	0.0
2017-08-10 12:49:51.200	0.0	0.0	0.25	0.0
2017-08-10 12:49:51.250	0.0	0.0	0.25	0.0
2017-08-10 12:49:51.300	0.0	0.0	0.25	0.0
2017-08-10 12:49:51.350	0.0	0.0	0.25	0.0
2017-08-10 12:49:51.400	0.0	0.0	0.25	0.0
2017-08-10 12:49:51.450	0.0	0.0	0.25	0.0
2017-08-10 12:49:51.500	0.0	0.0	0.25	0.0
2017-08-10 12:49:51.550	0.0	0.0	0.25	0.0
2017-08-10 12:49:51.600	0.0	0.0	0.25	0.0
2017-08-10 12:49:51.650	0.0	0.0	0.25	0.0
2017-08-10 12:49:51.700	0.0	0.0	0.25	0.0
2017-08-10 12:49:51.750	0.0	0.0	0.25	0.0
2017-08-10 12:49:51.800	0.0	0.0	0.25	0.0
2017-08-10 12:49:51.850	0.0	0.0	0.25	0.0
2017-08-10 12:49:51.900	0.0	0.0	0.25	0.0
2017-08-10 12:49:51.950	0.0	0.0	0.25	0.0
2017-08-10 12:49:52.000	0.0	0.0	0.25	0.0
2017-08-10 12:49:52.050	0.0	0.0	0.25	0.0
2017-08-10 12:49:52.100	0.0	0.0	0.25	0.0
2017-08-10 12:49:52.150	0.0	0.0	0.25	0.0
2017-08-10 12:49:52.200	0.0	0.0	0.25	0.0
2017-08-10 12:49:52.250	0.0	0.0	0.25	0.0
2017-08-10 12:49:52.300	0.0	0.0	0.25	0.0
2017-08-10 12:49:52.350	0.0	0.0	0.25	0.0
2017-08-10 12:49:52.400	0.0	0.0	0.25	0.0
2017-08-10 12:49:52.450	0.0	0.0	0.25	0.0
2017-08-10 12:49:52.500	0.0	0.0	0.25	0.0
2017-08-10 12:49:52.550	0.0	0.0	0.25	0.0
2017-08-10 12:49:52.600	0.0	0.0	0.25	0.0
2017-08-10 12:49:52.650	0.0	0.0	0.25	0.0
2017-08-10 12:49:52.700	0.0	0.0	0.25	0.0
2017-08-10 12:49:52.750	0.0	0.0	0.25	0.0
2017-08-10 12:49:52.800	0.0	0.0	0.25	0.0
2017-08-10 12:49:52.850	0.0	0.0	0.25	0.0
2017-08-10 12:49:52.900	0.0	0.0	0.0	0.0
2017-08-10 12:49:52.950	0.0	0.0	0.0	0.0
2017-08-10 12:49:53.000	0.0	0.0	0.0	0.0
2017-08-10 12:49:53.050	0.0	0.0	0.0	0.0
2017-08-10 12:49:53.100	0.0	0.0	0.0	0.0
2017-08-10 12:49:53.150	0.0	0.0	0.0	0.0
2017-08-10 12:49:53.200	0.0	0.0	0.0	0.0
2017-08-10 12:49:53.250	0.0	0.0	0.0	0.0
2017-08-10 12:49:53.300	0.0	0.0	0.0	0.0
2017-08-10 12:49:53.350	0.0	0.0	0.0	0.0
2017-08-10 12:49:53.400	0.0	0.0	0.0	0.0
2017-08-10 12:49:53.450	0.0	0.0	0.0	0.0
2017-08-10 12:49:53.500	0.0	0.0	0.0	0.0
2017-08-10 12:49:53.550	0.0	0.0	0.0	0.0
2017-08-10 12:49:53.600	0.0	0.0	0.0	0.0
2017-08-10 12:49:53.650	0.0	0.0	0.0	0.0
2017-08-10 12:49:53.700	0.0	0.0	0.0	0.0
2017-08-10 12:49:53.750	0.0	0.0	0.0	0.0
2017-08-10 12:49:53.800	0.0	0.0	0.0	0.0
2017-08-10 12:49:53.850	0.0	0.0	0.0	0.0
2017-08-10 12:49:53.900	0.0	0.0	0.0	0.0
2017-08-10 12:49:53.950	0.0	0.0	0.0	0.0
2017-08-10 12:49:54.000	0.0	0.0	0.0	0.0
2017-08-10 12:49:54.050	0.0	0.0	0.0	0.0
2017-08-10 12:49:54.100	0.0	0.0	0.0	0.0
2017-08-10 12:49:54.150	0.0	0.0	0.0	0.0
2017-08-10 12:49:54.200	0.0	0.0	0.0	0.0
2017-08-10 12:49:54.250	0.0	0.0	0.0	0.0
2017-08-10 12:49:54.300	0.0	0.0	0.0	0.0
2017-08-10 12:49:54.350	0.0	0.0	0.0	0.0
2017-08-10 12:49:54.400	0.0	0.0	0.0	0.0
2017-08-10 12:49:54.450	0.0	0.0	0.0	0.0
2017-08-10 12:49:54.500	0.0	0.0	0.0	0.0
2017-08-10 12:49:54.550	0.0	0.0	0.0	0.0
2017-08-10 12:49:54.600	0.0	0.0	0.0	0.0
2017-08-10 12:49:54.650	0.0	0.0	0.0	0.0
2017-08-10 12:49:54.700	0.0	0.0	0.0	0.0
2017-08-10 12:49:54.750	0.0	0.0	0.0	0.0
2017-08-10 12:49:54.800	0.0	0.0	0.0	0.0
2017-08-10 12:49:54.850	0.0	0.0	0.0	0.0
2017-08-10 12:49:54.900	0.0	0.0	0.0	0.0
2017-08-10 12:49:54.950	0.0	0.0	0.0	0.0
2017-08-10 12:49:55.000	0.0	0.0	0.0	0.0
2017-08-10 12:49:55.050	0.0	0.0	0.0	0.0
2017-08-10 12:49:55.100	0.0	0.0	0.0	0.0
2017-08-10 12:49:55.150	0.0	0.0	0.0	0.0
2017-08-10 12:49:55.200	0.0	0.0	0.0	0.0
2017-08-10 12:49:55.250	0.0	0.0	0.0	0.0
2017-08-10 12:49:55.300	0.0	0.0	0.0	0.0
2017-08-10 12:49:55.350	0.0	0.0	0.0	0.0
2017-08-10 12:49:55.400	0.0	0.0	0.0	0.0
2017-08-10 12:49:55.450	0.0	0.0	0.0	0.0
2017-08-10 12:49:55.500	0.0	0.0	0.0	0.0
2017-08-10 12:49:55.550	0.0	0.0	0.0	0.0
2017-08-10 12:49:55.600	0.0	0.0	0.0	0.0
2017-08-10 12:49:55.650	0.0	0.0	0.0	0.0
2017-08-10 12:49:55.700	0.0	0.0	0.0	0.0
2017-08-10 12:49:55.750	0.0	0.0	0.0	0.0
2017-08-10 12:49:55.800	0.0	0.0	0.0	0.0
2017-08-10 12:49:55.850	0.0	0.0	0.0	0.0
2017-08-10 12:49:55.900	0.0	0.0	0.0	0.0
2017-08-10 12:49:55.950	0.0	0.0	0.0	0.0
2017-08-10 12:49:56.000	0.0	0.0	0.0	0.0
2017-08-10 12:49:56.050	0.0	0.0	0.0	0.0
2017-08-10 12:49:56.100	0.0	0.0	0.0	0.0
2017-08-10 12:49:56.150	0.0	0.0	0.0	0.0
2017-08-10 12:49:56.200	0.0	0.0	0.0	0.0
